ps_code;ps_numero;ps_1;ps_2;ps_cs_code;ps_ti_code;ps_type;ps_fonct;ps_etat;ps_preaff;ps_comment;ps_creadat;ps_majdate;ps_majsrc;ps_abddate;ps_abdsrc
PS716000000001;1;;FO716000000001;CS716000000012;TI716000000002;;CO;NC;;;29/08/2022 00:00;;;;
PS716000000002;2;;FO716000000002;CS716000000012;TI716000000002;;CO;NC;;;29/08/2022 00:00;;;;
PS716000000003;3;;FO716000000003;CS716000000012;TI716000000002;;CO;NC;;;29/08/2022 00:00;;;;
PS716000000004;4;;FO716000000004;CS716000000012;TI716000000002;;CO;NC;;;29/08/2022 00:00;;;;
PS716000000005;5;;FO716000000005;CS716000000012;TI716000000002;;CO;NC;;;29/08/2022 00:00;;;;
PS716000000006;6;;FO716000000006;CS716000000012;TI716000000002;;CO;NC;;;29/08/2022 00:00;;;;
PS716000000007;7;;FO716000000007;CS716000000012;TI716000000002;;CO;NC;;;29/08/2022 00:00;;;;
PS716000000008;8;;FO716000000008;CS716000000012;TI716000000002;;CO;NC;;;29/08/2022 00:00;;;;
PS716000000009;9;;FO716000000009;CS716000000012;TI716000000002;;CO;NC;;;29/08/2022 00:00;;;;
PS716000000010;10;;FO716000000010;CS716000000012;TI716000000002;;CO;NC;;;29/08/2022 00:00;;;;
PS716000000011;11;;FO716000000011;CS716000000012;TI716000000002;;CO;NC;;;29/08/2022 00:00;;;;
PS716000000012;12;;FO716000000012;CS716000000012;TI716000000002;;CO;NC;;;29/08/2022 00:00;;;;
PS716000000013;13;;FO716000000013;CS716000000012;TI716000000002;;CO;NC;;;29/08/2022 00:00;;;;
PS716000000014;14;;FO716000000014;CS716000000012;TI716000000002;;CO;NC;;;29/08/2022 00:00;;;;
PS716000000015;15;;FO716000000015;CS716000000012;TI716000000002;;CO;NC;;;29/08/2022 00:00;;;;
PS716000000016;16;;FO716000000016;CS716000000012;TI716000000002;;CO;NC;;;29/08/2022 00:00;;;;
PS716000000017;17;;FO716000000017;CS716000000012;TI716000000002;;CO;NC;;;29/08/2022 00:00;;;;
PS716000000018;18;;FO716000000018;CS716000000012;TI716000000002;;CO;NC;;;29/08/2022 00:00;;;;
PS716000000019;19;;FO716000000019;CS716000000012;TI716000000002;;CO;NC;;;29/08/2022 00:00;;;;
PS716000000020;20;;FO716000000020;CS716000000012;TI716000000002;;CO;NC;;;29/08/2022 00:00;;;;
PS716000000021;21;;FO716000000021;CS716000000012;TI716000000002;;CO;NC;;;29/08/2022 00:00;;;;
PS716000000022;22;;FO716000000022;CS716000000012;TI716000000002;;CO;NC;;;29/08/2022 00:00;;;;
PS716000000023;23;;FO716000000023;CS716000000012;TI716000000002;;CO;NC;;;29/08/2022 00:00;;;;
PS716000000024;24;;FO716000000024;CS716000000012;TI716000000002;;CO;NC;;;29/08/2022 00:00;;;;
PS716000000025;1;;FO716000000025;CS716000000013;TI716000000002;;CO;NC;;;29/08/2022 00:00;;;;
PS716000000026;2;;FO716000000026;CS716000000013;TI716000000002;;CO;NC;;;29/08/2022 00:00;;;;
PS716000000027;3;;FO716000000027;CS716000000013;TI716000000002;;CO;NC;;;29/08/2022 00:00;;;;
PS716000000028;4;;FO716000000028;CS716000000013;TI716000000002;;CO;NC;;;29/08/2022 00:00;;;;
PS716000000029;5;;FO716000000029;CS716000000013;TI716000000002;;CO;NC;;;29/08/2022 00:00;;;;
PS716000000030;6;;FO716000000030;CS716000000013;TI716000000002;;CO;NC;;;29/08/2022 00:00;;;;
PS716000000031;7;;FO716000000031;CS716000000013;TI716000000002;;CO;NC;;;29/08/2022 00:00;;;;
PS716000000032;8;;FO716000000032;CS716000000013;TI716000000002;;CO;NC;;;29/08/2022 00:00;;;;
PS716000000033;9;;FO716000000033;CS716000000013;TI716000000002;;CO;NC;;;29/08/2022 00:00;;;;
PS716000000034;10;;FO716000000034;CS716000000013;TI716000000002;;CO;NC;;;29/08/2022 00:00;;;;
PS716000000035;11;;FO716000000035;CS716000000013;TI716000000002;;CO;NC;;;29/08/2022 00:00;;;;
PS716000000036;12;;FO716000000036;CS716000000013;TI716000000002;;CO;NC;;;29/08/2022 00:00;;;;
PS716000000037;13;;FO716000000037;CS716000000013;TI716000000002;;CO;NC;;;29/08/2022 00:00;;;;
PS716000000038;14;;FO716000000038;CS716000000013;TI716000000002;;CO;NC;;;29/08/2022 00:00;;;;
PS716000000039;15;;FO716000000039;CS716000000013;TI716000000002;;CO;NC;;;29/08/2022 00:00;;;;
PS716000000040;16;;FO716000000040;CS716000000013;TI716000000002;;CO;NC;;;29/08/2022 00:00;;;;
PS716000000041;17;;FO716000000041;CS716000000013;TI716000000002;;CO;NC;;;29/08/2022 00:00;;;;
PS716000000042;18;;FO716000000042;CS716000000013;TI716000000002;;CO;NC;;;29/08/2022 00:00;;;;
PS716000000043;19;;FO716000000043;CS716000000013;TI716000000002;;CO;NC;;;29/08/2022 00:00;;;;
PS716000000044;20;;FO716000000044;CS716000000013;TI716000000002;;CO;NC;;;29/08/2022 00:00;;;;
PS716000000045;21;;FO716000000045;CS716000000013;TI716000000002;;CO;NC;;;29/08/2022 00:00;;;;
PS716000000046;22;;FO716000000046;CS716000000013;TI716000000002;;CO;NC;;;29/08/2022 00:00;;;;
PS716000000047;23;;FO716000000047;CS716000000013;TI716000000002;;CO;NC;;;29/08/2022 00:00;;;;
PS716000000048;24;;FO716000000048;CS716000000013;TI716000000002;;CO;NC;;;29/08/2022 00:00;;;;
PS716000000049;1;;FO716000000049;CS716000000014;TI716000000002;;CO;NC;;;29/08/2022 00:00;;;;
PS716000000050;2;;FO716000000050;CS716000000014;TI716000000002;;CO;NC;;;29/08/2022 00:00;;;;
PS716000000051;3;;FO716000000051;CS716000000014;TI716000000002;;CO;NC;;;29/08/2022 00:00;;;;
PS716000000052;4;;FO716000000052;CS716000000014;TI716000000002;;CO;NC;;;29/08/2022 00:00;;;;
PS716000000053;5;;FO716000000053;CS716000000014;TI716000000002;;CO;NC;;;29/08/2022 00:00;;;;
PS716000000054;6;;FO716000000054;CS716000000014;TI716000000002;;CO;NC;;;29/08/2022 00:00;;;;
PS716000000055;7;;FO716000000055;CS716000000014;TI716000000002;;CO;NC;;;29/08/2022 00:00;;;;
PS716000000056;8;;FO716000000056;CS716000000014;TI716000000002;;CO;NC;;;29/08/2022 00:00;;;;
PS716000000057;9;;FO716000000057;CS716000000014;TI716000000002;;CO;NC;;;29/08/2022 00:00;;;;
PS716000000058;10;;FO716000000058;CS716000000014;TI716000000002;;CO;NC;;;29/08/2022 00:00;;;;
PS716000000059;11;;FO716000000059;CS716000000014;TI716000000002;;CO;NC;;;29/08/2022 00:00;;;;
PS716000000060;12;;FO716000000060;CS716000000014;TI716000000002;;CO;NC;;;29/08/2022 00:00;;;;
PS716000000061;13;;FO716000000061;CS716000000014;TI716000000002;;CO;NC;;;29/08/2022 00:00;;;;
PS716000000062;14;;FO716000000062;CS716000000014;TI716000000002;;CO;NC;;;29/08/2022 00:00;;;;
PS716000000063;15;;FO716000000063;CS716000000014;TI716000000002;;CO;NC;;;29/08/2022 00:00;;;;
PS716000000064;16;;FO716000000064;CS716000000014;TI716000000002;;CO;NC;;;29/08/2022 00:00;;;;
PS716000000065;17;;FO716000000065;CS716000000014;TI716000000002;;CO;NC;;;29/08/2022 00:00;;;;
PS716000000066;18;;FO716000000066;CS716000000014;TI716000000002;;CO;NC;;;29/08/2022 00:00;;;;
PS716000000067;19;;FO716000000067;CS716000000014;TI716000000002;;CO;NC;;;29/08/2022 00:00;;;;
PS716000000068;20;;FO716000000068;CS716000000014;TI716000000002;;CO;NC;;;29/08/2022 00:00;;;;
PS716000000069;21;;FO716000000069;CS716000000014;TI716000000002;;CO;NC;;;29/08/2022 00:00;;;;
PS716000000070;22;;FO716000000070;CS716000000014;TI716000000002;;CO;NC;;;29/08/2022 00:00;;;;
PS716000000071;23;;FO716000000071;CS716000000014;TI716000000002;;CO;NC;;;29/08/2022 00:00;;;;
PS716000000072;24;;FO716000000072;CS716000000014;TI716000000002;;CO;NC;;;29/08/2022 00:00;;;;
PS716000000073;1;;FO716000000073;CS716000000015;TI716000000002;;CO;NC;;;29/08/2022 00:00;;;;
PS716000000074;2;;FO716000000074;CS716000000015;TI716000000002;;CO;NC;;;29/08/2022 00:00;;;;
PS716000000075;3;;FO716000000075;CS716000000015;TI716000000002;;CO;NC;;;29/08/2022 00:00;;;;
PS716000000076;4;;FO716000000076;CS716000000015;TI716000000002;;CO;NC;;;29/08/2022 00:00;;;;
PS716000000077;5;;FO716000000077;CS716000000015;TI716000000002;;CO;NC;;;29/08/2022 00:00;;;;
PS716000000078;6;;FO716000000078;CS716000000015;TI716000000002;;CO;NC;;;29/08/2022 00:00;;;;
PS716000000079;7;;FO716000000079;CS716000000015;TI716000000002;;CO;NC;;;29/08/2022 00:00;;;;
PS716000000080;8;;FO716000000080;CS716000000015;TI716000000002;;CO;NC;;;29/08/2022 00:00;;;;
PS716000000081;9;;FO716000000081;CS716000000015;TI716000000002;;CO;NC;;;29/08/2022 00:00;;;;
PS716000000082;10;;FO716000000082;CS716000000015;TI716000000002;;CO;NC;;;29/08/2022 00:00;;;;
PS716000000083;11;;FO716000000083;CS716000000015;TI716000000002;;CO;NC;;;29/08/2022 00:00;;;;
PS716000000084;12;;FO716000000084;CS716000000015;TI716000000002;;CO;NC;;;29/08/2022 00:00;;;;
PS716000000085;13;;FO716000000085;CS716000000015;TI716000000002;;CO;NC;;;29/08/2022 00:00;;;;
PS716000000086;14;;FO716000000086;CS716000000015;TI716000000002;;CO;NC;;;29/08/2022 00:00;;;;
PS716000000087;15;;FO716000000087;CS716000000015;TI716000000002;;CO;NC;;;29/08/2022 00:00;;;;
PS716000000088;16;;FO716000000088;CS716000000015;TI716000000002;;CO;NC;;;29/08/2022 00:00;;;;
PS716000000089;17;;FO716000000089;CS716000000015;TI716000000002;;CO;NC;;;29/08/2022 00:00;;;;
PS716000000090;18;;FO716000000090;CS716000000015;TI716000000002;;CO;NC;;;29/08/2022 00:00;;;;
PS716000000091;19;;FO716000000091;CS716000000015;TI716000000002;;CO;NC;;;29/08/2022 00:00;;;;
PS716000000092;20;;FO716000000092;CS716000000015;TI716000000002;;CO;NC;;;29/08/2022 00:00;;;;
PS716000000093;21;;FO716000000093;CS716000000015;TI716000000002;;CO;NC;;;29/08/2022 00:00;;;;
PS716000000094;22;;FO716000000094;CS716000000015;TI716000000002;;CO;NC;;;29/08/2022 00:00;;;;
PS716000000095;23;;FO716000000095;CS716000000015;TI716000000002;;CO;NC;;;29/08/2022 00:00;;;;
PS716000000096;24;;FO716000000096;CS716000000015;TI716000000002;;CO;NC;;;29/08/2022 00:00;;;;
PS716000000097;1;;FO716000000097;CS716000000016;TI716000000002;;CO;NC;;;29/08/2022 00:00;;;;
PS716000000098;2;;FO716000000098;CS716000000016;TI716000000002;;CO;NC;;;29/08/2022 00:00;;;;
PS716000000099;3;;FO716000000099;CS716000000016;TI716000000002;;CO;NC;;;29/08/2022 00:00;;;;
PS716000000100;4;;FO716000000100;CS716000000016;TI716000000002;;CO;NC;;;29/08/2022 00:00;;;;
PS716000000101;5;;FO716000000101;CS716000000016;TI716000000002;;CO;NC;;;29/08/2022 00:00;;;;
PS716000000102;6;;FO716000000102;CS716000000016;TI716000000002;;CO;NC;;;29/08/2022 00:00;;;;
PS716000000103;7;;FO716000000103;CS716000000016;TI716000000002;;CO;NC;;;29/08/2022 00:00;;;;
PS716000000104;8;;FO716000000104;CS716000000016;TI716000000002;;CO;NC;;;29/08/2022 00:00;;;;
PS716000000105;9;;FO716000000105;CS716000000016;TI716000000002;;CO;NC;;;29/08/2022 00:00;;;;
PS716000000106;10;;FO716000000106;CS716000000016;TI716000000002;;CO;NC;;;29/08/2022 00:00;;;;
PS716000000107;11;;FO716000000107;CS716000000016;TI716000000002;;CO;NC;;;29/08/2022 00:00;;;;
PS716000000108;12;;FO716000000108;CS716000000016;TI716000000002;;CO;NC;;;29/08/2022 00:00;;;;
PS716000000109;13;;FO716000000109;CS716000000016;TI716000000002;;CO;NC;;;29/08/2022 00:00;;;;
PS716000000110;14;;FO716000000110;CS716000000016;TI716000000002;;CO;NC;;;29/08/2022 00:00;;;;
PS716000000111;15;;FO716000000111;CS716000000016;TI716000000002;;CO;NC;;;29/08/2022 00:00;;;;
PS716000000112;16;;FO716000000112;CS716000000016;TI716000000002;;CO;NC;;;29/08/2022 00:00;;;;
PS716000000113;17;;FO716000000113;CS716000000016;TI716000000002;;CO;NC;;;29/08/2022 00:00;;;;
PS716000000114;18;;FO716000000114;CS716000000016;TI716000000002;;CO;NC;;;29/08/2022 00:00;;;;
PS716000000115;19;;FO716000000115;CS716000000016;TI716000000002;;CO;NC;;;29/08/2022 00:00;;;;
PS716000000116;20;;FO716000000116;CS716000000016;TI716000000002;;CO;NC;;;29/08/2022 00:00;;;;
PS716000000117;21;;FO716000000117;CS716000000016;TI716000000002;;CO;NC;;;29/08/2022 00:00;;;;
PS716000000118;22;;FO716000000118;CS716000000016;TI716000000002;;CO;NC;;;29/08/2022 00:00;;;;
PS716000000119;23;;FO716000000119;CS716000000016;TI716000000002;;CO;NC;;;29/08/2022 00:00;;;;
PS716000000120;24;;FO716000000120;CS716000000016;TI716000000002;;CO;NC;;;29/08/2022 00:00;;;;
PS716000000121;1;;FO716000000121;CS716000000017;TI716000000002;;CO;NC;;;29/08/2022 00:00;;;;
PS716000000122;2;;FO716000000122;CS716000000017;TI716000000002;;CO;NC;;;29/08/2022 00:00;;;;
PS716000000123;3;;FO716000000123;CS716000000017;TI716000000002;;CO;NC;;;29/08/2022 00:00;;;;
PS716000000124;4;;FO716000000124;CS716000000017;TI716000000002;;CO;NC;;;29/08/2022 00:00;;;;
PS716000000125;5;;FO716000000125;CS716000000017;TI716000000002;;CO;NC;;;29/08/2022 00:00;;;;
PS716000000126;6;;FO716000000126;CS716000000017;TI716000000002;;CO;NC;;;29/08/2022 00:00;;;;
PS716000000127;7;;FO716000000661;CS716000000017;TI716000000002;;CO;NC;;;29/08/2022 00:00;;;;
PS716000000128;8;;FO716000000662;CS716000000017;TI716000000002;;CO;NC;;;29/08/2022 00:00;;;;
PS716000000129;9;;FO716000000663;CS716000000017;TI716000000002;;CO;NC;;;29/08/2022 00:00;;;;
PS716000000130;10;;FO716000000664;CS716000000017;TI716000000002;;CO;NC;;;29/08/2022 00:00;;;;
PS716000000131;11;;FO716000000665;CS716000000017;TI716000000002;;CO;NC;;;29/08/2022 00:00;;;;
PS716000000132;12;;FO716000000666;CS716000000017;TI716000000002;;CO;NC;;;29/08/2022 00:00;;;;
PS716000000133;13;;FO716000000667;CS716000000017;TI716000000002;;CO;NC;;;29/08/2022 00:00;;;;
PS716000000134;14;;FO716000000668;CS716000000017;TI716000000002;;CO;NC;;;29/08/2022 00:00;;;;
PS716000000135;15;;FO716000000669;CS716000000017;TI716000000002;;CO;NC;;;29/08/2022 00:00;;;;
PS716000000136;16;;FO716000000670;CS716000000017;TI716000000002;;CO;NC;;;29/08/2022 00:00;;;;
PS716000000137;17;;FO716000000671;CS716000000017;TI716000000002;;CO;NC;;;29/08/2022 00:00;;;;
PS716000000138;18;;FO716000000672;CS716000000017;TI716000000002;;CO;NC;;;29/08/2022 00:00;;;;
PS716000000139;19;;FO716000000673;CS716000000017;TI716000000002;;CO;NC;;;29/08/2022 00:00;;;;
PS716000000140;20;;FO716000000674;CS716000000017;TI716000000002;;CO;NC;;;29/08/2022 00:00;;;;
PS716000000141;21;;FO716000000675;CS716000000017;TI716000000002;;CO;NC;;;29/08/2022 00:00;;;;
PS716000000142;22;;FO716000000676;CS716000000017;TI716000000002;;CO;NC;;;29/08/2022 00:00;;;;
PS716000000143;23;;FO716000000677;CS716000000017;TI716000000002;;CO;NC;;;29/08/2022 00:00;;;;
PS716000000144;24;;FO716000000678;CS716000000017;TI716000000002;;CO;NC;;;29/08/2022 00:00;;;;
PS716000000145;1;;FO716000000679;CS716000000018;TI716000000003;;CO;NC;;;29/08/2022 00:00;;;;
PS716000000146;2;;FO716000000680;CS716000000018;TI716000000003;;CO;NC;;;29/08/2022 00:00;;;;
PS716000000147;3;;FO716000000681;CS716000000018;TI716000000003;;CO;NC;;;29/08/2022 00:00;;;;
PS716000000148;4;;FO716000000682;CS716000000018;TI716000000003;;CO;NC;;;29/08/2022 00:00;;;;
PS716000000149;5;;FO716000000683;CS716000000018;TI716000000003;;CO;NC;;;29/08/2022 00:00;;;;
PS716000000150;6;;FO716000000684;CS716000000018;TI716000000003;;CO;NC;;;29/08/2022 00:00;;;;
PS716000000151;7;;FO716000000685;CS716000000018;TI716000000003;;CO;NC;;;29/08/2022 00:00;;;;
PS716000000152;8;;FO716000000686;CS716000000018;TI716000000003;;CO;NC;;;29/08/2022 00:00;;;;
PS716000000153;9;;FO716000000687;CS716000000018;TI716000000003;;CO;NC;;;29/08/2022 00:00;;;;
PS716000000154;10;;FO716000000688;CS716000000018;TI716000000003;;CO;NC;;;29/08/2022 00:00;;;;
PS716000000155;11;;FO716000000689;CS716000000018;TI716000000003;;CO;NC;;;29/08/2022 00:00;;;;
PS716000000156;12;;FO716000000690;CS716000000018;TI716000000003;;CO;NC;;;29/08/2022 00:00;;;;
PS716000000157;13;;FO716000000691;CS716000000018;TI716000000003;;CO;NC;;;29/08/2022 00:00;;;;
PS716000000158;14;;FO716000000692;CS716000000018;TI716000000003;;CO;NC;;;29/08/2022 00:00;;;;
PS716000000159;15;;FO716000000693;CS716000000018;TI716000000003;;CO;NC;;;29/08/2022 00:00;;;;
PS716000000160;16;;FO716000000694;CS716000000018;TI716000000003;;CO;NC;;;29/08/2022 00:00;;;;
PS716000000161;17;;FO716000000695;CS716000000018;TI716000000003;;CO;NC;;;29/08/2022 00:00;;;;
PS716000000162;18;;FO716000000696;CS716000000018;TI716000000003;;CO;NC;;;29/08/2022 00:00;;;;
PS716000000163;19;;FO716000000697;CS716000000018;TI716000000003;;CO;NC;;;29/08/2022 00:00;;;;
PS716000000164;20;;FO716000000698;CS716000000018;TI716000000003;;CO;NC;;;29/08/2022 00:00;;;;
PS716000000165;21;;FO716000000699;CS716000000018;TI716000000003;;CO;NC;;;29/08/2022 00:00;;;;
PS716000000166;22;;FO716000000700;CS716000000018;TI716000000003;;CO;NC;;;29/08/2022 00:00;;;;
PS716000000167;23;;FO716000000701;CS716000000018;TI716000000003;;CO;NC;;;29/08/2022 00:00;;;;
PS716000000168;24;;FO716000000702;CS716000000018;TI716000000003;;CO;NC;;;29/08/2022 00:00;;;;
PS716000000169;1;;FO716000000703;CS716000000019;TI716000000003;;CO;NC;;;29/08/2022 00:00;;;;
PS716000000170;2;;FO716000000704;CS716000000019;TI716000000003;;CO;NC;;;29/08/2022 00:00;;;;
PS716000000171;3;;FO716000000705;CS716000000019;TI716000000003;;CO;NC;;;29/08/2022 00:00;;;;
PS716000000172;4;;FO716000000706;CS716000000019;TI716000000003;;CO;NC;;;29/08/2022 00:00;;;;
PS716000000173;5;;FO716000000707;CS716000000019;TI716000000003;;CO;NC;;;29/08/2022 00:00;;;;
PS716000000174;6;;FO716000000708;CS716000000019;TI716000000003;;CO;NC;;;29/08/2022 00:00;;;;
PS716000000175;7;;FO716000000709;CS716000000019;TI716000000003;;CO;NC;;;29/08/2022 00:00;;;;
PS716000000176;8;;FO716000000710;CS716000000019;TI716000000003;;CO;NC;;;29/08/2022 00:00;;;;
PS716000000177;9;;FO716000000711;CS716000000019;TI716000000003;;CO;NC;;;29/08/2022 00:00;;;;
PS716000000178;10;;FO716000000712;CS716000000019;TI716000000003;;CO;NC;;;29/08/2022 00:00;;;;
PS716000000179;11;;FO716000000713;CS716000000019;TI716000000003;;CO;NC;;;29/08/2022 00:00;;;;
PS716000000180;12;;FO716000000714;CS716000000019;TI716000000003;;CO;NC;;;29/08/2022 00:00;;;;
PS716000000181;13;;FO716000000715;CS716000000019;TI716000000003;;CO;NC;;;29/08/2022 00:00;;;;
PS716000000182;14;;FO716000000716;CS716000000019;TI716000000003;;CO;NC;;;29/08/2022 00:00;;;;
PS716000000183;15;;FO716000000717;CS716000000019;TI716000000003;;CO;NC;;;29/08/2022 00:00;;;;
PS716000000184;16;;FO716000000718;CS716000000019;TI716000000003;;CO;NC;;;29/08/2022 00:00;;;;
PS716000000185;17;;FO716000000719;CS716000000019;TI716000000003;;CO;NC;;;29/08/2022 00:00;;;;
PS716000000186;18;;FO716000000720;CS716000000019;TI716000000003;;CO;NC;;;29/08/2022 00:00;;;;
PS716000000187;19;;FO716000000721;CS716000000019;TI716000000003;;CO;NC;;;29/08/2022 00:00;;;;
PS716000000188;20;;FO716000000722;CS716000000019;TI716000000003;;CO;NC;;;29/08/2022 00:00;;;;
PS716000000189;21;;FO716000000723;CS716000000019;TI716000000003;;CO;NC;;;29/08/2022 00:00;;;;
PS716000000190;22;;FO716000000724;CS716000000019;TI716000000003;;CO;NC;;;29/08/2022 00:00;;;;
PS716000000191;23;;FO716000000725;CS716000000019;TI716000000003;;CO;NC;;;29/08/2022 00:00;;;;
PS716000000192;24;;FO716000000726;CS716000000019;TI716000000003;;CO;NC;;;29/08/2022 00:00;;;;
PS716000000193;1;;FO716000000727;CS716000000020;TI716000000003;;CO;NC;;;29/08/2022 00:00;;;;
PS716000000194;2;;FO716000000728;CS716000000020;TI716000000003;;CO;NC;;;29/08/2022 00:00;;;;
PS716000000195;3;;FO716000000729;CS716000000020;TI716000000003;;CO;NC;;;29/08/2022 00:00;;;;
PS716000000196;4;;FO716000000730;CS716000000020;TI716000000003;;CO;NC;;;29/08/2022 00:00;;;;
PS716000000197;5;;FO716000000731;CS716000000020;TI716000000003;;CO;NC;;;29/08/2022 00:00;;;;
PS716000000198;6;;FO716000000732;CS716000000020;TI716000000003;;CO;NC;;;29/08/2022 00:00;;;;
PS716000000199;7;;FO716000000733;CS716000000020;TI716000000003;;CO;NC;;;29/08/2022 00:00;;;;
PS716000000200;8;;FO716000000734;CS716000000020;TI716000000003;;CO;NC;;;29/08/2022 00:00;;;;
PS716000000201;9;;FO716000000735;CS716000000020;TI716000000003;;CO;NC;;;29/08/2022 00:00;;;;
PS716000000202;10;;FO716000000736;CS716000000020;TI716000000003;;CO;NC;;;29/08/2022 00:00;;;;
PS716000000203;11;;FO716000000737;CS716000000020;TI716000000003;;CO;NC;;;29/08/2022 00:00;;;;
PS716000000204;12;;FO716000000738;CS716000000020;TI716000000003;;CO;NC;;;29/08/2022 00:00;;;;
PS716000000205;13;;FO716000000739;CS716000000020;TI716000000003;;CO;NC;;;29/08/2022 00:00;;;;
PS716000000206;14;;FO716000000740;CS716000000020;TI716000000003;;CO;NC;;;29/08/2022 00:00;;;;
PS716000000207;15;;FO716000000741;CS716000000020;TI716000000003;;CO;NC;;;29/08/2022 00:00;;;;
PS716000000208;16;;FO716000000742;CS716000000020;TI716000000003;;CO;NC;;;29/08/2022 00:00;;;;
PS716000000209;17;;FO716000000743;CS716000000020;TI716000000003;;CO;NC;;;29/08/2022 00:00;;;;
PS716000000210;18;;FO716000000744;CS716000000020;TI716000000003;;CO;NC;;;29/08/2022 00:00;;;;
PS716000000211;19;;FO716000000745;CS716000000020;TI716000000003;;CO;NC;;;29/08/2022 00:00;;;;
PS716000000212;20;;FO716000000746;CS716000000020;TI716000000003;;CO;NC;;;29/08/2022 00:00;;;;
PS716000000213;21;;FO716000000747;CS716000000020;TI716000000003;;CO;NC;;;29/08/2022 00:00;;;;
PS716000000214;22;;FO716000000748;CS716000000020;TI716000000003;;CO;NC;;;29/08/2022 00:00;;;;
PS716000000215;23;;FO716000000749;CS716000000020;TI716000000003;;CO;NC;;;29/08/2022 00:00;;;;
PS716000000216;24;;FO716000000750;CS716000000020;TI716000000003;;CO;NC;;;29/08/2022 00:00;;;;
PS716000000217;1;;FO716000000751;CS716000000021;TI716000000003;;CO;NC;;;29/08/2022 00:00;;;;
PS716000000218;2;;FO716000000752;CS716000000021;TI716000000003;;CO;NC;;;29/08/2022 00:00;;;;
PS716000000219;3;;FO716000000753;CS716000000021;TI716000000003;;CO;NC;;;29/08/2022 00:00;;;;
PS716000000220;4;;FO716000000754;CS716000000021;TI716000000003;;CO;NC;;;29/08/2022 00:00;;;;
PS716000000221;5;;FO716000000755;CS716000000021;TI716000000003;;CO;NC;;;29/08/2022 00:00;;;;
PS716000000222;6;;FO716000000756;CS716000000021;TI716000000003;;CO;NC;;;29/08/2022 00:00;;;;
PS716000000223;7;;FO716000000757;CS716000000021;TI716000000003;;CO;NC;;;29/08/2022 00:00;;;;
PS716000000224;8;;FO716000000758;CS716000000021;TI716000000003;;CO;NC;;;29/08/2022 00:00;;;;
PS716000000225;9;;FO716000000759;CS716000000021;TI716000000003;;CO;NC;;;29/08/2022 00:00;;;;
PS716000000226;10;;FO716000000760;CS716000000021;TI716000000003;;CO;NC;;;29/08/2022 00:00;;;;
PS716000000227;11;;FO716000000761;CS716000000021;TI716000000003;;CO;NC;;;29/08/2022 00:00;;;;
PS716000000228;12;;FO716000000762;CS716000000021;TI716000000003;;CO;NC;;;29/08/2022 00:00;;;;
PS716000000229;13;;FO716000000763;CS716000000021;TI716000000003;;CO;NC;;;29/08/2022 00:00;;;;
PS716000000230;14;;FO716000000764;CS716000000021;TI716000000003;;CO;NC;;;29/08/2022 00:00;;;;
PS716000000231;15;;FO716000000765;CS716000000021;TI716000000003;;CO;NC;;;29/08/2022 00:00;;;;
PS716000000232;16;;FO716000000766;CS716000000021;TI716000000003;;CO;NC;;;29/08/2022 00:00;;;;
PS716000000233;17;;FO716000000767;CS716000000021;TI716000000003;;CO;NC;;;29/08/2022 00:00;;;;
PS716000000234;18;;FO716000000768;CS716000000021;TI716000000003;;CO;NC;;;29/08/2022 00:00;;;;
PS716000000235;19;;FO716000000769;CS716000000021;TI716000000003;;CO;NC;;;29/08/2022 00:00;;;;
PS716000000236;20;;FO716000000770;CS716000000021;TI716000000003;;CO;NC;;;29/08/2022 00:00;;;;
PS716000000237;21;;FO716000000771;CS716000000021;TI716000000003;;CO;NC;;;29/08/2022 00:00;;;;
PS716000000238;22;;FO716000000772;CS716000000021;TI716000000003;;CO;NC;;;29/08/2022 00:00;;;;
PS716000000239;23;;FO716000000773;CS716000000021;TI716000000003;;CO;NC;;;29/08/2022 00:00;;;;
PS716000000240;24;;FO716000000774;CS716000000021;TI716000000003;;CO;NC;;;29/08/2022 00:00;;;;
PS716000000241;1;;FO716000000775;CS716000000022;TI716000000003;;CO;NC;;;29/08/2022 00:00;;;;
PS716000000242;2;;FO716000000776;CS716000000022;TI716000000003;;CO;NC;;;29/08/2022 00:00;;;;
PS716000000243;3;;FO716000000777;CS716000000022;TI716000000003;;CO;NC;;;29/08/2022 00:00;;;;
PS716000000244;4;;FO716000000778;CS716000000022;TI716000000003;;CO;NC;;;29/08/2022 00:00;;;;
PS716000000245;5;;FO716000000779;CS716000000022;TI716000000003;;CO;NC;;;29/08/2022 00:00;;;;
PS716000000246;6;;FO716000000780;CS716000000022;TI716000000003;;CO;NC;;;29/08/2022 00:00;;;;
PS716000000247;7;;FO716000001213;CS716000000022;TI716000000003;;CO;NC;;;29/08/2022 00:00;;;;
PS716000000248;8;;FO716000001214;CS716000000022;TI716000000003;;CO;NC;;;29/08/2022 00:00;;;;
PS716000000249;9;;FO716000001215;CS716000000022;TI716000000003;;CO;NC;;;29/08/2022 00:00;;;;
PS716000000250;10;;FO716000001216;CS716000000022;TI716000000003;;CO;NC;;;29/08/2022 00:00;;;;
PS716000000251;11;;FO716000001217;CS716000000022;TI716000000003;;CO;NC;;;29/08/2022 00:00;;;;
PS716000000252;12;;FO716000001218;CS716000000022;TI716000000003;;CO;NC;;;29/08/2022 00:00;;;;
PS716000000253;13;;FO716000001219;CS716000000022;TI716000000003;;CO;NC;;;29/08/2022 00:00;;;;
PS716000000254;14;;FO716000001220;CS716000000022;TI716000000003;;CO;NC;;;29/08/2022 00:00;;;;
PS716000000255;15;;FO716000001221;CS716000000022;TI716000000003;;CO;NC;;;29/08/2022 00:00;;;;
PS716000000256;16;;FO716000001222;CS716000000022;TI716000000003;;CO;NC;;;29/08/2022 00:00;;;;
PS716000000257;17;;FO716000001223;CS716000000022;TI716000000003;;CO;NC;;;29/08/2022 00:00;;;;
PS716000000258;18;;FO716000001224;CS716000000022;TI716000000003;;CO;NC;;;29/08/2022 00:00;;;;
PS716000000259;19;;FO716000001225;CS716000000022;TI716000000003;;CO;NC;;;29/08/2022 00:00;;;;
PS716000000260;20;;FO716000001226;CS716000000022;TI716000000003;;CO;NC;;;29/08/2022 00:00;;;;
PS716000000261;21;;FO716000001227;CS716000000022;TI716000000003;;CO;NC;;;29/08/2022 00:00;;;;
PS716000000262;22;;FO716000001228;CS716000000022;TI716000000003;;CO;NC;;;29/08/2022 00:00;;;;
PS716000000263;23;;FO716000001229;CS716000000022;TI716000000003;;CO;NC;;;29/08/2022 00:00;;;;
PS716000000264;24;;FO716000001230;CS716000000022;TI716000000003;;CO;NC;;;29/08/2022 00:00;;;;
PS716000000265;1;;FO716000001231;CS716000000023;TI716000000003;;CO;NC;;;29/08/2022 00:00;;;;
PS716000000266;2;;FO716000001232;CS716000000023;TI716000000003;;CO;NC;;;29/08/2022 00:00;;;;
PS716000000267;3;;FO716000001233;CS716000000023;TI716000000003;;CO;NC;;;29/08/2022 00:00;;;;
PS716000000268;4;;FO716000001234;CS716000000023;TI716000000003;;CO;NC;;;29/08/2022 00:00;;;;
PS716000000269;5;;FO716000001235;CS716000000023;TI716000000003;;CO;NC;;;29/08/2022 00:00;;;;
PS716000000270;6;;FO716000001236;CS716000000023;TI716000000003;;CO;NC;;;29/08/2022 00:00;;;;
PS716000000271;7;;FO716000001237;CS716000000023;TI716000000003;;CO;NC;;;29/08/2022 00:00;;;;
PS716000000272;8;;FO716000001238;CS716000000023;TI716000000003;;CO;NC;;;29/08/2022 00:00;;;;
PS716000000273;9;;FO716000001239;CS716000000023;TI716000000003;;CO;NC;;;29/08/2022 00:00;;;;
PS716000000274;10;;FO716000001240;CS716000000023;TI716000000003;;CO;NC;;;29/08/2022 00:00;;;;
PS716000000275;11;;FO716000001241;CS716000000023;TI716000000003;;CO;NC;;;29/08/2022 00:00;;;;
PS716000000276;12;;FO716000001242;CS716000000023;TI716000000003;;CO;NC;;;29/08/2022 00:00;;;;
PS716000000277;13;;FO716000001243;CS716000000023;TI716000000003;;CO;NC;;;29/08/2022 00:00;;;;
PS716000000278;14;;FO716000001244;CS716000000023;TI716000000003;;CO;NC;;;29/08/2022 00:00;;;;
PS716000000279;15;;FO716000001245;CS716000000023;TI716000000003;;CO;NC;;;29/08/2022 00:00;;;;
PS716000000280;16;;FO716000001246;CS716000000023;TI716000000003;;CO;NC;;;29/08/2022 00:00;;;;
PS716000000281;17;;FO716000001247;CS716000000023;TI716000000003;;CO;NC;;;29/08/2022 00:00;;;;
PS716000000282;18;;FO716000001248;CS716000000023;TI716000000003;;CO;NC;;;29/08/2022 00:00;;;;
PS716000000283;19;;FO716000001249;CS716000000023;TI716000000003;;CO;NC;;;29/08/2022 00:00;;;;
PS716000000284;20;;FO716000001250;CS716000000023;TI716000000003;;CO;NC;;;29/08/2022 00:00;;;;
PS716000000285;21;;FO716000001251;CS716000000023;TI716000000003;;CO;NC;;;29/08/2022 00:00;;;;
PS716000000286;22;;FO716000001252;CS716000000023;TI716000000003;;CO;NC;;;29/08/2022 00:00;;;;
PS716000000287;23;;FO716000001253;CS716000000023;TI716000000003;;CO;NC;;;29/08/2022 00:00;;;;
PS716000000288;24;;FO716000001254;CS716000000023;TI716000000003;;CO;NC;;;29/08/2022 00:00;;;;
PS716000000289;1;;FO716000001255;CS716000000024;TI716000000004;;CO;NC;;;29/08/2022 00:00;;;;
PS716000000290;2;;FO716000001256;CS716000000024;TI716000000004;;CO;NC;;;29/08/2022 00:00;;;;
PS716000000291;3;;FO716000001257;CS716000000024;TI716000000004;;CO;NC;;;29/08/2022 00:00;;;;
PS716000000292;4;;FO716000001258;CS716000000024;TI716000000004;;CO;NC;;;29/08/2022 00:00;;;;
PS716000000293;5;;FO716000001259;CS716000000024;TI716000000004;;CO;NC;;;29/08/2022 00:00;;;;
PS716000000294;6;;FO716000001260;CS716000000024;TI716000000004;;CO;NC;;;29/08/2022 00:00;;;;
PS716000000295;7;;FO716000001261;CS716000000024;TI716000000004;;CO;NC;;;29/08/2022 00:00;;;;
PS716000000296;8;;FO716000001262;CS716000000024;TI716000000004;;CO;NC;;;29/08/2022 00:00;;;;
PS716000000297;9;;FO716000001263;CS716000000024;TI716000000004;;CO;NC;;;29/08/2022 00:00;;;;
PS716000000298;10;;FO716000001264;CS716000000024;TI716000000004;;CO;NC;;;29/08/2022 00:00;;;;
PS716000000299;11;;FO716000001265;CS716000000024;TI716000000004;;CO;NC;;;29/08/2022 00:00;;;;
PS716000000300;12;;FO716000001266;CS716000000024;TI716000000004;;CO;NC;;;29/08/2022 00:00;;;;
PS716000000301;13;;FO716000001267;CS716000000024;TI716000000004;;CO;NC;;;29/08/2022 00:00;;;;
PS716000000302;14;;FO716000001268;CS716000000024;TI716000000004;;CO;NC;;;29/08/2022 00:00;;;;
PS716000000303;15;;FO716000001269;CS716000000024;TI716000000004;;CO;NC;;;29/08/2022 00:00;;;;
PS716000000304;16;;FO716000001270;CS716000000024;TI716000000004;;CO;NC;;;29/08/2022 00:00;;;;
PS716000000305;17;;FO716000001271;CS716000000024;TI716000000004;;CO;NC;;;29/08/2022 00:00;;;;
PS716000000306;18;;FO716000001272;CS716000000024;TI716000000004;;CO;NC;;;29/08/2022 00:00;;;;
PS716000000307;19;;FO716000001273;CS716000000024;TI716000000004;;CO;NC;;;29/08/2022 00:00;;;;
PS716000000308;20;;FO716000001274;CS716000000024;TI716000000004;;CO;NC;;;29/08/2022 00:00;;;;
PS716000000309;21;;FO716000001275;CS716000000024;TI716000000004;;CO;NC;;;29/08/2022 00:00;;;;
PS716000000310;22;;FO716000001276;CS716000000024;TI716000000004;;CO;NC;;;29/08/2022 00:00;;;;
PS716000000311;23;;FO716000001277;CS716000000024;TI716000000004;;CO;NC;;;29/08/2022 00:00;;;;
PS716000000312;24;;FO716000001278;CS716000000024;TI716000000004;;CO;NC;;;29/08/2022 00:00;;;;
PS716000000313;1;;FO716000001279;CS716000000025;TI716000000004;;CO;NC;;;29/08/2022 00:00;;;;
PS716000000314;2;;FO716000001280;CS716000000025;TI716000000004;;CO;NC;;;29/08/2022 00:00;;;;
PS716000000315;3;;FO716000001281;CS716000000025;TI716000000004;;CO;NC;;;29/08/2022 00:00;;;;
PS716000000316;4;;FO716000001282;CS716000000025;TI716000000004;;CO;NC;;;29/08/2022 00:00;;;;
PS716000000317;5;;FO716000001283;CS716000000025;TI716000000004;;CO;NC;;;29/08/2022 00:00;;;;
PS716000000318;6;;FO716000001284;CS716000000025;TI716000000004;;CO;NC;;;29/08/2022 00:00;;;;
PS716000000319;7;;FO716000001285;CS716000000025;TI716000000004;;CO;NC;;;29/08/2022 00:00;;;;
PS716000000320;8;;FO716000001286;CS716000000025;TI716000000004;;CO;NC;;;29/08/2022 00:00;;;;
PS716000000321;9;;FO716000001287;CS716000000025;TI716000000004;;CO;NC;;;29/08/2022 00:00;;;;
PS716000000322;10;;FO716000001288;CS716000000025;TI716000000004;;CO;NC;;;29/08/2022 00:00;;;;
PS716000000323;11;;FO716000001289;CS716000000025;TI716000000004;;CO;NC;;;29/08/2022 00:00;;;;
PS716000000324;12;;FO716000001290;CS716000000025;TI716000000004;;CO;NC;;;29/08/2022 00:00;;;;
PS716000000325;13;;FO716000001291;CS716000000025;TI716000000004;;CO;NC;;;29/08/2022 00:00;;;;
PS716000000326;14;;FO716000001292;CS716000000025;TI716000000004;;CO;NC;;;29/08/2022 00:00;;;;
PS716000000327;15;;FO716000001293;CS716000000025;TI716000000004;;CO;NC;;;29/08/2022 00:00;;;;
PS716000000328;16;;FO716000001294;CS716000000025;TI716000000004;;CO;NC;;;29/08/2022 00:00;;;;
PS716000000329;17;;FO716000001295;CS716000000025;TI716000000004;;CO;NC;;;29/08/2022 00:00;;;;
PS716000000330;18;;FO716000001296;CS716000000025;TI716000000004;;CO;NC;;;29/08/2022 00:00;;;;
PS716000000331;19;;FO716000001297;CS716000000025;TI716000000004;;CO;NC;;;29/08/2022 00:00;;;;
PS716000000332;20;;FO716000001298;CS716000000025;TI716000000004;;CO;NC;;;29/08/2022 00:00;;;;
PS716000000333;21;;FO716000001299;CS716000000025;TI716000000004;;CO;NC;;;29/08/2022 00:00;;;;
PS716000000334;22;;FO716000001300;CS716000000025;TI716000000004;;CO;NC;;;29/08/2022 00:00;;;;
PS716000000335;23;;FO716000001301;CS716000000025;TI716000000004;;CO;NC;;;29/08/2022 00:00;;;;
PS716000000336;24;;FO716000001302;CS716000000025;TI716000000004;;CO;NC;;;29/08/2022 00:00;;;;
PS716000000337;1;;FO716000001303;CS716000000026;TI716000000004;;CO;NC;;;29/08/2022 00:00;;;;
PS716000000338;2;;FO716000001304;CS716000000026;TI716000000004;;CO;NC;;;29/08/2022 00:00;;;;
PS716000000339;3;;FO716000001305;CS716000000026;TI716000000004;;CO;NC;;;29/08/2022 00:00;;;;
PS716000000340;4;;FO716000001306;CS716000000026;TI716000000004;;CO;NC;;;29/08/2022 00:00;;;;
PS716000000341;5;;FO716000001307;CS716000000026;TI716000000004;;CO;NC;;;29/08/2022 00:00;;;;
PS716000000342;6;;FO716000001308;CS716000000026;TI716000000004;;CO;NC;;;29/08/2022 00:00;;;;
PS716000000343;7;;FO716000001309;CS716000000026;TI716000000004;;CO;NC;;;29/08/2022 00:00;;;;
PS716000000344;8;;FO716000001310;CS716000000026;TI716000000004;;CO;NC;;;29/08/2022 00:00;;;;
PS716000000345;9;;FO716000001311;CS716000000026;TI716000000004;;CO;NC;;;29/08/2022 00:00;;;;
PS716000000346;10;;FO716000001312;CS716000000026;TI716000000004;;CO;NC;;;29/08/2022 00:00;;;;
PS716000000347;11;;FO716000001313;CS716000000026;TI716000000004;;CO;NC;;;29/08/2022 00:00;;;;
PS716000000348;12;;FO716000001314;CS716000000026;TI716000000004;;CO;NC;;;29/08/2022 00:00;;;;
PS716000000349;13;;FO716000001315;CS716000000026;TI716000000004;;CO;NC;;;29/08/2022 00:00;;;;
PS716000000350;14;;FO716000001316;CS716000000026;TI716000000004;;CO;NC;;;29/08/2022 00:00;;;;
PS716000000351;15;;FO716000001317;CS716000000026;TI716000000004;;CO;NC;;;29/08/2022 00:00;;;;
PS716000000352;16;;FO716000001318;CS716000000026;TI716000000004;;CO;NC;;;29/08/2022 00:00;;;;
PS716000000353;17;;FO716000001319;CS716000000026;TI716000000004;;CO;NC;;;29/08/2022 00:00;;;;
PS716000000354;18;;FO716000001320;CS716000000026;TI716000000004;;CO;NC;;;29/08/2022 00:00;;;;
PS716000000355;19;;FO716000001321;CS716000000026;TI716000000004;;CO;NC;;;29/08/2022 00:00;;;;
PS716000000356;20;;FO716000001322;CS716000000026;TI716000000004;;CO;NC;;;29/08/2022 00:00;;;;
PS716000000357;21;;FO716000001323;CS716000000026;TI716000000004;;CO;NC;;;29/08/2022 00:00;;;;
PS716000000358;22;;FO716000001324;CS716000000026;TI716000000004;;CO;NC;;;29/08/2022 00:00;;;;
PS716000000359;23;;FO716000001325;CS716000000026;TI716000000004;;CO;NC;;;29/08/2022 00:00;;;;
PS716000000360;24;;FO716000001326;CS716000000026;TI716000000004;;CO;NC;;;29/08/2022 00:00;;;;
PS716000000361;1;;FO716000001327;CS716000000027;TI716000000004;;CO;NC;;;29/08/2022 00:00;;;;
PS716000000362;2;;FO716000001328;CS716000000027;TI716000000004;;CO;NC;;;29/08/2022 00:00;;;;
PS716000000363;3;;FO716000001329;CS716000000027;TI716000000004;;CO;NC;;;29/08/2022 00:00;;;;
PS716000000364;4;;FO716000001330;CS716000000027;TI716000000004;;CO;NC;;;29/08/2022 00:00;;;;
PS716000000365;5;;FO716000001331;CS716000000027;TI716000000004;;CO;NC;;;29/08/2022 00:00;;;;
PS716000000366;6;;FO716000001332;CS716000000027;TI716000000004;;CO;NC;;;29/08/2022 00:00;;;;
PS716000000367;7;;FO716000001333;CS716000000027;TI716000000004;;CO;NC;;;29/08/2022 00:00;;;;
PS716000000368;8;;FO716000001334;CS716000000027;TI716000000004;;CO;NC;;;29/08/2022 00:00;;;;
PS716000000369;9;;FO716000001335;CS716000000027;TI716000000004;;CO;NC;;;29/08/2022 00:00;;;;
PS716000000370;10;;FO716000001336;CS716000000027;TI716000000004;;CO;NC;;;29/08/2022 00:00;;;;
PS716000000371;11;;FO716000001337;CS716000000027;TI716000000004;;CO;NC;;;29/08/2022 00:00;;;;
PS716000000372;12;;FO716000001338;CS716000000027;TI716000000004;;CO;NC;;;29/08/2022 00:00;;;;
PS716000000373;13;;FO716000001339;CS716000000027;TI716000000004;;CO;NC;;;29/08/2022 00:00;;;;
PS716000000374;14;;FO716000001340;CS716000000027;TI716000000004;;CO;NC;;;29/08/2022 00:00;;;;
PS716000000375;15;;FO716000001341;CS716000000027;TI716000000004;;CO;NC;;;29/08/2022 00:00;;;;
PS716000000376;16;;FO716000001342;CS716000000027;TI716000000004;;CO;NC;;;29/08/2022 00:00;;;;
PS716000000377;17;;FO716000001343;CS716000000027;TI716000000004;;CO;NC;;;29/08/2022 00:00;;;;
PS716000000378;18;;FO716000001344;CS716000000027;TI716000000004;;CO;NC;;;29/08/2022 00:00;;;;
PS716000000379;19;;FO716000001345;CS716000000027;TI716000000004;;CO;NC;;;29/08/2022 00:00;;;;
PS716000000380;20;;FO716000001346;CS716000000027;TI716000000004;;CO;NC;;;29/08/2022 00:00;;;;
PS716000000381;21;;FO716000001347;CS716000000027;TI716000000004;;CO;NC;;;29/08/2022 00:00;;;;
PS716000000382;22;;FO716000001348;CS716000000027;TI716000000004;;CO;NC;;;29/08/2022 00:00;;;;
PS716000000383;23;;FO716000001349;CS716000000027;TI716000000004;;CO;NC;;;29/08/2022 00:00;;;;
PS716000000384;24;;FO716000001350;CS716000000027;TI716000000004;;CO;NC;;;29/08/2022 00:00;;;;
PS716000000385;1;;FO716000001351;CS716000000028;TI716000000004;;CO;NC;;;29/08/2022 00:00;;;;
PS716000000386;2;;FO716000001352;CS716000000028;TI716000000004;;CO;NC;;;29/08/2022 00:00;;;;
PS716000000387;3;;FO716000001353;CS716000000028;TI716000000004;;CO;NC;;;29/08/2022 00:00;;;;
PS716000000388;4;;FO716000001354;CS716000000028;TI716000000004;;CO;NC;;;29/08/2022 00:00;;;;
PS716000000389;5;;FO716000001355;CS716000000028;TI716000000004;;CO;NC;;;29/08/2022 00:00;;;;
PS716000000390;6;;FO716000001356;CS716000000028;TI716000000004;;CO;NC;;;29/08/2022 00:00;;;;
PS716000000391;7;;FO716000001819;CS716000000028;TI716000000004;;CO;NC;;;29/08/2022 00:00;;;;
PS716000000392;8;;FO716000001820;CS716000000028;TI716000000004;;CO;NC;;;29/08/2022 00:00;;;;
PS716000000393;9;;FO716000001821;CS716000000028;TI716000000004;;CO;NC;;;29/08/2022 00:00;;;;
PS716000000394;10;;FO716000001822;CS716000000028;TI716000000004;;CO;NC;;;29/08/2022 00:00;;;;
PS716000000395;11;;FO716000001823;CS716000000028;TI716000000004;;CO;NC;;;29/08/2022 00:00;;;;
PS716000000396;12;;FO716000001824;CS716000000028;TI716000000004;;CO;NC;;;29/08/2022 00:00;;;;
PS716000000397;13;;FO716000001825;CS716000000028;TI716000000004;;CO;NC;;;29/08/2022 00:00;;;;
PS716000000398;14;;FO716000001826;CS716000000028;TI716000000004;;CO;NC;;;29/08/2022 00:00;;;;
PS716000000399;15;;FO716000001827;CS716000000028;TI716000000004;;CO;NC;;;29/08/2022 00:00;;;;
PS716000000400;16;;FO716000001828;CS716000000028;TI716000000004;;CO;NC;;;29/08/2022 00:00;;;;
PS716000000401;17;;FO716000001829;CS716000000028;TI716000000004;;CO;NC;;;29/08/2022 00:00;;;;
PS716000000402;18;;FO716000001830;CS716000000028;TI716000000004;;CO;NC;;;29/08/2022 00:00;;;;
PS716000000403;19;;FO716000001831;CS716000000028;TI716000000004;;CO;NC;;;29/08/2022 00:00;;;;
PS716000000404;20;;FO716000001832;CS716000000028;TI716000000004;;CO;NC;;;29/08/2022 00:00;;;;
PS716000000405;21;;FO716000001833;CS716000000028;TI716000000004;;CO;NC;;;29/08/2022 00:00;;;;
PS716000000406;22;;FO716000001834;CS716000000028;TI716000000004;;CO;NC;;;29/08/2022 00:00;;;;
PS716000000407;23;;FO716000001835;CS716000000028;TI716000000004;;CO;NC;;;29/08/2022 00:00;;;;
PS716000000408;24;;FO716000001836;CS716000000028;TI716000000004;;CO;NC;;;29/08/2022 00:00;;;;
PS716000000409;1;;FO716000001837;CS716000000029;TI716000000004;;CO;NC;;;29/08/2022 00:00;;;;
PS716000000410;2;;FO716000001838;CS716000000029;TI716000000004;;CO;NC;;;29/08/2022 00:00;;;;
PS716000000411;3;;FO716000001839;CS716000000029;TI716000000004;;CO;NC;;;29/08/2022 00:00;;;;
PS716000000412;4;;FO716000001840;CS716000000029;TI716000000004;;CO;NC;;;29/08/2022 00:00;;;;
PS716000000413;5;;FO716000001841;CS716000000029;TI716000000004;;CO;NC;;;29/08/2022 00:00;;;;
PS716000000414;6;;FO716000001842;CS716000000029;TI716000000004;;CO;NC;;;29/08/2022 00:00;;;;
PS716000000415;7;;FO716000001843;CS716000000029;TI716000000004;;CO;NC;;;29/08/2022 00:00;;;;
PS716000000416;8;;FO716000001844;CS716000000029;TI716000000004;;CO;NC;;;29/08/2022 00:00;;;;
PS716000000417;9;;FO716000001845;CS716000000029;TI716000000004;;CO;NC;;;29/08/2022 00:00;;;;
PS716000000418;10;;FO716000001846;CS716000000029;TI716000000004;;CO;NC;;;29/08/2022 00:00;;;;
PS716000000419;11;;FO716000001847;CS716000000029;TI716000000004;;CO;NC;;;29/08/2022 00:00;;;;
PS716000000420;12;;FO716000001848;CS716000000029;TI716000000004;;CO;NC;;;29/08/2022 00:00;;;;
PS716000000421;13;;FO716000001849;CS716000000029;TI716000000004;;CO;NC;;;29/08/2022 00:00;;;;
PS716000000422;14;;FO716000001850;CS716000000029;TI716000000004;;CO;NC;;;29/08/2022 00:00;;;;
PS716000000423;15;;FO716000001851;CS716000000029;TI716000000004;;CO;NC;;;29/08/2022 00:00;;;;
PS716000000424;16;;FO716000001852;CS716000000029;TI716000000004;;CO;NC;;;29/08/2022 00:00;;;;
PS716000000425;17;;FO716000001853;CS716000000029;TI716000000004;;CO;NC;;;29/08/2022 00:00;;;;
PS716000000426;18;;FO716000001854;CS716000000029;TI716000000004;;CO;NC;;;29/08/2022 00:00;;;;
PS716000000427;19;;FO716000001855;CS716000000029;TI716000000004;;CO;NC;;;29/08/2022 00:00;;;;
PS716000000428;20;;FO716000001856;CS716000000029;TI716000000004;;CO;NC;;;29/08/2022 00:00;;;;
PS716000000429;21;;FO716000001857;CS716000000029;TI716000000004;;CO;NC;;;29/08/2022 00:00;;;;
PS716000000430;22;;FO716000001858;CS716000000029;TI716000000004;;CO;NC;;;29/08/2022 00:00;;;;
PS716000000431;23;;FO716000001859;CS716000000029;TI716000000004;;CO;NC;;;29/08/2022 00:00;;;;
PS716000000432;24;;FO716000001860;CS716000000029;TI716000000004;;CO;NC;;;29/08/2022 00:00;;;;
PS716000000433;1;;FO716000001861;CS716000000030;TI716000000005;;CO;NC;;;29/08/2022 00:00;;;;
PS716000000434;2;;FO716000001862;CS716000000030;TI716000000005;;CO;NC;;;29/08/2022 00:00;;;;
PS716000000435;3;;FO716000001863;CS716000000030;TI716000000005;;CO;NC;;;29/08/2022 00:00;;;;
PS716000000436;4;;FO716000001864;CS716000000030;TI716000000005;;CO;NC;;;29/08/2022 00:00;;;;
PS716000000437;5;;FO716000001865;CS716000000030;TI716000000005;;CO;NC;;;29/08/2022 00:00;;;;
PS716000000438;6;;FO716000001866;CS716000000030;TI716000000005;;CO;NC;;;29/08/2022 00:00;;;;
PS716000000439;7;;FO716000001867;CS716000000030;TI716000000005;;CO;NC;;;29/08/2022 00:00;;;;
PS716000000440;8;;FO716000001868;CS716000000030;TI716000000005;;CO;NC;;;29/08/2022 00:00;;;;
PS716000000441;9;;FO716000001869;CS716000000030;TI716000000005;;CO;NC;;;29/08/2022 00:00;;;;
PS716000000442;10;;FO716000001870;CS716000000030;TI716000000005;;CO;NC;;;29/08/2022 00:00;;;;
PS716000000443;11;;FO716000001871;CS716000000030;TI716000000005;;CO;NC;;;29/08/2022 00:00;;;;
PS716000000444;12;;FO716000001872;CS716000000030;TI716000000005;;CO;NC;;;29/08/2022 00:00;;;;
PS716000000445;13;;FO716000001873;CS716000000030;TI716000000005;;CO;NC;;;29/08/2022 00:00;;;;
PS716000000446;14;;FO716000001874;CS716000000030;TI716000000005;;CO;NC;;;29/08/2022 00:00;;;;
PS716000000447;15;;FO716000001875;CS716000000030;TI716000000005;;CO;NC;;;29/08/2022 00:00;;;;
PS716000000448;16;;FO716000001876;CS716000000030;TI716000000005;;CO;NC;;;29/08/2022 00:00;;;;
PS716000000449;17;;FO716000001877;CS716000000030;TI716000000005;;CO;NC;;;29/08/2022 00:00;;;;
PS716000000450;18;;FO716000001878;CS716000000030;TI716000000005;;CO;NC;;;29/08/2022 00:00;;;;
PS716000000451;19;;FO716000001879;CS716000000030;TI716000000005;;CO;NC;;;29/08/2022 00:00;;;;
PS716000000452;20;;FO716000001880;CS716000000030;TI716000000005;;CO;NC;;;29/08/2022 00:00;;;;
PS716000000453;21;;FO716000001881;CS716000000030;TI716000000005;;CO;NC;;;29/08/2022 00:00;;;;
PS716000000454;22;;FO716000001882;CS716000000030;TI716000000005;;CO;NC;;;29/08/2022 00:00;;;;
PS716000000455;23;;FO716000001883;CS716000000030;TI716000000005;;CO;NC;;;29/08/2022 00:00;;;;
PS716000000456;24;;FO716000001884;CS716000000030;TI716000000005;;CO;NC;;;29/08/2022 00:00;;;;
PS716000000457;1;;FO716000001885;CS716000000031;TI716000000005;;CO;NC;;;29/08/2022 00:00;;;;
PS716000000458;2;;FO716000001886;CS716000000031;TI716000000005;;CO;NC;;;29/08/2022 00:00;;;;
PS716000000459;3;;FO716000001887;CS716000000031;TI716000000005;;CO;NC;;;29/08/2022 00:00;;;;
PS716000000460;4;;FO716000001888;CS716000000031;TI716000000005;;CO;NC;;;29/08/2022 00:00;;;;
PS716000000461;5;;FO716000001889;CS716000000031;TI716000000005;;CO;NC;;;29/08/2022 00:00;;;;
PS716000000462;6;;FO716000001890;CS716000000031;TI716000000005;;CO;NC;;;29/08/2022 00:00;;;;
PS716000000463;7;;FO716000001891;CS716000000031;TI716000000005;;CO;NC;;;29/08/2022 00:00;;;;
PS716000000464;8;;FO716000001892;CS716000000031;TI716000000005;;CO;NC;;;29/08/2022 00:00;;;;
PS716000000465;9;;FO716000001893;CS716000000031;TI716000000005;;CO;NC;;;29/08/2022 00:00;;;;
PS716000000466;10;;FO716000001894;CS716000000031;TI716000000005;;CO;NC;;;29/08/2022 00:00;;;;
PS716000000467;11;;FO716000001895;CS716000000031;TI716000000005;;CO;NC;;;29/08/2022 00:00;;;;
PS716000000468;12;;FO716000001896;CS716000000031;TI716000000005;;CO;NC;;;29/08/2022 00:00;;;;
PS716000000469;13;;FO716000001897;CS716000000031;TI716000000005;;CO;NC;;;29/08/2022 00:00;;;;
PS716000000470;14;;FO716000001898;CS716000000031;TI716000000005;;CO;NC;;;29/08/2022 00:00;;;;
PS716000000471;15;;FO716000001899;CS716000000031;TI716000000005;;CO;NC;;;29/08/2022 00:00;;;;
PS716000000472;16;;FO716000001900;CS716000000031;TI716000000005;;CO;NC;;;29/08/2022 00:00;;;;
PS716000000473;17;;FO716000001901;CS716000000031;TI716000000005;;CO;NC;;;29/08/2022 00:00;;;;
PS716000000474;18;;FO716000001902;CS716000000031;TI716000000005;;CO;NC;;;29/08/2022 00:00;;;;
PS716000000475;19;;FO716000001903;CS716000000031;TI716000000005;;CO;NC;;;29/08/2022 00:00;;;;
PS716000000476;20;;FO716000001904;CS716000000031;TI716000000005;;CO;NC;;;29/08/2022 00:00;;;;
PS716000000477;21;;FO716000001905;CS716000000031;TI716000000005;;CO;NC;;;29/08/2022 00:00;;;;
PS716000000478;22;;FO716000001906;CS716000000031;TI716000000005;;CO;NC;;;29/08/2022 00:00;;;;
PS716000000479;23;;FO716000001907;CS716000000031;TI716000000005;;CO;NC;;;29/08/2022 00:00;;;;
PS716000000480;24;;FO716000001908;CS716000000031;TI716000000005;;CO;NC;;;29/08/2022 00:00;;;;
PS716000000481;1;;FO716000001909;CS716000000032;TI716000000005;;CO;NC;;;29/08/2022 00:00;;;;
PS716000000482;2;;FO716000001910;CS716000000032;TI716000000005;;CO;NC;;;29/08/2022 00:00;;;;
PS716000000483;3;;FO716000001911;CS716000000032;TI716000000005;;CO;NC;;;29/08/2022 00:00;;;;
PS716000000484;4;;FO716000001912;CS716000000032;TI716000000005;;CO;NC;;;29/08/2022 00:00;;;;
PS716000000485;5;;FO716000001913;CS716000000032;TI716000000005;;CO;NC;;;29/08/2022 00:00;;;;
PS716000000486;6;;FO716000001914;CS716000000032;TI716000000005;;CO;NC;;;29/08/2022 00:00;;;;
PS716000000487;7;;FO716000001915;CS716000000032;TI716000000005;;CO;NC;;;29/08/2022 00:00;;;;
PS716000000488;8;;FO716000001916;CS716000000032;TI716000000005;;CO;NC;;;29/08/2022 00:00;;;;
PS716000000489;9;;FO716000001917;CS716000000032;TI716000000005;;CO;NC;;;29/08/2022 00:00;;;;
PS716000000490;10;;FO716000001918;CS716000000032;TI716000000005;;CO;NC;;;29/08/2022 00:00;;;;
PS716000000491;11;;FO716000001919;CS716000000032;TI716000000005;;CO;NC;;;29/08/2022 00:00;;;;
PS716000000492;12;;FO716000001920;CS716000000032;TI716000000005;;CO;NC;;;29/08/2022 00:00;;;;
PS716000000493;13;;FO716000001921;CS716000000032;TI716000000005;;CO;NC;;;29/08/2022 00:00;;;;
PS716000000494;14;;FO716000001922;CS716000000032;TI716000000005;;CO;NC;;;29/08/2022 00:00;;;;
PS716000000495;15;;FO716000001923;CS716000000032;TI716000000005;;CO;NC;;;29/08/2022 00:00;;;;
PS716000000496;16;;FO716000001924;CS716000000032;TI716000000005;;CO;NC;;;29/08/2022 00:00;;;;
PS716000000497;17;;FO716000001925;CS716000000032;TI716000000005;;CO;NC;;;29/08/2022 00:00;;;;
PS716000000498;18;;FO716000001926;CS716000000032;TI716000000005;;CO;NC;;;29/08/2022 00:00;;;;
PS716000000499;19;;FO716000001927;CS716000000032;TI716000000005;;CO;NC;;;29/08/2022 00:00;;;;
PS716000000500;20;;FO716000001928;CS716000000032;TI716000000005;;CO;NC;;;29/08/2022 00:00;;;;
PS716000000501;21;;FO716000001929;CS716000000032;TI716000000005;;CO;NC;;;29/08/2022 00:00;;;;
PS716000000502;22;;FO716000001930;CS716000000032;TI716000000005;;CO;NC;;;29/08/2022 00:00;;;;
PS716000000503;23;;FO716000001931;CS716000000032;TI716000000005;;CO;NC;;;29/08/2022 00:00;;;;
PS716000000504;24;;FO716000001932;CS716000000032;TI716000000005;;CO;NC;;;29/08/2022 00:00;;;;
PS716000000505;1;;FO716000001933;CS716000000033;TI716000000005;;CO;NC;;;29/08/2022 00:00;;;;
PS716000000506;2;;FO716000001934;CS716000000033;TI716000000005;;CO;NC;;;29/08/2022 00:00;;;;
PS716000000507;3;;FO716000001935;CS716000000033;TI716000000005;;CO;NC;;;29/08/2022 00:00;;;;
PS716000000508;4;;FO716000001936;CS716000000033;TI716000000005;;CO;NC;;;29/08/2022 00:00;;;;
PS716000000509;5;;FO716000001937;CS716000000033;TI716000000005;;CO;NC;;;29/08/2022 00:00;;;;
PS716000000510;6;;FO716000001938;CS716000000033;TI716000000005;;CO;NC;;;29/08/2022 00:00;;;;
PS716000000511;7;;FO716000002551;CS716000000033;TI716000000005;;CO;NC;;;29/08/2022 00:00;;;;
PS716000000512;8;;FO716000002552;CS716000000033;TI716000000005;;CO;NC;;;29/08/2022 00:00;;;;
PS716000000513;9;;FO716000002553;CS716000000033;TI716000000005;;CO;NC;;;29/08/2022 00:00;;;;
PS716000000514;10;;FO716000002554;CS716000000033;TI716000000005;;CO;NC;;;29/08/2022 00:00;;;;
PS716000000515;11;;FO716000002555;CS716000000033;TI716000000005;;CO;NC;;;29/08/2022 00:00;;;;
PS716000000516;12;;FO716000002556;CS716000000033;TI716000000005;;CO;NC;;;29/08/2022 00:00;;;;
PS716000000517;13;;FO716000002557;CS716000000033;TI716000000005;;CO;NC;;;29/08/2022 00:00;;;;
PS716000000518;14;;FO716000002558;CS716000000033;TI716000000005;;CO;NC;;;29/08/2022 00:00;;;;
PS716000000519;15;;FO716000002559;CS716000000033;TI716000000005;;CO;NC;;;29/08/2022 00:00;;;;
PS716000000520;16;;FO716000002560;CS716000000033;TI716000000005;;CO;NC;;;29/08/2022 00:00;;;;
PS716000000521;17;;FO716000002561;CS716000000033;TI716000000005;;CO;NC;;;29/08/2022 00:00;;;;
PS716000000522;18;;FO716000002562;CS716000000033;TI716000000005;;CO;NC;;;29/08/2022 00:00;;;;
PS716000000523;19;;FO716000002563;CS716000000033;TI716000000005;;CO;NC;;;29/08/2022 00:00;;;;
PS716000000524;20;;FO716000002564;CS716000000033;TI716000000005;;CO;NC;;;29/08/2022 00:00;;;;
PS716000000525;21;;FO716000002565;CS716000000033;TI716000000005;;CO;NC;;;29/08/2022 00:00;;;;
PS716000000526;22;;FO716000002566;CS716000000033;TI716000000005;;CO;NC;;;29/08/2022 00:00;;;;
PS716000000527;23;;FO716000002567;CS716000000033;TI716000000005;;CO;NC;;;29/08/2022 00:00;;;;
PS716000000528;24;;FO716000002568;CS716000000033;TI716000000005;;CO;NC;;;29/08/2022 00:00;;;;
PS716000000529;1;;FO716000002569;CS716000000034;TI716000000005;;CO;NC;;;29/08/2022 00:00;;;;
PS716000000530;2;;FO716000002570;CS716000000034;TI716000000005;;CO;NC;;;29/08/2022 00:00;;;;
PS716000000531;3;;FO716000002571;CS716000000034;TI716000000005;;CO;NC;;;29/08/2022 00:00;;;;
PS716000000532;4;;FO716000002572;CS716000000034;TI716000000005;;CO;NC;;;29/08/2022 00:00;;;;
PS716000000533;5;;FO716000002573;CS716000000034;TI716000000005;;CO;NC;;;29/08/2022 00:00;;;;
PS716000000534;6;;FO716000002574;CS716000000034;TI716000000005;;CO;NC;;;29/08/2022 00:00;;;;
PS716000000535;7;;FO716000002575;CS716000000034;TI716000000005;;CO;NC;;;29/08/2022 00:00;;;;
PS716000000536;8;;FO716000002576;CS716000000034;TI716000000005;;CO;NC;;;29/08/2022 00:00;;;;
PS716000000537;9;;FO716000002577;CS716000000034;TI716000000005;;CO;NC;;;29/08/2022 00:00;;;;
PS716000000538;10;;FO716000002578;CS716000000034;TI716000000005;;CO;NC;;;29/08/2022 00:00;;;;
PS716000000539;11;;FO716000002579;CS716000000034;TI716000000005;;CO;NC;;;29/08/2022 00:00;;;;
PS716000000540;12;;FO716000002580;CS716000000034;TI716000000005;;CO;NC;;;29/08/2022 00:00;;;;
PS716000000541;13;;FO716000002581;CS716000000034;TI716000000005;;CO;NC;;;29/08/2022 00:00;;;;
PS716000000542;14;;FO716000002582;CS716000000034;TI716000000005;;CO;NC;;;29/08/2022 00:00;;;;
PS716000000543;15;;FO716000002583;CS716000000034;TI716000000005;;CO;NC;;;29/08/2022 00:00;;;;
PS716000000544;16;;FO716000002584;CS716000000034;TI716000000005;;CO;NC;;;29/08/2022 00:00;;;;
PS716000000545;17;;FO716000002585;CS716000000034;TI716000000005;;CO;NC;;;29/08/2022 00:00;;;;
PS716000000546;18;;FO716000002586;CS716000000034;TI716000000005;;CO;NC;;;29/08/2022 00:00;;;;
PS716000000547;1;FO716000000001;FO716000000145;CS716000000042;;;PA;NC;;71153/USZ/PT 601470;28/07/2023 00:00;;;;
PS716000000548;2;FO716000000002;FO716000000146;CS716000000042;;;PA;NC;;71153/USZ/PT 601470;28/07/2023 00:00;;;;
PS716000000549;3;FO716000000003;FO716000000147;CS716000000042;;;PA;NC;;71153/USZ/PT 601470;28/07/2023 00:00;;;;
PS716000000550;4;FO716000000004;FO716000000148;CS716000000042;;;PA;NC;;71153/USZ/PT 601470;28/07/2023 00:00;;;;
PS716000000551;5;FO716000000005;FO716000000149;CS716000000042;;;PA;NC;;71153/USZ/PT 601470;28/07/2023 00:00;;;;
PS716000000552;6;FO716000000006;FO716000000150;CS716000000042;;;PA;NC;;71153/USZ/PT 601470;28/07/2023 00:00;;;;
PS716000000553;7;FO716000000007;FO716000000151;CS716000000042;;;PA;NC;;71153/USZ/PT 601470;28/07/2023 00:00;;;;
PS716000000554;8;FO716000000008;FO716000000152;CS716000000042;;;PA;NC;;71153/USZ/PT 601470;28/07/2023 00:00;;;;
PS716000000555;9;FO716000000009;FO716000000153;CS716000000042;;;PA;NC;;71153/USZ/PT 601470;28/07/2023 00:00;;;;
PS716000000556;10;FO716000000010;FO716000000154;CS716000000042;;;PA;NC;;71153/USZ/PT 601470;28/07/2023 00:00;;;;
PS716000000557;11;FO716000000011;FO716000000155;CS716000000042;;;PA;NC;;71153/USZ/PT 601470;28/07/2023 00:00;;;;
PS716000000558;12;FO716000000012;FO716000000156;CS716000000042;;;PA;NC;;71153/USZ/PT 601470;28/07/2023 00:00;;;;
PS716000000559;13;FO716000000013;FO716000000157;CS716000000042;;;PA;NC;;71153/USZ/PT 601470;28/07/2023 00:00;;;;
PS716000000560;14;FO716000000014;FO716000000158;CS716000000042;;;PA;NC;;71153/USZ/PT 601470;28/07/2023 00:00;;;;
PS716000000561;15;FO716000000015;FO716000000159;CS716000000042;;;PA;NC;;71153/USZ/PT 601470;28/07/2023 00:00;;;;
PS716000000562;16;FO716000000016;FO716000000160;CS716000000042;;;PA;NC;;71153/USZ/PT 601470;28/07/2023 00:00;;;;
PS716000000563;17;FO716000000017;FO716000000161;CS716000000042;;;PA;NC;;71153/USZ/PT 601470;28/07/2023 00:00;;;;
PS716000000564;18;FO716000000018;FO716000000162;CS716000000042;;;PA;NC;;71153/USZ/PT 601470;28/07/2023 00:00;;;;
PS716000000565;19;FO716000000019;FO716000000163;CS716000000042;;;PA;NC;;71153/USZ/PT 601470;28/07/2023 00:00;;;;
PS716000000566;20;FO716000000020;FO716000000164;CS716000000042;;;PA;NC;;71153/USZ/PT 601470;28/07/2023 00:00;;;;
PS716000000567;21;FO716000000021;FO716000000165;CS716000000042;;;PA;NC;;71153/USZ/PT 601470;28/07/2023 00:00;;;;
PS716000000568;22;FO716000000022;FO716000000166;CS716000000042;;;PA;NC;;71153/USZ/PT 601470;28/07/2023 00:00;;;;
PS716000000569;23;FO716000000023;FO716000000167;CS716000000042;;;PA;NC;;71153/USZ/PT 601470;28/07/2023 00:00;;;;
PS716000000570;24;FO716000000024;FO716000000168;CS716000000042;;;PA;NC;;71153/USZ/PT 601470;28/07/2023 00:00;;;;
PS716000000571;25;FO716000000025;FO716000000169;CS716000000042;;;PA;NC;;71153/USZ/PT 601470;28/07/2023 00:00;;;;
PS716000000572;26;FO716000000026;FO716000000170;CS716000000042;;;PA;NC;;71153/USZ/PT 601470;28/07/2023 00:00;;;;
PS716000000573;27;FO716000000027;FO716000000171;CS716000000042;;;PA;NC;;71153/USZ/PT 601470;28/07/2023 00:00;;;;
PS716000000574;28;FO716000000028;FO716000000172;CS716000000042;;;PA;NC;;71153/USZ/PT 601470;28/07/2023 00:00;;;;
PS716000000575;29;FO716000000029;FO716000000173;CS716000000042;;;PA;NC;;71153/USZ/PT 601470;28/07/2023 00:00;;;;
PS716000000576;30;FO716000000030;FO716000000174;CS716000000042;;;PA;NC;;71153/USZ/PT 601470;28/07/2023 00:00;;;;
PS716000000577;31;FO716000000031;FO716000000175;CS716000000042;;;PA;NC;;71153/USZ/PT 601470;28/07/2023 00:00;;;;
PS716000000578;32;FO716000000032;FO716000000176;CS716000000042;;;PA;NC;;71153/USZ/PT 601470;28/07/2023 00:00;;;;
PS716000000579;33;FO716000000033;FO716000000177;CS716000000042;;;PA;NC;;71153/USZ/PT 601470;28/07/2023 00:00;;;;
PS716000000580;34;FO716000000034;FO716000000178;CS716000000042;;;PA;NC;;71153/USZ/PT 601470;28/07/2023 00:00;;;;
PS716000000581;35;FO716000000035;FO716000000179;CS716000000042;;;PA;NC;;71153/USZ/PT 601470;28/07/2023 00:00;;;;
PS716000000582;36;FO716000000036;FO716000000180;CS716000000042;;;PA;NC;;71153/USZ/PT 601470;28/07/2023 00:00;;;;
PS716000000583;37;FO716000000037;FO716000000181;CS716000000042;;;PA;NC;;71153/USZ/PT 601470;28/07/2023 00:00;;;;
PS716000000584;38;FO716000000038;FO716000000182;CS716000000042;;;PA;NC;;71153/USZ/PT 601470;28/07/2023 00:00;;;;
PS716000000585;39;FO716000000039;FO716000000183;CS716000000042;;;PA;NC;;71153/USZ/PT 601470;28/07/2023 00:00;;;;
PS716000000586;40;FO716000000040;FO716000000184;CS716000000042;;;PA;NC;;71153/USZ/PT 601470;28/07/2023 00:00;;;;
PS716000000587;41;FO716000000041;FO716000000185;CS716000000042;;;PA;NC;;71153/USZ/PT 601470;28/07/2023 00:00;;;;
PS716000000588;42;FO716000000042;FO716000000186;CS716000000042;;;PA;NC;;71153/USZ/PT 601470;28/07/2023 00:00;;;;
PS716000000589;43;FO716000000043;FO716000000187;CS716000000042;;;PA;NC;;71153/USZ/PT 601470;28/07/2023 00:00;;;;
PS716000000590;44;FO716000000044;FO716000000188;CS716000000042;;;PA;NC;;71153/USZ/PT 601470;28/07/2023 00:00;;;;
PS716000000591;45;FO716000000045;FO716000000189;CS716000000042;;;PA;NC;;71153/USZ/PT 601470;28/07/2023 00:00;;;;
PS716000000592;46;FO716000000046;FO716000000190;CS716000000042;;;PA;NC;;71153/USZ/PT 601470;28/07/2023 00:00;;;;
PS716000000593;47;FO716000000047;FO716000000191;CS716000000042;;;PA;NC;;71153/USZ/PT 601470;28/07/2023 00:00;;;;
PS716000000594;48;FO716000000048;FO716000000192;CS716000000042;;;PA;NC;;71153/USZ/PT 601470;28/07/2023 00:00;;;;
PS716000000595;49;FO716000000049;FO716000000193;CS716000000042;;;PA;NC;;71153/USZ/PT 601470;28/07/2023 00:00;;;;
PS716000000596;50;FO716000000050;FO716000000194;CS716000000042;;;PA;NC;;71153/USZ/PT 601470;28/07/2023 00:00;;;;
PS716000000597;51;FO716000000051;FO716000000195;CS716000000042;;;PA;NC;;71153/USZ/PT 601470;28/07/2023 00:00;;;;
PS716000000598;52;FO716000000052;FO716000000196;CS716000000042;;;PA;NC;;71153/USZ/PT 601470;28/07/2023 00:00;;;;
PS716000000599;53;FO716000000053;FO716000000197;CS716000000042;;;PA;NC;;71153/USZ/PT 601470;28/07/2023 00:00;;;;
PS716000000600;54;FO716000000054;FO716000000198;CS716000000042;;;PA;NC;;71153/USZ/PT 601470;28/07/2023 00:00;;;;
PS716000000601;55;FO716000000055;FO716000000199;CS716000000042;;;PA;NC;;71153/USZ/PT 601470;28/07/2023 00:00;;;;
PS716000000602;56;FO716000000056;FO716000000200;CS716000000042;;;PA;NC;;71153/USZ/PT 601470;28/07/2023 00:00;;;;
PS716000000603;57;FO716000000057;FO716000000201;CS716000000042;;;PA;NC;;71153/USZ/PT 601470;28/07/2023 00:00;;;;
PS716000000604;58;FO716000000058;FO716000000202;CS716000000042;;;PA;NC;;71153/USZ/PT 601470;28/07/2023 00:00;;;;
PS716000000605;59;FO716000000059;FO716000000203;CS716000000042;;;PA;NC;;71153/USZ/PT 601470;28/07/2023 00:00;;;;
PS716000000606;60;FO716000000060;FO716000000204;CS716000000042;;;PA;NC;;71153/USZ/PT 601470;28/07/2023 00:00;;;;
PS716000000607;61;FO716000000061;FO716000000205;CS716000000042;;;PA;NC;;71153/USZ/PT 601470;28/07/2023 00:00;;;;
PS716000000608;62;FO716000000062;FO716000000206;CS716000000042;;;PA;NC;;71153/USZ/PT 601470;28/07/2023 00:00;;;;
PS716000000609;63;FO716000000063;FO716000000207;CS716000000042;;;PA;NC;;71153/USZ/PT 601470;28/07/2023 00:00;;;;
PS716000000610;64;FO716000000064;FO716000000208;CS716000000042;;;PA;NC;;71153/USZ/PT 601470;28/07/2023 00:00;;;;
PS716000000611;65;FO716000000065;FO716000000209;CS716000000042;;;PA;NC;;71153/USZ/PT 601470;28/07/2023 00:00;;;;
PS716000000612;66;FO716000000066;FO716000000210;CS716000000042;;;PA;NC;;71153/USZ/PT 601470;28/07/2023 00:00;;;;
PS716000000613;67;FO716000000067;FO716000000211;CS716000000042;;;PA;NC;;71153/USZ/PT 601470;28/07/2023 00:00;;;;
PS716000000614;68;FO716000000068;FO716000000212;CS716000000042;;;PA;NC;;71153/USZ/PT 601470;28/07/2023 00:00;;;;
PS716000000615;69;FO716000000069;FO716000000213;CS716000000042;;;PA;NC;;71153/USZ/PT 601470;28/07/2023 00:00;;;;
PS716000000616;70;FO716000000070;FO716000000214;CS716000000042;;;PA;NC;;71153/USZ/PT 601470;28/07/2023 00:00;;;;
PS716000000617;71;FO716000000071;FO716000000215;CS716000000042;;;PA;NC;;71153/USZ/PT 601470;28/07/2023 00:00;;;;
PS716000000618;72;FO716000000072;FO716000000216;CS716000000042;;;PA;NC;;71153/USZ/PT 601470;28/07/2023 00:00;;;;
PS716000000619;73;FO716000000073;FO716000000217;CS716000000042;;;PA;NC;;71153/USZ/PT 601470;28/07/2023 00:00;;;;
PS716000000620;74;FO716000000074;FO716000000218;CS716000000042;;;PA;NC;;71153/USZ/PT 601470;28/07/2023 00:00;;;;
PS716000000621;75;FO716000000075;FO716000000219;CS716000000042;;;PA;NC;;71153/USZ/PT 601470;28/07/2023 00:00;;;;
PS716000000622;76;FO716000000076;FO716000000220;CS716000000042;;;PA;NC;;71153/USZ/PT 601470;28/07/2023 00:00;;;;
PS716000000623;77;FO716000000077;FO716000000221;CS716000000042;;;PA;NC;;71153/USZ/PT 601470;28/07/2023 00:00;;;;
PS716000000624;78;FO716000000078;FO716000000222;CS716000000042;;;PA;NC;;71153/USZ/PT 601470;28/07/2023 00:00;;;;
PS716000000625;79;FO716000000079;FO716000000223;CS716000000042;;;PA;NC;;71153/USZ/PT 601470;28/07/2023 00:00;;;;
PS716000000626;80;FO716000000080;FO716000000224;CS716000000042;;;PA;NC;;71153/USZ/PT 601470;28/07/2023 00:00;;;;
PS716000000627;81;FO716000000081;FO716000000225;CS716000000042;;;PA;NC;;71153/USZ/PT 601470;28/07/2023 00:00;;;;
PS716000000628;82;FO716000000082;FO716000000226;CS716000000042;;;PA;NC;;71153/USZ/PT 601470;28/07/2023 00:00;;;;
PS716000000629;83;FO716000000083;FO716000000227;CS716000000042;;;PA;NC;;71153/USZ/PT 601470;28/07/2023 00:00;;;;
PS716000000630;84;FO716000000084;FO716000000228;CS716000000042;;;PA;NC;;71153/USZ/PT 601470;28/07/2023 00:00;;;;
PS716000000631;1;FO716000000085;FO716000000529;CS716000000035;;;EP;NC;;71153/USZ/PT 601470;28/07/2023 00:00;;;;
PS716000000632;2;FO716000000086;FO716000000530;CS716000000035;;;EP;NC;;71153/USZ/PT 601470;28/07/2023 00:00;;;;
PS716000000633;3;FO716000000087;FO716000000531;CS716000000035;;;EP;NC;;71153/USZ/PT 601470;28/07/2023 00:00;;;;
PS716000000634;4;FO716000000088;FO716000000532;CS716000000035;;;EP;NC;;71153/USZ/PT 601470;28/07/2023 00:00;;;;
PS716000000635;5;FO716000000089;FO716000000533;CS716000000035;;;EP;NC;;71153/USZ/PT 601470;28/07/2023 00:00;;;;
PS716000000636;6;FO716000000090;FO716000000534;CS716000000035;;;EP;NC;;71153/USZ/PT 601470;28/07/2023 00:00;;;;
PS716000000637;1;FO716000000091;FO716000000535;CS716000000036;;;EP;NC;;71153/USZ/PT 601470;28/07/2023 00:00;;;;
PS716000000638;2;FO716000000092;FO716000000536;CS716000000036;;;EP;NC;;71153/USZ/PT 601470;28/07/2023 00:00;;;;
PS716000000639;3;FO716000000093;FO716000000537;CS716000000036;;;EP;NC;;71153/USZ/PT 601470;28/07/2023 00:00;;;;
PS716000000640;4;FO716000000094;FO716000000538;CS716000000036;;;EP;NC;;71153/USZ/PT 601470;28/07/2023 00:00;;;;
PS716000000641;5;FO716000000095;FO716000000539;CS716000000036;;;EP;NC;;71153/USZ/PT 601470;28/07/2023 00:00;;;;
PS716000000642;6;FO716000000096;FO716000000540;CS716000000036;;;EP;NC;;71153/USZ/PT 601470;28/07/2023 00:00;;;;
PS716000000643;1;FO716000000097;FO716000000541;CS716000000037;;;EP;NC;;71153/USZ/PT 601470;28/07/2023 00:00;;;;
PS716000000644;2;FO716000000098;FO716000000542;CS716000000037;;;EP;NC;;71153/USZ/PT 601470;28/07/2023 00:00;;;;
PS716000000645;3;FO716000000099;FO716000000543;CS716000000037;;;EP;NC;;71153/USZ/PT 601470;28/07/2023 00:00;;;;
PS716000000646;4;FO716000000100;FO716000000544;CS716000000037;;;EP;NC;;71153/USZ/PT 601470;28/07/2023 00:00;;;;
PS716000000647;5;FO716000000101;FO716000000545;CS716000000037;;;EP;NC;;71153/USZ/PT 601470;28/07/2023 00:00;;;;
PS716000000648;6;FO716000000102;FO716000000546;CS716000000037;;;EP;NC;;71153/USZ/PT 601470;28/07/2023 00:00;;;;
PS716000000649;1;FO716000000103;FO716000000547;CS716000000038;;;EP;NC;;71153/USZ/PT 601470;28/07/2023 00:00;;;;
PS716000000650;2;FO716000000104;FO716000000548;CS716000000038;;;EP;NC;;71153/USZ/PT 601470;28/07/2023 00:00;;;;
PS716000000651;3;FO716000000105;FO716000000549;CS716000000038;;;EP;NC;;71153/USZ/PT 601470;28/07/2023 00:00;;;;
PS716000000652;4;FO716000000106;FO716000000550;CS716000000038;;;EP;NC;;71153/USZ/PT 601470;28/07/2023 00:00;;;;
PS716000000653;5;FO716000000107;FO716000000551;CS716000000038;;;EP;NC;;71153/USZ/PT 601470;28/07/2023 00:00;;;;
PS716000000654;6;FO716000000108;FO716000000552;CS716000000038;;;EP;NC;;71153/USZ/PT 601470;28/07/2023 00:00;;;;
PS716000000655;1;FO716000000109;FO716000000625;CS716000000039;;;EP;NC;;71153/USZ/PT 601470;28/07/2023 00:00;;;;
PS716000000656;2;FO716000000110;FO716000000626;CS716000000039;;;EP;NC;;71153/USZ/PT 601470;28/07/2023 00:00;;;;
PS716000000657;3;FO716000000111;FO716000000627;CS716000000039;;;EP;NC;;71153/USZ/PT 601470;28/07/2023 00:00;;;;
PS716000000658;4;FO716000000112;FO716000000628;CS716000000039;;;EP;NC;;71153/USZ/PT 601470;28/07/2023 00:00;;;;
PS716000000659;5;FO716000000113;FO716000000629;CS716000000039;;;EP;NC;;71153/USZ/PT 601470;28/07/2023 00:00;;;;
PS716000000660;6;FO716000000114;FO716000000630;CS716000000039;;;EP;NC;;71153/USZ/PT 601470;28/07/2023 00:00;;;;
PS716000000661;1;FO716000000115;FO716000000631;CS716000000040;;;EP;NC;;71153/USZ/PT 601470;28/07/2023 00:00;;;;
PS716000000662;2;FO716000000116;FO716000000632;CS716000000040;;;EP;NC;;71153/USZ/PT 601470;28/07/2023 00:00;;;;
PS716000000663;3;FO716000000117;FO716000000633;CS716000000040;;;EP;NC;;71153/USZ/PT 601470;28/07/2023 00:00;;;;
PS716000000664;4;FO716000000118;FO716000000634;CS716000000040;;;EP;NC;;71153/USZ/PT 601470;28/07/2023 00:00;;;;
PS716000000665;5;FO716000000119;FO716000000635;CS716000000040;;;EP;NC;;71153/USZ/PT 601470;28/07/2023 00:00;;;;
PS716000000666;6;FO716000000120;FO716000000636;CS716000000040;;;EP;NC;;71153/USZ/PT 601470;28/07/2023 00:00;;;;
PS716000000667;1;FO716000000121;FO716000000649;CS716000000041;;;EP;NC;;71153/USZ/PT 601470;28/07/2023 00:00;;;;
PS716000000668;2;FO716000000122;FO716000000650;CS716000000041;;;EP;NC;;71153/USZ/PT 601470;28/07/2023 00:00;;;;
PS716000000669;3;FO716000000123;FO716000000651;CS716000000041;;;EP;NC;;71153/USZ/PT 601470;28/07/2023 00:00;;;;
PS716000000670;4;FO716000000124;FO716000000652;CS716000000041;;;EP;NC;;71153/USZ/PT 601470;28/07/2023 00:00;;;;
PS716000000671;5;FO716000000125;FO716000000653;CS716000000041;;;EP;NC;;71153/USZ/PT 601470;28/07/2023 00:00;;;;
PS716000000672;6;FO716000000126;FO716000000654;CS716000000041;;;EP;NC;;71153/USZ/PT 601470;28/07/2023 00:00;;;;
PS716000000673;1;FO716000000145;FO716000000289;CS716000000056;;;EP;NC;;71153/USZ/PT 601471;28/07/2023 00:00;;;;
PS716000000674;2;FO716000000146;FO716000000290;CS716000000056;;;EP;NC;;71153/USZ/PT 601471;28/07/2023 00:00;;;;
PS716000000675;3;FO716000000147;FO716000000291;CS716000000056;;;EP;NC;;71153/USZ/PT 601471;28/07/2023 00:00;;;;
PS716000000676;4;FO716000000148;FO716000000292;CS716000000056;;;EP;NC;;71153/USZ/PT 601471;28/07/2023 00:00;;;;
PS716000000677;5;FO716000000149;FO716000000293;CS716000000056;;;EP;NC;;71153/USZ/PT 601471;28/07/2023 00:00;;;;
PS716000000678;6;FO716000000150;FO716000000294;CS716000000056;;;EP;NC;;71153/USZ/PT 601471;28/07/2023 00:00;;;;
PS716000000679;1;FO716000000151;FO716000000295;CS716000000057;;;EP;NC;;71153/USZ/PT 601471;28/07/2023 00:00;;;;
PS716000000680;2;FO716000000152;FO716000000296;CS716000000057;;;EP;NC;;71153/USZ/PT 601471;28/07/2023 00:00;;;;
PS716000000681;3;FO716000000153;FO716000000297;CS716000000057;;;EP;NC;;71153/USZ/PT 601471;28/07/2023 00:00;;;;
PS716000000682;4;FO716000000154;FO716000000298;CS716000000057;;;EP;NC;;71153/USZ/PT 601471;28/07/2023 00:00;;;;
PS716000000683;5;FO716000000155;FO716000000299;CS716000000057;;;EP;NC;;71153/USZ/PT 601471;28/07/2023 00:00;;;;
PS716000000684;6;FO716000000156;FO716000000300;CS716000000057;;;EP;NC;;71153/USZ/PT 601471;28/07/2023 00:00;;;;
PS716000000685;1;FO716000000157;FO716000000301;CS716000000058;;;EP;NC;;71153/USZ/PT 601471;28/07/2023 00:00;;;;
PS716000000686;2;FO716000000158;FO716000000302;CS716000000058;;;EP;NC;;71153/USZ/PT 601471;28/07/2023 00:00;;;;
PS716000000687;3;FO716000000159;FO716000000303;CS716000000058;;;EP;NC;;71153/USZ/PT 601471;28/07/2023 00:00;;;;
PS716000000688;4;FO716000000160;FO716000000304;CS716000000058;;;EP;NC;;71153/USZ/PT 601471;28/07/2023 00:00;;;;
PS716000000689;5;FO716000000161;FO716000000305;CS716000000058;;;EP;NC;;71153/USZ/PT 601471;28/07/2023 00:00;;;;
PS716000000690;6;FO716000000162;FO716000000306;CS716000000058;;;EP;NC;;71153/USZ/PT 601471;28/07/2023 00:00;;;;
PS716000000691;1;FO716000000163;FO716000000307;CS716000000059;;;EP;NC;;71153/USZ/PT 601471;28/07/2023 00:00;;;;
PS716000000692;2;FO716000000164;FO716000000308;CS716000000059;;;EP;NC;;71153/USZ/PT 601471;28/07/2023 00:00;;;;
PS716000000693;3;FO716000000165;FO716000000309;CS716000000059;;;EP;NC;;71153/USZ/PT 601471;28/07/2023 00:00;;;;
PS716000000694;4;FO716000000166;FO716000000310;CS716000000059;;;EP;NC;;71153/USZ/PT 601471;28/07/2023 00:00;;;;
PS716000000695;5;FO716000000167;FO716000000311;CS716000000059;;;EP;NC;;71153/USZ/PT 601471;28/07/2023 00:00;;;;
PS716000000696;6;FO716000000168;FO716000000312;CS716000000059;;;EP;NC;;71153/USZ/PT 601471;28/07/2023 00:00;;;;
PS716000000697;1;FO716000000169;FO716000000361;CS716000000060;;;EP;NC;;71153/USZ/PT 601471;28/07/2023 00:00;;;;
PS716000000698;2;FO716000000170;FO716000000362;CS716000000060;;;EP;NC;;71153/USZ/PT 601471;28/07/2023 00:00;;;;
PS716000000699;3;FO716000000171;FO716000000363;CS716000000060;;;EP;NC;;71153/USZ/PT 601471;28/07/2023 00:00;;;;
PS716000000700;4;FO716000000172;FO716000000364;CS716000000060;;;EP;NC;;71153/USZ/PT 601471;28/07/2023 00:00;;;;
PS716000000701;5;FO716000000173;FO716000000365;CS716000000060;;;EP;NC;;71153/USZ/PT 601471;28/07/2023 00:00;;;;
PS716000000702;6;FO716000000174;FO716000000366;CS716000000060;;;EP;NC;;71153/USZ/PT 601471;28/07/2023 00:00;;;;
PS716000000703;1;FO716000000175;FO716000000367;CS716000000061;;;EP;NC;;71153/USZ/PT 601471;28/07/2023 00:00;;;;
PS716000000704;2;FO716000000176;FO716000000368;CS716000000061;;;EP;NC;;71153/USZ/PT 601471;28/07/2023 00:00;;;;
PS716000000705;3;FO716000000177;FO716000000369;CS716000000061;;;EP;NC;;71153/USZ/PT 601471;28/07/2023 00:00;;;;
PS716000000706;4;FO716000000178;FO716000000370;CS716000000061;;;EP;NC;;71153/USZ/PT 601471;28/07/2023 00:00;;;;
PS716000000707;5;FO716000000179;FO716000000371;CS716000000061;;;EP;NC;;71153/USZ/PT 601471;28/07/2023 00:00;;;;
PS716000000708;6;FO716000000180;FO716000000372;CS716000000061;;;EP;NC;;71153/USZ/PT 601471;28/07/2023 00:00;;;;
PS716000000709;1;FO716000000181;FO716000000373;CS716000000062;;;EP;NC;;71153/USZ/PT 601471;28/07/2023 00:00;;;;
PS716000000710;2;FO716000000182;FO716000000374;CS716000000062;;;EP;NC;;71153/USZ/PT 601471;28/07/2023 00:00;;;;
PS716000000711;3;FO716000000183;FO716000000375;CS716000000062;;;EP;NC;;71153/USZ/PT 601471;28/07/2023 00:00;;;;
PS716000000712;4;FO716000000184;FO716000000376;CS716000000062;;;EP;NC;;71153/USZ/PT 601471;28/07/2023 00:00;;;;
PS716000000713;5;FO716000000185;FO716000000377;CS716000000062;;;EP;NC;;71153/USZ/PT 601471;28/07/2023 00:00;;;;
PS716000000714;6;FO716000000186;FO716000000378;CS716000000062;;;EP;NC;;71153/USZ/PT 601471;28/07/2023 00:00;;;;
PS716000000715;1;FO716000000187;FO716000000379;CS716000000063;;;EP;NC;;71153/USZ/PT 601471;28/07/2023 00:00;;;;
PS716000000716;2;FO716000000188;FO716000000380;CS716000000063;;;EP;NC;;71153/USZ/PT 601471;28/07/2023 00:00;;;;
PS716000000717;3;FO716000000189;FO716000000381;CS716000000063;;;EP;NC;;71153/USZ/PT 601471;28/07/2023 00:00;;;;
PS716000000718;4;FO716000000190;FO716000000382;CS716000000063;;;EP;NC;;71153/USZ/PT 601471;28/07/2023 00:00;;;;
PS716000000719;5;FO716000000191;FO716000000383;CS716000000063;;;EP;NC;;71153/USZ/PT 601471;28/07/2023 00:00;;;;
PS716000000720;6;FO716000000192;FO716000000384;CS716000000063;;;EP;NC;;71153/USZ/PT 601471;28/07/2023 00:00;;;;
PS716000000721;1;FO716000000193;FO716000000457;CS716000000064;;;EP;NC;;71153/USZ/PT 601471;28/07/2023 00:00;;;;
PS716000000722;2;FO716000000194;FO716000000458;CS716000000064;;;EP;NC;;71153/USZ/PT 601471;28/07/2023 00:00;;;;
PS716000000723;3;FO716000000195;FO716000000459;CS716000000064;;;EP;NC;;71153/USZ/PT 601471;28/07/2023 00:00;;;;
PS716000000724;4;FO716000000196;FO716000000460;CS716000000064;;;EP;NC;;71153/USZ/PT 601471;28/07/2023 00:00;;;;
PS716000000725;5;FO716000000197;FO716000000461;CS716000000064;;;EP;NC;;71153/USZ/PT 601471;28/07/2023 00:00;;;;
PS716000000726;6;FO716000000198;FO716000000462;CS716000000064;;;EP;NC;;71153/USZ/PT 601471;28/07/2023 00:00;;;;
PS716000000727;1;FO716000000199;FO716000000463;CS716000000065;;;EP;NC;;71153/USZ/PT 601471;28/07/2023 00:00;;;;
PS716000000728;2;FO716000000200;FO716000000464;CS716000000065;;;EP;NC;;71153/USZ/PT 601471;28/07/2023 00:00;;;;
PS716000000729;3;FO716000000201;FO716000000465;CS716000000065;;;EP;NC;;71153/USZ/PT 601471;28/07/2023 00:00;;;;
PS716000000730;4;FO716000000202;FO716000000466;CS716000000065;;;EP;NC;;71153/USZ/PT 601471;28/07/2023 00:00;;;;
PS716000000731;5;FO716000000203;FO716000000467;CS716000000065;;;EP;NC;;71153/USZ/PT 601471;28/07/2023 00:00;;;;
PS716000000732;6;FO716000000204;FO716000000468;CS716000000065;;;EP;NC;;71153/USZ/PT 601471;28/07/2023 00:00;;;;
PS716000000733;1;FO716000000205;FO716000000481;CS716000000066;;;EP;NC;;71153/USZ/PT 601471;28/07/2023 00:00;;;;
PS716000000734;2;FO716000000206;FO716000000482;CS716000000066;;;EP;NC;;71153/USZ/PT 601471;28/07/2023 00:00;;;;
PS716000000735;3;FO716000000207;FO716000000483;CS716000000066;;;EP;NC;;71153/USZ/PT 601471;28/07/2023 00:00;;;;
PS716000000736;4;FO716000000208;FO716000000484;CS716000000066;;;EP;NC;;71153/USZ/PT 601471;28/07/2023 00:00;;;;
PS716000000737;5;FO716000000209;FO716000000485;CS716000000066;;;EP;NC;;71153/USZ/PT 601471;28/07/2023 00:00;;;;
PS716000000738;6;FO716000000210;FO716000000486;CS716000000066;;;EP;NC;;71153/USZ/PT 601471;28/07/2023 00:00;;;;
PS716000000739;1;FO716000000211;FO716000000487;CS716000000067;;;EP;NC;;71153/USZ/PT 601471;28/07/2023 00:00;;;;
PS716000000740;2;FO716000000212;FO716000000488;CS716000000067;;;EP;NC;;71153/USZ/PT 601471;28/07/2023 00:00;;;;
PS716000000741;3;FO716000000213;FO716000000489;CS716000000067;;;EP;NC;;71153/USZ/PT 601471;28/07/2023 00:00;;;;
PS716000000742;4;FO716000000214;FO716000000490;CS716000000067;;;EP;NC;;71153/USZ/PT 601471;28/07/2023 00:00;;;;
PS716000000743;5;FO716000000215;FO716000000491;CS716000000067;;;EP;NC;;71153/USZ/PT 601471;28/07/2023 00:00;;;;
PS716000000744;6;FO716000000216;FO716000000492;CS716000000067;;;EP;NC;;71153/USZ/PT 601471;28/07/2023 00:00;;;;
PS716000000745;1;FO716000000217;FO716000000505;CS716000000068;;;EP;NC;;71153/USZ/PT 601471;28/07/2023 00:00;;;;
PS716000000746;2;FO716000000218;FO716000000506;CS716000000068;;;EP;NC;;71153/USZ/PT 601471;28/07/2023 00:00;;;;
PS716000000747;3;FO716000000219;FO716000000507;CS716000000068;;;EP;NC;;71153/USZ/PT 601471;28/07/2023 00:00;;;;
PS716000000748;4;FO716000000220;FO716000000508;CS716000000068;;;EP;NC;;71153/USZ/PT 601471;28/07/2023 00:00;;;;
PS716000000749;5;FO716000000221;FO716000000509;CS716000000068;;;EP;NC;;71153/USZ/PT 601471;28/07/2023 00:00;;;;
PS716000000750;6;FO716000000222;FO716000000510;CS716000000068;;;EP;NC;;71153/USZ/PT 601471;28/07/2023 00:00;;;;
PS716000000751;1;FO716000000223;FO716000000511;CS716000000069;;;EP;NC;;71153/USZ/PT 601471;28/07/2023 00:00;;;;
PS716000000752;2;FO716000000224;FO716000000512;CS716000000069;;;EP;NC;;71153/USZ/PT 601471;28/07/2023 00:00;;;;
PS716000000753;3;FO716000000225;FO716000000513;CS716000000069;;;EP;NC;;71153/USZ/PT 601471;28/07/2023 00:00;;;;
PS716000000754;4;FO716000000226;FO716000000514;CS716000000069;;;EP;NC;;71153/USZ/PT 601471;28/07/2023 00:00;;;;
PS716000000755;5;FO716000000227;FO716000000515;CS716000000069;;;EP;NC;;71153/USZ/PT 601471;28/07/2023 00:00;;;;
PS716000000756;6;FO716000000228;FO716000000516;CS716000000069;;;EP;NC;;71153/USZ/PT 601471;28/07/2023 00:00;;;;
PS716000000757;1;FO716000000289;;CS716000000070;;;AT;NC;;71153/USZ/PT 601472;28/07/2023 00:00;;;;
PS716000000758;2;FO716000000290;;CS716000000070;;;AT;NC;;71153/USZ/PT 601472;28/07/2023 00:00;;;;
PS716000000759;3;FO716000000291;;CS716000000070;;;AT;NC;;71153/USZ/PT 601472;28/07/2023 00:00;;;;
PS716000000760;4;FO716000000292;;CS716000000070;;;AT;NC;;71153/USZ/PT 601472;28/07/2023 00:00;;;;
PS716000000761;5;FO716000000293;;CS716000000070;;;AT;NC;;RESERVEE;28/07/2023 00:00;;;;
PS716000000762;6;FO716000000294;;CS716000000070;;;AT;NC;;RESERVEE;28/07/2023 00:00;;;;
PS716000000763;1;FO716000000295;FO716000000319;CS716000000071;;;PA;NC;;71153/USZ/PT 601472;28/07/2023 00:00;;;;
PS716000000764;2;FO716000000296;FO716000000320;CS716000000071;;;PA;NC;;71153/USZ/PT 601472;28/07/2023 00:00;;;;
PS716000000765;3;FO716000000297;FO716000000321;CS716000000071;;;PA;NC;;71153/USZ/PT 601472;28/07/2023 00:00;;;;
PS716000000766;4;FO716000000298;FO716000000322;CS716000000071;;;PA;NC;;71153/USZ/PT 601472;28/07/2023 00:00;;;;
PS716000000767;5;FO716000000299;FO716000000323;CS716000000071;;;PA;NC;;71153/USZ/PT 601472;28/07/2023 00:00;;;;
PS716000000768;6;FO716000000300;FO716000000324;CS716000000071;;;PA;NC;;71153/USZ/PT 601472;28/07/2023 00:00;;;;
PS716000000769;7;FO716000000301;FO716000000325;CS716000000071;;;PA;NC;;71153/USZ/PT 601472;28/07/2023 00:00;;;;
PS716000000770;8;FO716000000302;FO716000000326;CS716000000071;;;PA;NC;;71153/USZ/PT 601472;28/07/2023 00:00;;;;
PS716000000771;9;FO716000000303;FO716000000327;CS716000000071;;;PA;NC;;71153/USZ/PT 601472;28/07/2023 00:00;;;;
PS716000000772;10;FO716000000304;FO716000000328;CS716000000071;;;PA;NC;;71153/USZ/PT 601472;28/07/2023 00:00;;;;
PS716000000773;11;FO716000000305;FO716000000329;CS716000000071;;;PA;NC;;71153/USZ/PT 601472;28/07/2023 00:00;;;;
PS716000000774;12;FO716000000306;FO716000000330;CS716000000071;;;PA;NC;;71153/USZ/PT 601472;28/07/2023 00:00;;;;
PS716000000775;13;FO716000000307;FO716000000331;CS716000000071;;;PA;NC;;71153/USZ/PT 601472;28/07/2023 00:00;;;;
PS716000000776;14;FO716000000308;FO716000000332;CS716000000071;;;PA;NC;;71153/USZ/PT 601472;28/07/2023 00:00;;;;
PS716000000777;15;FO716000000309;FO716000000333;CS716000000071;;;PA;NC;;71153/USZ/PT 601472;28/07/2023 00:00;;;;
PS716000000778;16;FO716000000310;FO716000000334;CS716000000071;;;PA;NC;;71153/USZ/PT 601472;28/07/2023 00:00;;;;
PS716000000779;17;FO716000000311;FO716000000335;CS716000000071;;;PA;NC;;71153/USZ/PT 601472;28/07/2023 00:00;;;;
PS716000000780;18;FO716000000312;FO716000000336;CS716000000071;;;PA;NC;;71153/USZ/PT 601472;28/07/2023 00:00;;;;
PS716000000781;1;FO716000000319;;CS716000000074;;;AT;NC;;71153/USZ/PT 601473;28/07/2023 00:00;;;;
PS716000000782;2;FO716000000320;;CS716000000074;;;AT;NC;;71153/USZ/PT 601473;28/07/2023 00:00;;;;
PS716000000783;3;FO716000000321;;CS716000000074;;;AT;NC;;RESERVEE;28/07/2023 00:00;;;;
PS716000000784;4;FO716000000322;;CS716000000074;;;AT;NC;;RESERVEE;28/07/2023 00:00;;;;
PS716000000785;5;FO716000000323;;CS716000000074;;;AT;NC;;RESERVEE;28/07/2023 00:00;;;;
PS716000000786;6;FO716000000324;;CS716000000074;;;AT;NC;;RESERVEE;28/07/2023 00:00;;;;
PS716000000787;1;FO716000000325;FO716000000349;CS716000000075;;;PA;NC;;71153/USZ/PT 601473;28/07/2023 00:00;;;;
PS716000000788;2;FO716000000326;FO716000000350;CS716000000075;;;PA;NC;;71153/USZ/PT 601473;28/07/2023 00:00;;;;
PS716000000789;3;FO716000000327;FO716000000351;CS716000000075;;;PA;NC;;71153/USZ/PT 601473;28/07/2023 00:00;;;;
PS716000000790;4;FO716000000328;FO716000000352;CS716000000075;;;PA;NC;;71153/USZ/PT 601473;28/07/2023 00:00;;;;
PS716000000791;5;FO716000000329;FO716000000353;CS716000000075;;;PA;NC;;71153/USZ/PT 601473;28/07/2023 00:00;;;;
PS716000000792;6;FO716000000330;FO716000000354;CS716000000075;;;PA;NC;;71153/USZ/PT 601473;28/07/2023 00:00;;;;
PS716000000793;7;FO716000000331;FO716000000355;CS716000000075;;;PA;NC;;71153/USZ/PT 601473;28/07/2023 00:00;;;;
PS716000000794;8;FO716000000332;FO716000000356;CS716000000075;;;PA;NC;;71153/USZ/PT 601473;28/07/2023 00:00;;;;
PS716000000795;9;FO716000000333;FO716000000357;CS716000000075;;;PA;NC;;71153/USZ/PT 601473;28/07/2023 00:00;;;;
PS716000000796;10;FO716000000334;FO716000000358;CS716000000075;;;PA;NC;;71153/USZ/PT 601473;28/07/2023 00:00;;;;
PS716000000797;11;FO716000000335;FO716000000359;CS716000000075;;;PA;NC;;71153/USZ/PT 601473;28/07/2023 00:00;;;;
PS716000000798;12;FO716000000336;FO716000000360;CS716000000075;;;PA;NC;;71153/USZ/PT 601473;28/07/2023 00:00;;;;
PS716000000799;1;FO716000000349;;CS716000000077;;;AT;NC;;71153/USZ/PT 601474;28/07/2023 00:00;;;;
PS716000000800;2;FO716000000350;;CS716000000077;;;AT;NC;;71153/USZ/PT 601474;28/07/2023 00:00;;;;
PS716000000801;3;FO716000000351;;CS716000000077;;;AT;NC;;71153/USZ/PT 601474;28/07/2023 00:00;;;;
PS716000000802;4;FO716000000352;;CS716000000077;;;AT;NC;;71153/USZ/PT 601474;28/07/2023 00:00;;;;
PS716000000803;5;FO716000000353;;CS716000000077;;;AT;NC;;RESERVEE;28/07/2023 00:00;;;;
PS716000000804;6;FO716000000354;;CS716000000077;;;AT;NC;;RESERVEE;28/07/2023 00:00;;;;
PS716000000805;1;FO716000000355;FO716000002899;CS716000000078;;;PA;NC;;71153/USZ/PT 601474;28/07/2023 00:00;;;;
PS716000000806;2;FO716000000356;FO716000002900;CS716000000078;;;PA;NC;;71153/USZ/PT 601474;28/07/2023 00:00;;;;
PS716000000807;3;FO716000000357;FO716000002901;CS716000000078;;;PA;NC;;71153/USZ/PT 601474;28/07/2023 00:00;;;;
PS716000000808;4;FO716000000358;FO716000002902;CS716000000078;;;PA;NC;;71153/USZ/PT 601474;28/07/2023 00:00;;;;
PS716000000809;5;FO716000000359;FO716000002903;CS716000000078;;;PA;NC;;71153/USZ/PT 601474;28/07/2023 00:00;;;;
PS716000000810;6;FO716000000360;FO716000002904;CS716000000078;;;PA;NC;;71153/USZ/PT 601474;28/07/2023 00:00;;;;
PS716000000811;1;FO716000000361;;CS716000000079;;;AT;NC;;71153/USZ/PT 601475;28/07/2023 00:00;;;;
PS716000000812;2;FO716000000362;;CS716000000079;;;AT;NC;;71153/USZ/PT 601475;28/07/2023 00:00;;;;
PS716000000813;3;FO716000000363;;CS716000000079;;;AT;NC;;RESERVEE;28/07/2023 00:00;;;;
PS716000000814;4;FO716000000364;;CS716000000079;;;AT;NC;;RESERVEE;28/07/2023 00:00;;;;
PS716000000815;5;FO716000000365;;CS716000000079;;;AT;NC;;RESERVEE;28/07/2023 00:00;;;;
PS716000000816;6;FO716000000366;;CS716000000079;;;AT;NC;;RESERVEE;28/07/2023 00:00;;;;
PS716000000817;1;FO716000000367;FO716000000391;CS716000000080;;;PA;NC;;71153/USZ/PT 601475;28/07/2023 00:00;;;;
PS716000000818;2;FO716000000368;FO716000000392;CS716000000080;;;PA;NC;;71153/USZ/PT 601475;28/07/2023 00:00;;;;
PS716000000819;3;FO716000000369;FO716000000393;CS716000000080;;;PA;NC;;71153/USZ/PT 601475;28/07/2023 00:00;;;;
PS716000000820;4;FO716000000370;FO716000000394;CS716000000080;;;PA;NC;;71153/USZ/PT 601475;28/07/2023 00:00;;;;
PS716000000821;5;FO716000000371;FO716000000395;CS716000000080;;;PA;NC;;71153/USZ/PT 601475;28/07/2023 00:00;;;;
PS716000000822;6;FO716000000372;FO716000000396;CS716000000080;;;PA;NC;;71153/USZ/PT 601475;28/07/2023 00:00;;;;
PS716000000823;7;FO716000000373;FO716000000397;CS716000000080;;;PA;NC;;71153/USZ/PT 601475;28/07/2023 00:00;;;;
PS716000000824;8;FO716000000374;FO716000000398;CS716000000080;;;PA;NC;;71153/USZ/PT 601475;28/07/2023 00:00;;;;
PS716000000825;9;FO716000000375;FO716000000399;CS716000000080;;;PA;NC;;71153/USZ/PT 601475;28/07/2023 00:00;;;;
PS716000000826;10;FO716000000376;FO716000000400;CS716000000080;;;PA;NC;;71153/USZ/PT 601475;28/07/2023 00:00;;;;
PS716000000827;11;FO716000000377;FO716000000401;CS716000000080;;;PA;NC;;71153/USZ/PT 601475;28/07/2023 00:00;;;;
PS716000000828;12;FO716000000378;FO716000000402;CS716000000080;;;PA;NC;;71153/USZ/PT 601475;28/07/2023 00:00;;;;
PS716000000829;13;FO716000000379;FO716000000403;CS716000000080;;;PA;NC;;71153/USZ/PT 601475;28/07/2023 00:00;;;;
PS716000000830;14;FO716000000380;FO716000000404;CS716000000080;;;PA;NC;;71153/USZ/PT 601475;28/07/2023 00:00;;;;
PS716000000831;15;FO716000000381;FO716000000405;CS716000000080;;;PA;NC;;71153/USZ/PT 601475;28/07/2023 00:00;;;;
PS716000000832;16;FO716000000382;FO716000000406;CS716000000080;;;PA;NC;;71153/USZ/PT 601475;28/07/2023 00:00;;;;
PS716000000833;17;FO716000000383;FO716000000407;CS716000000080;;;PA;NC;;71153/USZ/PT 601475;28/07/2023 00:00;;;;
PS716000000834;18;FO716000000384;FO716000000408;CS716000000080;;;PA;NC;;71153/USZ/PT 601475;28/07/2023 00:00;;;;
PS716000000835;1;FO716000000391;;CS716000000083;;;AT;NC;;71153/USZ/PT 601476;28/07/2023 00:00;;;;
PS716000000836;2;FO716000000392;;CS716000000083;;;AT;NC;;71153/USZ/PT 601476;28/07/2023 00:00;;;;
PS716000000837;3;FO716000000393;;CS716000000083;;;AT;NC;;71153/USZ/PT 601476;28/07/2023 00:00;;;;
PS716000000838;4;FO716000000394;;CS716000000083;;;AT;NC;;71153/USZ/PT 601476;28/07/2023 00:00;;;;
PS716000000839;5;FO716000000395;;CS716000000083;;;AT;NC;;RESERVEE;28/07/2023 00:00;;;;
PS716000000840;6;FO716000000396;;CS716000000083;;;AT;NC;;RESERVEE;28/07/2023 00:00;;;;
PS716000000841;1;FO716000000397;FO716000000421;CS716000000084;;;PA;NC;;71153/USZ/PT 601476;28/07/2023 00:00;;;;
PS716000000842;2;FO716000000398;FO716000000422;CS716000000084;;;PA;NC;;71153/USZ/PT 601476;28/07/2023 00:00;;;;
PS716000000843;3;FO716000000399;FO716000000423;CS716000000084;;;PA;NC;;71153/USZ/PT 601476;28/07/2023 00:00;;;;
PS716000000844;4;FO716000000400;FO716000000424;CS716000000084;;;PA;NC;;71153/USZ/PT 601476;28/07/2023 00:00;;;;
PS716000000845;5;FO716000000401;FO716000000425;CS716000000084;;;PA;NC;;71153/USZ/PT 601476;28/07/2023 00:00;;;;
PS716000000846;6;FO716000000402;FO716000000426;CS716000000084;;;PA;NC;;71153/USZ/PT 601476;28/07/2023 00:00;;;;
PS716000000847;7;FO716000000403;FO716000000427;CS716000000084;;;PA;NC;;71153/USZ/PT 601476;28/07/2023 00:00;;;;
PS716000000848;8;FO716000000404;FO716000000428;CS716000000084;;;PA;NC;;71153/USZ/PT 601476;28/07/2023 00:00;;;;
PS716000000849;9;FO716000000405;FO716000000429;CS716000000084;;;PA;NC;;71153/USZ/PT 601476;28/07/2023 00:00;;;;
PS716000000850;10;FO716000000406;FO716000000430;CS716000000084;;;PA;NC;;71153/USZ/PT 601476;28/07/2023 00:00;;;;
PS716000000851;11;FO716000000407;FO716000000431;CS716000000084;;;PA;NC;;71153/USZ/PT 601476;28/07/2023 00:00;;;;
PS716000000852;12;FO716000000408;FO716000000432;CS716000000084;;;PA;NC;;71153/USZ/PT 601476;28/07/2023 00:00;;;;
PS716000000853;1;FO716000000421;;CS716000000086;;;AT;NC;;71153/USZ/PT 601477;28/07/2023 00:00;;;;
PS716000000854;2;FO716000000422;;CS716000000086;;;AT;NC;;71153/USZ/PT 601477;28/07/2023 00:00;;;;
PS716000000855;3;FO716000000423;;CS716000000086;;;AT;NC;;71153/USZ/PT 601477;28/07/2023 00:00;;;;
PS716000000856;4;FO716000000424;;CS716000000086;;;AT;NC;;71153/USZ/PT 601477;28/07/2023 00:00;;;;
PS716000000857;5;FO716000000425;;CS716000000086;;;AT;NC;;71153/USZ/PT 601477;28/07/2023 00:00;;;;
PS716000000858;6;FO716000000426;;CS716000000086;;;AT;NC;;RESERVEE;28/07/2023 00:00;;;;
PS716000000859;1;FO716000000427;FO716000000451;CS716000000087;;;PA;NC;;71153/USZ/PT 601477;28/07/2023 00:00;;;;
PS716000000860;2;FO716000000428;FO716000000452;CS716000000087;;;PA;NC;;71153/USZ/PT 601477;28/07/2023 00:00;;;;
PS716000000861;3;FO716000000429;FO716000000453;CS716000000087;;;PA;NC;;71153/USZ/PT 601477;28/07/2023 00:00;;;;
PS716000000862;4;FO716000000430;FO716000000454;CS716000000087;;;PA;NC;;71153/USZ/PT 601477;28/07/2023 00:00;;;;
PS716000000863;5;FO716000000431;FO716000000455;CS716000000087;;;PA;NC;;71153/USZ/PT 601477;28/07/2023 00:00;;;;
PS716000000864;6;FO716000000432;FO716000000456;CS716000000087;;;PA;NC;;71153/USZ/PT 601477;28/07/2023 00:00;;;;
PS716000000865;1;FO716000000451;;CS716000000088;;;AT;NC;;71153/USZ/PT 601478;28/07/2023 00:00;;;;
PS716000000866;2;FO716000000452;;CS716000000088;;;AT;NC;;71153/USZ/PT 601478;28/07/2023 00:00;;;;
PS716000000867;3;FO716000000453;;CS716000000088;;;AT;NC;;71153/USZ/PT 601478;28/07/2023 00:00;;;;
PS716000000868;4;FO716000000454;;CS716000000088;;;AT;NC;;71153/USZ/PT 601478;28/07/2023 00:00;;;;
PS716000000869;5;FO716000000455;;CS716000000088;;;AT;NC;;RESERVEE;28/07/2023 00:00;;;;
PS716000000870;6;FO716000000456;;CS716000000088;;;AT;NC;;RESERVEE;28/07/2023 00:00;;;;
PS716000000871;1;FO716000000457;;CS716000000089;;;AT;NC;;71153/USZ/PT 601479;28/07/2023 00:00;;;;
PS716000000872;2;FO716000000458;;CS716000000089;;;AT;NC;;71153/USZ/PT 601479;28/07/2023 00:00;;;;
PS716000000873;3;FO716000000459;;CS716000000089;;;AT;NC;;71153/USZ/PT 601479;28/07/2023 00:00;;;;
PS716000000874;4;FO716000000460;;CS716000000089;;;AT;NC;;71153/USZ/PT 601479;28/07/2023 00:00;;;;
PS716000000875;5;FO716000000461;;CS716000000089;;;AT;NC;;RESERVEE;28/07/2023 00:00;;;;
PS716000000876;6;FO716000000462;;CS716000000089;;;AT;NC;;RESERVEE;28/07/2023 00:00;;;;
PS716000000877;1;FO716000000463;FO716000000475;CS716000000090;;;PA;NC;;71153/USZ/PT 601479;28/07/2023 00:00;;;;
PS716000000878;2;FO716000000464;FO716000000476;CS716000000090;;;PA;NC;;71153/USZ/PT 601479;28/07/2023 00:00;;;;
PS716000000879;3;FO716000000465;FO716000000477;CS716000000090;;;PA;NC;;71153/USZ/PT 601479;28/07/2023 00:00;;;;
PS716000000880;4;FO716000000466;FO716000000478;CS716000000090;;;PA;NC;;71153/USZ/PT 601479;28/07/2023 00:00;;;;
PS716000000881;5;FO716000000467;FO716000000479;CS716000000090;;;PA;NC;;71153/USZ/PT 601479;28/07/2023 00:00;;;;
PS716000000882;6;FO716000000468;FO716000000480;CS716000000090;;;PA;NC;;71153/USZ/PT 601479;28/07/2023 00:00;;;;
PS716000000883;1;FO716000000475;;CS716000000091;;;AT;NC;;71153/USZ/PT 601480;28/07/2023 00:00;;;;
PS716000000884;2;FO716000000476;;CS716000000091;;;AT;NC;;71153/USZ/PT 601480;28/07/2023 00:00;;;;
PS716000000885;3;FO716000000477;;CS716000000091;;;AT;NC;;RESERVEE;28/07/2023 00:00;;;;
PS716000000886;4;FO716000000478;;CS716000000091;;;AT;NC;;RESERVEE;28/07/2023 00:00;;;;
PS716000000887;5;FO716000000479;;CS716000000091;;;AT;NC;;RESERVEE;28/07/2023 00:00;;;;
PS716000000888;6;FO716000000480;;CS716000000091;;;AT;NC;;RESERVEE;28/07/2023 00:00;;;;
PS716000000889;1;FO716000000481;;CS716000000092;;;AT;NC;;71153/USZ/PT 601481;28/07/2023 00:00;;;;
PS716000000890;2;FO716000000482;;CS716000000092;;;AT;NC;;71153/USZ/PT 601481;28/07/2023 00:00;;;;
PS716000000891;3;FO716000000483;;CS716000000092;;;AT;NC;;71153/USZ/PT 601481;28/07/2023 00:00;;;;
PS716000000892;4;FO716000000484;;CS716000000092;;;AT;NC;;71153/USZ/PT 601481;28/07/2023 00:00;;;;
PS716000000893;5;FO716000000485;;CS716000000092;;;AT;NC;;RESERVEE;28/07/2023 00:00;;;;
PS716000000894;6;FO716000000486;;CS716000000092;;;AT;NC;;RESERVEE;28/07/2023 00:00;;;;
PS716000000895;1;FO716000000487;FO716000000499;CS716000000093;;;PA;NC;;71153/USZ/PT 601481;28/07/2023 00:00;;;;
PS716000000896;2;FO716000000488;FO716000000500;CS716000000093;;;PA;NC;;71153/USZ/PT 601481;28/07/2023 00:00;;;;
PS716000000897;3;FO716000000489;FO716000000501;CS716000000093;;;PA;NC;;71153/USZ/PT 601481;28/07/2023 00:00;;;;
PS716000000898;4;FO716000000490;FO716000000502;CS716000000093;;;PA;NC;;71153/USZ/PT 601481;28/07/2023 00:00;;;;
PS716000000899;5;FO716000000491;FO716000000503;CS716000000093;;;PA;NC;;71153/USZ/PT 601481;28/07/2023 00:00;;;;
PS716000000900;6;FO716000000492;FO716000000504;CS716000000093;;;PA;NC;;71153/USZ/PT 601481;28/07/2023 00:00;;;;
PS716000000901;1;FO716000000499;;CS716000000094;;;AT;NC;;71153/USZ/PT 601482;28/07/2023 00:00;;;;
PS716000000902;2;FO716000000500;;CS716000000094;;;AT;NC;;71153/USZ/PT 601482;28/07/2023 00:00;;;;
PS716000000903;3;FO716000000501;;CS716000000094;;;AT;NC;;71153/USZ/PT 601482;28/07/2023 00:00;;;;
PS716000000904;4;FO716000000502;;CS716000000094;;;AT;NC;;71153/USZ/PT 601482;28/07/2023 00:00;;;;
PS716000000905;5;FO716000000503;;CS716000000094;;;AT;NC;;RESERVEE;28/07/2023 00:00;;;;
PS716000000906;6;FO716000000504;;CS716000000094;;;AT;NC;;RESERVEE;28/07/2023 00:00;;;;
PS716000000907;1;FO716000000505;;CS716000000095;;;AT;NC;;71153/USZ/PT 601483;28/07/2023 00:00;;;;
PS716000000908;2;FO716000000506;;CS716000000095;;;AT;NC;;71153/USZ/PT 601483;28/07/2023 00:00;;;;
PS716000000909;3;FO716000000507;;CS716000000095;;;AT;NC;;RESERVEE;28/07/2023 00:00;;;;
PS716000000910;4;FO716000000508;;CS716000000095;;;AT;NC;;RESERVEE;28/07/2023 00:00;;;;
PS716000000911;5;FO716000000509;;CS716000000095;;;AT;NC;;RESERVEE;28/07/2023 00:00;;;;
PS716000000912;6;FO716000000510;;CS716000000095;;;AT;NC;;RESERVEE;28/07/2023 00:00;;;;
PS716000000913;1;FO716000000511;FO716000000523;CS716000000096;;;PA;NC;;71153/USZ/PT 601483;28/07/2023 00:00;;;;
PS716000000914;2;FO716000000512;FO716000000524;CS716000000096;;;PA;NC;;71153/USZ/PT 601483;28/07/2023 00:00;;;;
PS716000000915;3;FO716000000513;FO716000000525;CS716000000096;;;PA;NC;;71153/USZ/PT 601483;28/07/2023 00:00;;;;
PS716000000916;4;FO716000000514;FO716000000526;CS716000000096;;;PA;NC;;71153/USZ/PT 601483;28/07/2023 00:00;;;;
PS716000000917;5;FO716000000515;FO716000000527;CS716000000096;;;PA;NC;;71153/USZ/PT 601483;28/07/2023 00:00;;;;
PS716000000918;6;FO716000000516;FO716000000528;CS716000000096;;;PA;NC;;71153/USZ/PT 601483;28/07/2023 00:00;;;;
PS716000000919;1;FO716000000523;;CS716000000097;;;AT;NC;;71153/USZ/PT 601484;28/07/2023 00:00;;;;
PS716000000920;2;FO716000000524;;CS716000000097;;;AT;NC;;71153/USZ/PT 601484;28/07/2023 00:00;;;;
PS716000000921;3;FO716000000525;;CS716000000097;;;AT;NC;;71153/USZ/PT 601484;28/07/2023 00:00;;;;
PS716000000922;4;FO716000000526;;CS716000000097;;;AT;NC;;71153/USZ/PT 601484;28/07/2023 00:00;;;;
PS716000000923;5;FO716000000527;;CS716000000097;;;AT;NC;;RESERVEE;28/07/2023 00:00;;;;
PS716000000924;6;FO716000000528;;CS716000000097;;;AT;NC;;RESERVEE;28/07/2023 00:00;;;;
PS716000000925;1;FO716000000529;;CS716000000098;;;AT;NC;;71153/USZ/PT 601485;28/07/2023 00:00;;;;
PS716000000926;2;FO716000000530;;CS716000000098;;;AT;NC;;71153/USZ/PT 601485;28/07/2023 00:00;;;;
PS716000000927;3;FO716000000531;;CS716000000098;;;AT;NC;;71153/USZ/PT 601485;28/07/2023 00:00;;;;
PS716000000928;4;FO716000000532;;CS716000000098;;;AT;NC;;71153/USZ/PT 601485;28/07/2023 00:00;;;;
PS716000000929;5;FO716000000533;;CS716000000098;;;AT;NC;;71153/USZ/PT 601485;28/07/2023 00:00;;;;
PS716000000930;6;FO716000000534;;CS716000000098;;;AT;NC;;RESERVEE;28/07/2023 00:00;;;;
PS716000000931;1;FO716000000535;FO716000000559;CS716000000099;;;PA;NC;;71153/USZ/PT 601485;28/07/2023 00:00;;;;
PS716000000932;2;FO716000000536;FO716000000560;CS716000000099;;;PA;NC;;71153/USZ/PT 601485;28/07/2023 00:00;;;;
PS716000000933;3;FO716000000537;FO716000000561;CS716000000099;;;PA;NC;;71153/USZ/PT 601485;28/07/2023 00:00;;;;
PS716000000934;4;FO716000000538;FO716000000562;CS716000000099;;;PA;NC;;71153/USZ/PT 601485;28/07/2023 00:00;;;;
PS716000000935;5;FO716000000539;FO716000000563;CS716000000099;;;PA;NC;;71153/USZ/PT 601485;28/07/2023 00:00;;;;
PS716000000936;6;FO716000000540;FO716000000564;CS716000000099;;;PA;NC;;71153/USZ/PT 601485;28/07/2023 00:00;;;;
PS716000000937;7;FO716000000541;FO716000000565;CS716000000099;;;PA;NC;;71153/USZ/PT 601485;28/07/2023 00:00;;;;
PS716000000938;8;FO716000000542;FO716000000566;CS716000000099;;;PA;NC;;71153/USZ/PT 601485;28/07/2023 00:00;;;;
PS716000000939;9;FO716000000543;FO716000000567;CS716000000099;;;PA;NC;;71153/USZ/PT 601485;28/07/2023 00:00;;;;
PS716000000940;10;FO716000000544;FO716000000568;CS716000000099;;;PA;NC;;71153/USZ/PT 601485;28/07/2023 00:00;;;;
PS716000000941;11;FO716000000545;FO716000000569;CS716000000099;;;PA;NC;;71153/USZ/PT 601485;28/07/2023 00:00;;;;
PS716000000942;12;FO716000000546;FO716000000570;CS716000000099;;;PA;NC;;71153/USZ/PT 601485;28/07/2023 00:00;;;;
PS716000000943;13;FO716000000547;FO716000000571;CS716000000099;;;PA;NC;;71153/USZ/PT 601485;28/07/2023 00:00;;;;
PS716000000944;14;FO716000000548;FO716000000572;CS716000000099;;;PA;NC;;71153/USZ/PT 601485;28/07/2023 00:00;;;;
PS716000000945;15;FO716000000549;FO716000000573;CS716000000099;;;PA;NC;;71153/USZ/PT 601485;28/07/2023 00:00;;;;
PS716000000946;16;FO716000000550;FO716000000574;CS716000000099;;;PA;NC;;71153/USZ/PT 601485;28/07/2023 00:00;;;;
PS716000000947;17;FO716000000551;FO716000000575;CS716000000099;;;PA;NC;;71153/USZ/PT 601485;28/07/2023 00:00;;;;
PS716000000948;18;FO716000000552;FO716000000576;CS716000000099;;;PA;NC;;71153/USZ/PT 601485;28/07/2023 00:00;;;;
PS716000000949;1;FO716000000559;;CS716000000102;;;AT;NC;;71153/USZ/PT 601486;28/07/2023 00:00;;;;
PS716000000950;2;FO716000000560;;CS716000000102;;;AT;NC;;71153/USZ/PT 601486;28/07/2023 00:00;;;;
PS716000000951;3;FO716000000561;;CS716000000102;;;AT;NC;;71153/USZ/PT 601486;28/07/2023 00:00;;;;
PS716000000952;4;FO716000000562;;CS716000000102;;;AT;NC;;71153/USZ/PT 601486;28/07/2023 00:00;;;;
PS716000000953;5;FO716000000563;;CS716000000102;;;AT;NC;;RESERVEE;28/07/2023 00:00;;;;
PS716000000954;6;FO716000000564;;CS716000000102;;;AT;NC;;RESERVEE;28/07/2023 00:00;;;;
PS716000000955;1;FO716000000565;FO716000000589;CS716000000103;;;PA;NC;;71153/USZ/PT 601486;28/07/2023 00:00;;;;
PS716000000956;2;FO716000000566;FO716000000590;CS716000000103;;;PA;NC;;71153/USZ/PT 601486;28/07/2023 00:00;;;;
PS716000000957;3;FO716000000567;FO716000000591;CS716000000103;;;PA;NC;;71153/USZ/PT 601486;28/07/2023 00:00;;;;
PS716000000958;4;FO716000000568;FO716000000592;CS716000000103;;;PA;NC;;71153/USZ/PT 601486;28/07/2023 00:00;;;;
PS716000000959;5;FO716000000569;FO716000000593;CS716000000103;;;PA;NC;;71153/USZ/PT 601486;28/07/2023 00:00;;;;
PS716000000960;6;FO716000000570;FO716000000594;CS716000000103;;;PA;NC;;71153/USZ/PT 601486;28/07/2023 00:00;;;;
PS716000000961;7;FO716000000571;FO716000000595;CS716000000103;;;PA;NC;;71153/USZ/PT 601486;28/07/2023 00:00;;;;
PS716000000962;8;FO716000000572;FO716000000596;CS716000000103;;;PA;NC;;71153/USZ/PT 601486;28/07/2023 00:00;;;;
PS716000000963;9;FO716000000573;FO716000000597;CS716000000103;;;PA;NC;;71153/USZ/PT 601486;28/07/2023 00:00;;;;
PS716000000964;10;FO716000000574;FO716000000598;CS716000000103;;;PA;NC;;71153/USZ/PT 601486;28/07/2023 00:00;;;;
PS716000000965;11;FO716000000575;FO716000000599;CS716000000103;;;PA;NC;;71153/USZ/PT 601486;28/07/2023 00:00;;;;
PS716000000966;12;FO716000000576;FO716000000600;CS716000000103;;;PA;NC;;71153/USZ/PT 601486;28/07/2023 00:00;;;;
PS716000000967;1;FO716000000589;;CS716000000105;;;AT;NC;;71153/USZ/PT 601487;28/07/2023 00:00;;;;
PS716000000968;2;FO716000000590;;CS716000000105;;;AT;NC;;71153/USZ/PT 601487;28/07/2023 00:00;;;;
PS716000000969;3;FO716000000591;;CS716000000105;;;AT;NC;;71153/USZ/PT 601487;28/07/2023 00:00;;;;
PS716000000970;4;FO716000000592;;CS716000000105;;;AT;NC;;71153/USZ/PT 601487;28/07/2023 00:00;;;;
PS716000000971;5;FO716000000593;;CS716000000105;;;AT;NC;;71153/USZ/PT 601487;28/07/2023 00:00;;;;
PS716000000972;6;FO716000000594;;CS716000000105;;;AT;NC;;RESERVEE;28/07/2023 00:00;;;;
PS716000000973;1;FO716000000595;FO716000000619;CS716000000106;;;PA;NC;;71153/USZ/PT 601487;28/07/2023 00:00;;;;
PS716000000974;2;FO716000000596;FO716000000620;CS716000000106;;;PA;NC;;71153/USZ/PT 601487;28/07/2023 00:00;;;;
PS716000000975;3;FO716000000597;FO716000000621;CS716000000106;;;PA;NC;;71153/USZ/PT 601487;28/07/2023 00:00;;;;
PS716000000976;4;FO716000000598;FO716000000622;CS716000000106;;;PA;NC;;71153/USZ/PT 601487;28/07/2023 00:00;;;;
PS716000000977;5;FO716000000599;FO716000000623;CS716000000106;;;PA;NC;;71153/USZ/PT 601487;28/07/2023 00:00;;;;
PS716000000978;6;FO716000000600;FO716000000624;CS716000000106;;;PA;NC;;71153/USZ/PT 601487;28/07/2023 00:00;;;;
PS716000000979;1;FO716000000619;;CS716000000107;;;AT;NC;;71153/USZ/PT 601488;28/07/2023 00:00;;;;
PS716000000980;2;FO716000000620;;CS716000000107;;;AT;NC;;71153/USZ/PT 601488;28/07/2023 00:00;;;;
PS716000000981;3;FO716000000621;;CS716000000107;;;AT;NC;;71153/USZ/PT 601488;28/07/2023 00:00;;;;
PS716000000982;4;FO716000000622;;CS716000000107;;;AT;NC;;71153/USZ/PT 601488;28/07/2023 00:00;;;;
PS716000000983;5;FO716000000623;;CS716000000107;;;AT;NC;;71153/USZ/PT 601488;28/07/2023 00:00;;;;
PS716000000984;6;FO716000000624;;CS716000000107;;;AT;NC;;RESERVEE;28/07/2023 00:00;;;;
PS716000000985;1;FO716000000625;;CS716000000108;;;AT;NC;;71153/USZ/PT 601489;28/07/2023 00:00;;;;
PS716000000986;2;FO716000000626;;CS716000000108;;;AT;NC;;71153/USZ/PT 601489;28/07/2023 00:00;;;;
PS716000000987;3;FO716000000627;;CS716000000108;;;AT;NC;;71153/USZ/PT 601489;28/07/2023 00:00;;;;
PS716000000988;4;FO716000000628;;CS716000000108;;;AT;NC;;71153/USZ/PT 601489;28/07/2023 00:00;;;;
PS716000000989;5;FO716000000629;;CS716000000108;;;AT;NC;;71153/USZ/PT 601489;28/07/2023 00:00;;;;
PS716000000990;6;FO716000000630;;CS716000000108;;;AT;NC;;RESERVEE;28/07/2023 00:00;;;;
PS716000000991;1;FO716000000631;FO716000000643;CS716000000109;;;PA;NC;;71153/USZ/PT 601489;28/07/2023 00:00;;;;
PS716000000992;2;FO716000000632;FO716000000644;CS716000000109;;;PA;NC;;71153/USZ/PT 601489;28/07/2023 00:00;;;;
PS716000000993;3;FO716000000633;FO716000000645;CS716000000109;;;PA;NC;;71153/USZ/PT 601489;28/07/2023 00:00;;;;
PS716000000994;4;FO716000000634;FO716000000646;CS716000000109;;;PA;NC;;71153/USZ/PT 601489;28/07/2023 00:00;;;;
PS716000000995;5;FO716000000635;FO716000000647;CS716000000109;;;PA;NC;;71153/USZ/PT 601489;28/07/2023 00:00;;;;
PS716000000996;6;FO716000000636;FO716000000648;CS716000000109;;;PA;NC;;71153/USZ/PT 601489;28/07/2023 00:00;;;;
PS716000000997;1;FO716000000643;;CS716000000110;;;AT;NC;;71153/USZ/PT 601490;28/07/2023 00:00;;;;
PS716000000998;2;FO716000000644;;CS716000000110;;;AT;NC;;71153/USZ/PT 601490;28/07/2023 00:00;;;;
PS716000000999;3;FO716000000645;;CS716000000110;;;AT;NC;;RESERVEE;28/07/2023 00:00;;;;
PS716000001000;4;FO716000000646;;CS716000000110;;;AT;NC;;RESERVEE;28/07/2023 00:00;;;;
PS716000001001;5;FO716000000647;;CS716000000110;;;AT;NC;;RESERVEE;28/07/2023 00:00;;;;
PS716000001002;6;FO716000000648;;CS716000000110;;;AT;NC;;RESERVEE;28/07/2023 00:00;;;;
PS716000001003;1;FO716000000649;;CS716000000111;;;AT;NC;;71153/USZ/PT 601491;28/07/2023 00:00;;;;
PS716000001004;2;FO716000000650;;CS716000000111;;;AT;NC;;71153/USZ/PT 601491;28/07/2023 00:00;;;;
PS716000001005;3;FO716000000651;FO716000000657;CS716000000111;;;PA;NC;;71153/USZ/PT 601491;28/07/2023 00:00;;;;
PS716000001006;4;FO716000000652;FO716000000658;CS716000000111;;;PA;NC;;71153/USZ/PT 601491;28/07/2023 00:00;;;;
PS716000001007;5;FO716000000653;FO716000000659;CS716000000111;;;PA;NC;;71153/USZ/PT 601491;28/07/2023 00:00;;;;
PS716000001008;6;FO716000000654;FO716000000660;CS716000000111;;;PA;NC;;71153/USZ/PT 601491;28/07/2023 00:00;;;;
PS716000001009;1;FO716000000657;;CS716000000112;;;AT;NC;;71153/USZ/PT 601492;28/07/2023 00:00;;;;
PS716000001010;2;FO716000000658;;CS716000000112;;;AT;NC;;71153/USZ/PT 601492;28/07/2023 00:00;;;;
PS716000001011;3;FO716000000659;;CS716000000112;;;AT;NC;;71153/USZ/PT 601492;28/07/2023 00:00;;;;
PS716000001012;4;FO716000000660;;CS716000000112;;;AT;NC;;RESERVEE;28/07/2023 00:00;;;;
PS716000001013;1;FO716000000661;FO716000000805;CS716000000113;;;EP;NC;;71153/USZ/PT 601493;28/07/2023 00:00;;;;
PS716000001014;2;FO716000000662;FO716000000806;CS716000000113;;;EP;NC;;71153/USZ/PT 601493;28/07/2023 00:00;;;;
PS716000001015;3;FO716000000663;FO716000000807;CS716000000113;;;EP;NC;;71153/USZ/PT 601493;28/07/2023 00:00;;;;
PS716000001016;4;FO716000000664;FO716000000808;CS716000000113;;;EP;NC;;71153/USZ/PT 601493;28/07/2023 00:00;;;;
PS716000001017;5;FO716000000665;FO716000000809;CS716000000113;;;EP;NC;;71153/USZ/PT 601493;28/07/2023 00:00;;;;
PS716000001018;6;FO716000000666;FO716000000810;CS716000000113;;;EP;NC;;71153/USZ/PT 601493;28/07/2023 00:00;;;;
PS716000001019;1;FO716000000715;FO716000001039;CS716000000114;;;EP;NC;;71153/USZ/PT 601493;28/07/2023 00:00;;;;
PS716000001020;2;FO716000000716;FO716000001040;CS716000000114;;;EP;NC;;71153/USZ/PT 601493;28/07/2023 00:00;;;;
PS716000001021;3;FO716000000717;FO716000001041;CS716000000114;;;EP;NC;;71153/USZ/PT 601493;28/07/2023 00:00;;;;
PS716000001022;4;FO716000000718;FO716000001042;CS716000000114;;;EP;NC;;71153/USZ/PT 601493;28/07/2023 00:00;;;;
PS716000001023;5;FO716000000719;FO716000001043;CS716000000114;;;EP;NC;;71153/USZ/PT 601493;28/07/2023 00:00;;;;
PS716000001024;6;FO716000000720;FO716000001044;CS716000000114;;;EP;NC;;71153/USZ/PT 601493;28/07/2023 00:00;;;;
PS716000001025;1;FO716000000721;FO716000001117;CS716000000115;;;EP;NC;;71153/USZ/PT 601493;28/07/2023 00:00;;;;
PS716000001026;2;FO716000000722;FO716000001118;CS716000000115;;;EP;NC;;71153/USZ/PT 601493;28/07/2023 00:00;;;;
PS716000001027;3;FO716000000723;FO716000001119;CS716000000115;;;EP;NC;;71153/USZ/PT 601493;28/07/2023 00:00;;;;
PS716000001028;4;FO716000000724;FO716000001120;CS716000000115;;;EP;NC;;71153/USZ/PT 601493;28/07/2023 00:00;;;;
PS716000001029;5;FO716000000725;FO716000001121;CS716000000115;;;EP;NC;;71153/USZ/PT 601493;28/07/2023 00:00;;;;
PS716000001030;6;FO716000000726;FO716000001122;CS716000000115;;;EP;NC;;71153/USZ/PT 601493;28/07/2023 00:00;;;;
PS716000001031;1;FO716000000727;FO716000001123;CS716000000116;;;EP;NC;;71153/USZ/PT 601493;28/07/2023 00:00;;;;
PS716000001032;2;FO716000000728;FO716000001124;CS716000000116;;;EP;NC;;71153/USZ/PT 601493;28/07/2023 00:00;;;;
PS716000001033;3;FO716000000729;FO716000001125;CS716000000116;;;EP;NC;;71153/USZ/PT 601493;28/07/2023 00:00;;;;
PS716000001034;4;FO716000000730;FO716000001126;CS716000000116;;;EP;NC;;71153/USZ/PT 601493;28/07/2023 00:00;;;;
PS716000001035;5;FO716000000731;FO716000001127;CS716000000116;;;EP;NC;;71153/USZ/PT 601493;28/07/2023 00:00;;;;
PS716000001036;6;FO716000000732;FO716000001128;CS716000000116;;;EP;NC;;71153/USZ/PT 601493;28/07/2023 00:00;;;;
PS716000001037;1;FO716000000733;FO716000001141;CS716000000117;;;EP;NC;;71153/USZ/PT 601493;28/07/2023 00:00;;;;
PS716000001038;2;FO716000000734;FO716000001142;CS716000000117;;;EP;NC;;71153/USZ/PT 601493;28/07/2023 00:00;;;;
PS716000001039;3;FO716000000735;FO716000001143;CS716000000117;;;EP;NC;;71153/USZ/PT 601493;28/07/2023 00:00;;;;
PS716000001040;4;FO716000000736;FO716000001144;CS716000000117;;;EP;NC;;71153/USZ/PT 601493;28/07/2023 00:00;;;;
PS716000001041;5;FO716000000737;FO716000001145;CS716000000117;;;EP;NC;;71153/USZ/PT 601493;28/07/2023 00:00;;;;
PS716000001042;6;FO716000000738;FO716000001146;CS716000000117;;;EP;NC;;71153/USZ/PT 601493;28/07/2023 00:00;;;;
PS716000001043;1;FO716000000739;FO716000001147;CS716000000118;;;EP;NC;;71153/USZ/PT 601493;28/07/2023 00:00;;;;
PS716000001044;2;FO716000000740;FO716000001148;CS716000000118;;;EP;NC;;71153/USZ/PT 601493;28/07/2023 00:00;;;;
PS716000001045;3;FO716000000741;FO716000001149;CS716000000118;;;EP;NC;;71153/USZ/PT 601493;28/07/2023 00:00;;;;
PS716000001046;4;FO716000000742;FO716000001150;CS716000000118;;;EP;NC;;71153/USZ/PT 601493;28/07/2023 00:00;;;;
PS716000001047;5;FO716000000743;FO716000001151;CS716000000118;;;EP;NC;;71153/USZ/PT 601493;28/07/2023 00:00;;;;
PS716000001048;6;FO716000000744;FO716000001152;CS716000000118;;;EP;NC;;71153/USZ/PT 601493;28/07/2023 00:00;;;;
PS716000001049;1;FO716000000745;FO716000001165;CS716000000119;;;EP;NC;;71153/USZ/PT 601493;28/07/2023 00:00;;;;
PS716000001050;2;FO716000000746;FO716000001166;CS716000000119;;;EP;NC;;71153/USZ/PT 601493;28/07/2023 00:00;;;;
PS716000001051;3;FO716000000747;FO716000001167;CS716000000119;;;EP;NC;;71153/USZ/PT 601493;28/07/2023 00:00;;;;
PS716000001052;4;FO716000000748;FO716000001168;CS716000000119;;;EP;NC;;71153/USZ/PT 601493;28/07/2023 00:00;;;;
PS716000001053;5;FO716000000749;FO716000001169;CS716000000119;;;EP;NC;;71153/USZ/PT 601493;28/07/2023 00:00;;;;
PS716000001054;6;FO716000000750;FO716000001170;CS716000000119;;;EP;NC;;71153/USZ/PT 601493;28/07/2023 00:00;;;;
PS716000001055;1;FO716000000751;FO716000001171;CS716000000120;;;EP;NC;;71153/USZ/PT 601493;28/07/2023 00:00;;;;
PS716000001056;2;FO716000000752;FO716000001172;CS716000000120;;;EP;NC;;71153/USZ/PT 601493;28/07/2023 00:00;;;;
PS716000001057;3;FO716000000753;FO716000001173;CS716000000120;;;EP;NC;;71153/USZ/PT 601493;28/07/2023 00:00;;;;
PS716000001058;4;FO716000000754;FO716000001174;CS716000000120;;;EP;NC;;71153/USZ/PT 601493;28/07/2023 00:00;;;;
PS716000001059;5;FO716000000755;FO716000001175;CS716000000120;;;EP;NC;;71153/USZ/PT 601493;28/07/2023 00:00;;;;
PS716000001060;6;FO716000000756;FO716000001176;CS716000000120;;;EP;NC;;71153/USZ/PT 601493;28/07/2023 00:00;;;;
PS716000001061;1;FO716000000757;FO716000001189;CS716000000121;;;EP;NC;;71153/USZ/PT 601493;28/07/2023 00:00;;;;
PS716000001062;2;FO716000000758;FO716000001190;CS716000000121;;;EP;NC;;71153/USZ/PT 601493;28/07/2023 00:00;;;;
PS716000001063;3;FO716000000759;FO716000001191;CS716000000121;;;EP;NC;;71153/USZ/PT 601493;28/07/2023 00:00;;;;
PS716000001064;4;FO716000000760;FO716000001192;CS716000000121;;;EP;NC;;71153/USZ/PT 601493;28/07/2023 00:00;;;;
PS716000001065;5;FO716000000761;FO716000001193;CS716000000121;;;EP;NC;;71153/USZ/PT 601493;28/07/2023 00:00;;;;
PS716000001066;6;FO716000000762;FO716000001194;CS716000000121;;;EP;NC;;71153/USZ/PT 601493;28/07/2023 00:00;;;;
PS716000001067;1;FO716000000763;FO716000001195;CS716000000122;;;EP;NC;;71153/USZ/PT 601493;28/07/2023 00:00;;;;
PS716000001068;2;FO716000000764;FO716000001196;CS716000000122;;;EP;NC;;71153/USZ/PT 601493;28/07/2023 00:00;;;;
PS716000001069;3;FO716000000765;FO716000001197;CS716000000122;;;EP;NC;;71153/USZ/PT 601493;28/07/2023 00:00;;;;
PS716000001070;4;FO716000000766;FO716000001198;CS716000000122;;;EP;NC;;71153/USZ/PT 601493;28/07/2023 00:00;;;;
PS716000001071;5;FO716000000767;FO716000001199;CS716000000122;;;EP;NC;;71153/USZ/PT 601493;28/07/2023 00:00;;;;
PS716000001072;6;FO716000000768;FO716000001200;CS716000000122;;;EP;NC;;71153/USZ/PT 601493;28/07/2023 00:00;;;;
PS716000001073;1;FO716000000769;FO716000001201;CS716000000123;;;EP;NC;;71153/USZ/PT 601493;28/07/2023 00:00;;;;
PS716000001074;2;FO716000000770;FO716000001202;CS716000000123;;;EP;NC;;71153/USZ/PT 601493;28/07/2023 00:00;;;;
PS716000001075;3;FO716000000771;FO716000001203;CS716000000123;;;EP;NC;;71153/USZ/PT 601493;28/07/2023 00:00;;;;
PS716000001076;4;FO716000000772;FO716000001204;CS716000000123;;;EP;NC;;71153/USZ/PT 601493;28/07/2023 00:00;;;;
PS716000001077;5;FO716000000773;FO716000001205;CS716000000123;;;EP;NC;;71153/USZ/PT 601493;28/07/2023 00:00;;;;
PS716000001078;6;FO716000000774;FO716000001206;CS716000000123;;;EP;NC;;71153/USZ/PT 601493;28/07/2023 00:00;;;;
PS716000001079;1;FO716000000667;FO716000000811;CS716000000124;;;EP;NC;;71153/USZ/PT 601493;28/07/2023 00:00;;;;
PS716000001080;2;FO716000000668;FO716000000812;CS716000000124;;;EP;NC;;71153/USZ/PT 601493;28/07/2023 00:00;;;;
PS716000001081;3;FO716000000669;FO716000000813;CS716000000124;;;EP;NC;;71153/USZ/PT 601493;28/07/2023 00:00;;;;
PS716000001082;4;FO716000000670;FO716000000814;CS716000000124;;;EP;NC;;71153/USZ/PT 601493;28/07/2023 00:00;;;;
PS716000001083;5;FO716000000671;FO716000000815;CS716000000124;;;EP;NC;;71153/USZ/PT 601493;28/07/2023 00:00;;;;
PS716000001084;6;FO716000000672;FO716000000816;CS716000000124;;;EP;NC;;71153/USZ/PT 601493;28/07/2023 00:00;;;;
PS716000001085;1;FO716000000775;FO716000001207;CS716000000125;;;EP;NC;;71153/USZ/PT 601493;28/07/2023 00:00;;;;
PS716000001086;2;FO716000000776;FO716000001208;CS716000000125;;;EP;NC;;71153/USZ/PT 601493;28/07/2023 00:00;;;;
PS716000001087;3;FO716000000777;FO716000001209;CS716000000125;;;EP;NC;;71153/USZ/PT 601493;28/07/2023 00:00;;;;
PS716000001088;4;FO716000000778;FO716000001210;CS716000000125;;;EP;NC;;71153/USZ/PT 601493;28/07/2023 00:00;;;;
PS716000001089;5;FO716000000779;FO716000001211;CS716000000125;;;EP;NC;;71153/USZ/PT 601493;28/07/2023 00:00;;;;
PS716000001090;6;FO716000000780;FO716000001212;CS716000000125;;;EP;NC;;71153/USZ/PT 601493;28/07/2023 00:00;;;;
PS716000001091;1;FO716000000673;FO716000000817;CS716000000126;;;EP;NC;;71153/USZ/PT 601493;28/07/2023 00:00;;;;
PS716000001092;2;FO716000000674;FO716000000818;CS716000000126;;;EP;NC;;71153/USZ/PT 601493;28/07/2023 00:00;;;;
PS716000001093;3;FO716000000675;FO716000000819;CS716000000126;;;EP;NC;;71153/USZ/PT 601493;28/07/2023 00:00;;;;
PS716000001094;4;FO716000000676;FO716000000820;CS716000000126;;;EP;NC;;71153/USZ/PT 601493;28/07/2023 00:00;;;;
PS716000001095;5;FO716000000677;FO716000000821;CS716000000126;;;EP;NC;;71153/USZ/PT 601493;28/07/2023 00:00;;;;
PS716000001096;6;FO716000000678;FO716000000822;CS716000000126;;;EP;NC;;71153/USZ/PT 601493;28/07/2023 00:00;;;;
PS716000001097;1;FO716000000679;FO716000000823;CS716000000127;;;EP;NC;;71153/USZ/PT 601493;28/07/2023 00:00;;;;
PS716000001098;2;FO716000000680;FO716000000824;CS716000000127;;;EP;NC;;71153/USZ/PT 601493;28/07/2023 00:00;;;;
PS716000001099;3;FO716000000681;FO716000000825;CS716000000127;;;EP;NC;;71153/USZ/PT 601493;28/07/2023 00:00;;;;
PS716000001100;4;FO716000000682;FO716000000826;CS716000000127;;;EP;NC;;71153/USZ/PT 601493;28/07/2023 00:00;;;;
PS716000001101;5;FO716000000683;FO716000000827;CS716000000127;;;EP;NC;;71153/USZ/PT 601493;28/07/2023 00:00;;;;
PS716000001102;6;FO716000000684;FO716000000828;CS716000000127;;;EP;NC;;71153/USZ/PT 601493;28/07/2023 00:00;;;;
PS716000001103;1;FO716000000685;FO716000000829;CS716000000128;;;EP;NC;;71153/USZ/PT 601493;28/07/2023 00:00;;;;
PS716000001104;2;FO716000000686;FO716000000830;CS716000000128;;;EP;NC;;71153/USZ/PT 601493;28/07/2023 00:00;;;;
PS716000001105;3;FO716000000687;FO716000000831;CS716000000128;;;EP;NC;;71153/USZ/PT 601493;28/07/2023 00:00;;;;
PS716000001106;4;FO716000000688;FO716000000832;CS716000000128;;;EP;NC;;71153/USZ/PT 601493;28/07/2023 00:00;;;;
PS716000001107;5;FO716000000689;FO716000000833;CS716000000128;;;EP;NC;;71153/USZ/PT 601493;28/07/2023 00:00;;;;
PS716000001108;6;FO716000000690;FO716000000834;CS716000000128;;;EP;NC;;71153/USZ/PT 601493;28/07/2023 00:00;;;;
PS716000001109;1;FO716000000691;FO716000000835;CS716000000129;;;EP;NC;;71153/USZ/PT 601493;28/07/2023 00:00;;;;
PS716000001110;2;FO716000000692;FO716000000836;CS716000000129;;;EP;NC;;71153/USZ/PT 601493;28/07/2023 00:00;;;;
PS716000001111;3;FO716000000693;FO716000000837;CS716000000129;;;EP;NC;;71153/USZ/PT 601493;28/07/2023 00:00;;;;
PS716000001112;4;FO716000000694;FO716000000838;CS716000000129;;;EP;NC;;71153/USZ/PT 601493;28/07/2023 00:00;;;;
PS716000001113;5;FO716000000695;FO716000000839;CS716000000129;;;EP;NC;;71153/USZ/PT 601493;28/07/2023 00:00;;;;
PS716000001114;6;FO716000000696;FO716000000840;CS716000000129;;;EP;NC;;71153/USZ/PT 601493;28/07/2023 00:00;;;;
PS716000001115;1;FO716000000697;FO716000001021;CS716000000130;;;EP;NC;;71153/USZ/PT 601493;28/07/2023 00:00;;;;
PS716000001116;2;FO716000000698;FO716000001022;CS716000000130;;;EP;NC;;71153/USZ/PT 601493;28/07/2023 00:00;;;;
PS716000001117;3;FO716000000699;FO716000001023;CS716000000130;;;EP;NC;;71153/USZ/PT 601493;28/07/2023 00:00;;;;
PS716000001118;4;FO716000000700;FO716000001024;CS716000000130;;;EP;NC;;71153/USZ/PT 601493;28/07/2023 00:00;;;;
PS716000001119;5;FO716000000701;FO716000001025;CS716000000130;;;EP;NC;;71153/USZ/PT 601493;28/07/2023 00:00;;;;
PS716000001120;6;FO716000000702;FO716000001026;CS716000000130;;;EP;NC;;71153/USZ/PT 601493;28/07/2023 00:00;;;;
PS716000001121;1;FO716000000703;FO716000001027;CS716000000131;;;EP;NC;;71153/USZ/PT 601493;28/07/2023 00:00;;;;
PS716000001122;2;FO716000000704;FO716000001028;CS716000000131;;;EP;NC;;71153/USZ/PT 601493;28/07/2023 00:00;;;;
PS716000001123;3;FO716000000705;FO716000001029;CS716000000131;;;EP;NC;;71153/USZ/PT 601493;28/07/2023 00:00;;;;
PS716000001124;4;FO716000000706;FO716000001030;CS716000000131;;;EP;NC;;71153/USZ/PT 601493;28/07/2023 00:00;;;;
PS716000001125;5;FO716000000707;FO716000001031;CS716000000131;;;EP;NC;;71153/USZ/PT 601493;28/07/2023 00:00;;;;
PS716000001126;6;FO716000000708;FO716000001032;CS716000000131;;;EP;NC;;71153/USZ/PT 601493;28/07/2023 00:00;;;;
PS716000001127;1;FO716000000709;FO716000001033;CS716000000132;;;EP;NC;;71153/USZ/PT 601493;28/07/2023 00:00;;;;
PS716000001128;2;FO716000000710;FO716000001034;CS716000000132;;;EP;NC;;71153/USZ/PT 601493;28/07/2023 00:00;;;;
PS716000001129;3;FO716000000711;FO716000001035;CS716000000132;;;EP;NC;;71153/USZ/PT 601493;28/07/2023 00:00;;;;
PS716000001130;4;FO716000000712;FO716000001036;CS716000000132;;;EP;NC;;71153/USZ/PT 601493;28/07/2023 00:00;;;;
PS716000001131;5;FO716000000713;FO716000001037;CS716000000132;;;EP;NC;;71153/USZ/PT 601493;28/07/2023 00:00;;;;
PS716000001132;6;FO716000000714;FO716000001038;CS716000000132;;;EP;NC;;71153/USZ/PT 601493;28/07/2023 00:00;;;;
PS716000001133;1;FO716000000805;;CS716000000133;;;AT;NC;;71153/USZ/PT 601494;28/07/2023 00:00;;;;
PS716000001134;2;FO716000000806;;CS716000000133;;;AT;NC;;71153/USZ/PT 601494;28/07/2023 00:00;;;;
PS716000001135;3;FO716000000807;;CS716000000133;;;AT;NC;;71153/USZ/PT 601494;28/07/2023 00:00;;;;
PS716000001136;4;FO716000000808;;CS716000000133;;;AT;NC;;71153/USZ/PT 601494;28/07/2023 00:00;;;;
PS716000001137;5;FO716000000809;;CS716000000133;;;AT;NC;;71153/USZ/PT 601494;28/07/2023 00:00;;;;
PS716000001138;6;FO716000000810;;CS716000000133;;;AT;NC;;RESERVEE;28/07/2023 00:00;;;;
PS716000001139;1;FO716000000811;FO716000000847;CS716000000134;;;PA;NC;;71153/USZ/PT 601494;28/07/2023 00:00;;;;
PS716000001140;2;FO716000000812;FO716000000848;CS716000000134;;;PA;NC;;71153/USZ/PT 601494;28/07/2023 00:00;;;;
PS716000001141;3;FO716000000813;FO716000000849;CS716000000134;;;PA;NC;;71153/USZ/PT 601494;28/07/2023 00:00;;;;
PS716000001142;4;FO716000000814;FO716000000850;CS716000000134;;;PA;NC;;71153/USZ/PT 601494;28/07/2023 00:00;;;;
PS716000001143;5;FO716000000815;FO716000000851;CS716000000134;;;PA;NC;;71153/USZ/PT 601494;28/07/2023 00:00;;;;
PS716000001144;6;FO716000000816;FO716000000852;CS716000000134;;;PA;NC;;71153/USZ/PT 601494;28/07/2023 00:00;;;;
PS716000001145;7;FO716000000817;FO716000000853;CS716000000134;;;PA;NC;;71153/USZ/PT 601494;28/07/2023 00:00;;;;
PS716000001146;8;FO716000000818;FO716000000854;CS716000000134;;;PA;NC;;71153/USZ/PT 601494;28/07/2023 00:00;;;;
PS716000001147;9;FO716000000819;FO716000000855;CS716000000134;;;PA;NC;;71153/USZ/PT 601494;28/07/2023 00:00;;;;
PS716000001148;10;FO716000000820;FO716000000856;CS716000000134;;;PA;NC;;71153/USZ/PT 601494;28/07/2023 00:00;;;;
PS716000001149;11;FO716000000821;FO716000000857;CS716000000134;;;PA;NC;;71153/USZ/PT 601494;28/07/2023 00:00;;;;
PS716000001150;12;FO716000000822;FO716000000858;CS716000000134;;;PA;NC;;71153/USZ/PT 601494;28/07/2023 00:00;;;;
PS716000001151;13;FO716000000823;FO716000000859;CS716000000134;;;PA;NC;;71153/USZ/PT 601494;28/07/2023 00:00;;;;
PS716000001152;14;FO716000000824;FO716000000860;CS716000000134;;;PA;NC;;71153/USZ/PT 601494;28/07/2023 00:00;;;;
PS716000001153;15;FO716000000825;FO716000000861;CS716000000134;;;PA;NC;;71153/USZ/PT 601494;28/07/2023 00:00;;;;
PS716000001154;16;FO716000000826;FO716000000862;CS716000000134;;;PA;NC;;71153/USZ/PT 601494;28/07/2023 00:00;;;;
PS716000001155;17;FO716000000827;FO716000000863;CS716000000134;;;PA;NC;;71153/USZ/PT 601494;28/07/2023 00:00;;;;
PS716000001156;18;FO716000000828;FO716000000864;CS716000000134;;;PA;NC;;71153/USZ/PT 601494;28/07/2023 00:00;;;;
PS716000001157;19;FO716000000829;FO716000000865;CS716000000134;;;PA;NC;;71153/USZ/PT 601494;28/07/2023 00:00;;;;
PS716000001158;20;FO716000000830;FO716000000866;CS716000000134;;;PA;NC;;71153/USZ/PT 601494;28/07/2023 00:00;;;;
PS716000001159;21;FO716000000831;FO716000000867;CS716000000134;;;PA;NC;;71153/USZ/PT 601494;28/07/2023 00:00;;;;
PS716000001160;22;FO716000000832;FO716000000868;CS716000000134;;;PA;NC;;71153/USZ/PT 601494;28/07/2023 00:00;;;;
PS716000001161;23;FO716000000833;FO716000000869;CS716000000134;;;PA;NC;;71153/USZ/PT 601494;28/07/2023 00:00;;;;
PS716000001162;24;FO716000000834;FO716000000870;CS716000000134;;;PA;NC;;71153/USZ/PT 601494;28/07/2023 00:00;;;;
PS716000001163;25;FO716000000835;FO716000000871;CS716000000134;;;PA;NC;;71153/USZ/PT 601494;28/07/2023 00:00;;;;
PS716000001164;26;FO716000000836;FO716000000872;CS716000000134;;;PA;NC;;71153/USZ/PT 601494;28/07/2023 00:00;;;;
PS716000001165;27;FO716000000837;FO716000000873;CS716000000134;;;PA;NC;;71153/USZ/PT 601494;28/07/2023 00:00;;;;
PS716000001166;28;FO716000000838;FO716000000874;CS716000000134;;;PA;NC;;71153/USZ/PT 601494;28/07/2023 00:00;;;;
PS716000001167;29;FO716000000839;FO716000000875;CS716000000134;;;PA;NC;;71153/USZ/PT 601494;28/07/2023 00:00;;;;
PS716000001168;30;FO716000000840;FO716000000876;CS716000000134;;;PA;NC;;71153/USZ/PT 601494;28/07/2023 00:00;;;;
PS716000001169;1;FO716000000847;;CS716000000139;;;AT;NC;;71153/USZ/PT 601495;28/07/2023 00:00;;;;
PS716000001170;2;FO716000000848;;CS716000000139;;;AT;NC;;71153/USZ/PT 601495;28/07/2023 00:00;;;;
PS716000001171;3;FO716000000849;;CS716000000139;;;AT;NC;;71153/USZ/PT 601495;28/07/2023 00:00;;;;
PS716000001172;4;FO716000000850;;CS716000000139;;;AT;NC;;71153/USZ/PT 601495;28/07/2023 00:00;;;;
PS716000001173;5;FO716000000851;;CS716000000139;;;AT;NC;;71153/USZ/PT 601495;28/07/2023 00:00;;;;
PS716000001174;6;FO716000000852;;CS716000000139;;;AT;NC;;RESERVEE;28/07/2023 00:00;;;;
PS716000001175;1;FO716000000853;FO716000000889;CS716000000140;;;PA;NC;;71153/USZ/PT 601495;28/07/2023 00:00;;;;
PS716000001176;2;FO716000000854;FO716000000890;CS716000000140;;;PA;NC;;71153/USZ/PT 601495;28/07/2023 00:00;;;;
PS716000001177;3;FO716000000855;FO716000000891;CS716000000140;;;PA;NC;;71153/USZ/PT 601495;28/07/2023 00:00;;;;
PS716000001178;4;FO716000000856;FO716000000892;CS716000000140;;;PA;NC;;71153/USZ/PT 601495;28/07/2023 00:00;;;;
PS716000001179;5;FO716000000857;FO716000000893;CS716000000140;;;PA;NC;;71153/USZ/PT 601495;28/07/2023 00:00;;;;
PS716000001180;6;FO716000000858;FO716000000894;CS716000000140;;;PA;NC;;71153/USZ/PT 601495;28/07/2023 00:00;;;;
PS716000001181;7;FO716000000859;FO716000000895;CS716000000140;;;PA;NC;;71153/USZ/PT 601495;28/07/2023 00:00;;;;
PS716000001182;8;FO716000000860;FO716000000896;CS716000000140;;;PA;NC;;71153/USZ/PT 601495;28/07/2023 00:00;;;;
PS716000001183;9;FO716000000861;FO716000000897;CS716000000140;;;PA;NC;;71153/USZ/PT 601495;28/07/2023 00:00;;;;
PS716000001184;10;FO716000000862;FO716000000898;CS716000000140;;;PA;NC;;71153/USZ/PT 601495;28/07/2023 00:00;;;;
PS716000001185;11;FO716000000863;FO716000000899;CS716000000140;;;PA;NC;;71153/USZ/PT 601495;28/07/2023 00:00;;;;
PS716000001186;12;FO716000000864;FO716000000900;CS716000000140;;;PA;NC;;71153/USZ/PT 601495;28/07/2023 00:00;;;;
PS716000001187;13;FO716000000865;FO716000000901;CS716000000140;;;PA;NC;;71153/USZ/PT 601495;28/07/2023 00:00;;;;
PS716000001188;14;FO716000000866;FO716000000902;CS716000000140;;;PA;NC;;71153/USZ/PT 601495;28/07/2023 00:00;;;;
PS716000001189;15;FO716000000867;FO716000000903;CS716000000140;;;PA;NC;;71153/USZ/PT 601495;28/07/2023 00:00;;;;
PS716000001190;16;FO716000000868;FO716000000904;CS716000000140;;;PA;NC;;71153/USZ/PT 601495;28/07/2023 00:00;;;;
PS716000001191;17;FO716000000869;FO716000000905;CS716000000140;;;PA;NC;;71153/USZ/PT 601495;28/07/2023 00:00;;;;
PS716000001192;18;FO716000000870;FO716000000906;CS716000000140;;;PA;NC;;71153/USZ/PT 601495;28/07/2023 00:00;;;;
PS716000001193;19;FO716000000871;FO716000000907;CS716000000140;;;PA;NC;;71153/USZ/PT 601495;28/07/2023 00:00;;;;
PS716000001194;20;FO716000000872;FO716000000908;CS716000000140;;;PA;NC;;71153/USZ/PT 601495;28/07/2023 00:00;;;;
PS716000001195;21;FO716000000873;FO716000000909;CS716000000140;;;PA;NC;;71153/USZ/PT 601495;28/07/2023 00:00;;;;
PS716000001196;22;FO716000000874;FO716000000910;CS716000000140;;;PA;NC;;71153/USZ/PT 601495;28/07/2023 00:00;;;;
PS716000001197;23;FO716000000875;FO716000000911;CS716000000140;;;PA;NC;;71153/USZ/PT 601495;28/07/2023 00:00;;;;
PS716000001198;24;FO716000000876;FO716000000912;CS716000000140;;;PA;NC;;71153/USZ/PT 601495;28/07/2023 00:00;;;;
PS716000001199;1;FO716000000889;;CS716000000144;;;AT;NC;;71153/USZ/PT 601496;28/07/2023 00:00;;;;
PS716000001200;2;FO716000000890;;CS716000000144;;;AT;NC;;71153/USZ/PT 601496;28/07/2023 00:00;;;;
PS716000001201;3;FO716000000891;;CS716000000144;;;AT;NC;;71153/USZ/PT 601496;28/07/2023 00:00;;;;
PS716000001202;4;FO716000000892;;CS716000000144;;;AT;NC;;71153/USZ/PT 601496;28/07/2023 00:00;;;;
PS716000001203;5;FO716000000893;;CS716000000144;;;AT;NC;;71153/USZ/PT 601496;28/07/2023 00:00;;;;
PS716000001204;6;FO716000000894;;CS716000000144;;;AT;NC;;RESERVEE;28/07/2023 00:00;;;;
PS716000001205;1;FO716000000895;FO716000000931;CS716000000145;;;PA;NC;;71153/USZ/PT 601496;28/07/2023 00:00;;;;
PS716000001206;2;FO716000000896;FO716000000932;CS716000000145;;;PA;NC;;71153/USZ/PT 601496;28/07/2023 00:00;;;;
PS716000001207;3;FO716000000897;FO716000000933;CS716000000145;;;PA;NC;;71153/USZ/PT 601496;28/07/2023 00:00;;;;
PS716000001208;4;FO716000000898;FO716000000934;CS716000000145;;;PA;NC;;71153/USZ/PT 601496;28/07/2023 00:00;;;;
PS716000001209;5;FO716000000899;FO716000000935;CS716000000145;;;PA;NC;;71153/USZ/PT 601496;28/07/2023 00:00;;;;
PS716000001210;6;FO716000000900;FO716000000936;CS716000000145;;;PA;NC;;71153/USZ/PT 601496;28/07/2023 00:00;;;;
PS716000001211;7;FO716000000901;FO716000000937;CS716000000145;;;PA;NC;;71153/USZ/PT 601496;28/07/2023 00:00;;;;
PS716000001212;8;FO716000000902;FO716000000938;CS716000000145;;;PA;NC;;71153/USZ/PT 601496;28/07/2023 00:00;;;;
PS716000001213;9;FO716000000903;FO716000000939;CS716000000145;;;PA;NC;;71153/USZ/PT 601496;28/07/2023 00:00;;;;
PS716000001214;10;FO716000000904;FO716000000940;CS716000000145;;;PA;NC;;71153/USZ/PT 601496;28/07/2023 00:00;;;;
PS716000001215;11;FO716000000905;FO716000000941;CS716000000145;;;PA;NC;;71153/USZ/PT 601496;28/07/2023 00:00;;;;
PS716000001216;12;FO716000000906;FO716000000942;CS716000000145;;;PA;NC;;71153/USZ/PT 601496;28/07/2023 00:00;;;;
PS716000001217;13;FO716000000907;FO716000000943;CS716000000145;;;PA;NC;;71153/USZ/PT 601496;28/07/2023 00:00;;;;
PS716000001218;14;FO716000000908;FO716000000944;CS716000000145;;;PA;NC;;71153/USZ/PT 601496;28/07/2023 00:00;;;;
PS716000001219;15;FO716000000909;FO716000000945;CS716000000145;;;PA;NC;;71153/USZ/PT 601496;28/07/2023 00:00;;;;
PS716000001220;16;FO716000000910;FO716000000946;CS716000000145;;;PA;NC;;71153/USZ/PT 601496;28/07/2023 00:00;;;;
PS716000001221;17;FO716000000911;FO716000000947;CS716000000145;;;PA;NC;;71153/USZ/PT 601496;28/07/2023 00:00;;;;
PS716000001222;18;FO716000000912;FO716000000948;CS716000000145;;;PA;NC;;71153/USZ/PT 601496;28/07/2023 00:00;;;;
PS716000001223;1;FO716000000931;;CS716000000148;;;AT;NC;;71153/USZ/PT 601497;28/07/2023 00:00;;;;
PS716000001224;2;FO716000000932;;CS716000000148;;;AT;NC;;71153/USZ/PT 601497;28/07/2023 00:00;;;;
PS716000001225;3;FO716000000933;;CS716000000148;;;AT;NC;;71153/USZ/PT 601497;28/07/2023 00:00;;;;
PS716000001226;4;FO716000000934;;CS716000000148;;;AT;NC;;71153/USZ/PT 601497;28/07/2023 00:00;;;;
PS716000001227;5;FO716000000935;;CS716000000148;;;AT;NC;;71153/USZ/PT 601497;28/07/2023 00:00;;;;
PS716000001228;6;FO716000000936;;CS716000000148;;;AT;NC;;RESERVEE;28/07/2023 00:00;;;;
PS716000001229;1;FO716000000937;FO716000000973;CS716000000149;;;PA;NC;;71153/USZ/PT 601497;28/07/2023 00:00;;;;
PS716000001230;2;FO716000000938;FO716000000974;CS716000000149;;;PA;NC;;71153/USZ/PT 601497;28/07/2023 00:00;;;;
PS716000001231;3;FO716000000939;FO716000000975;CS716000000149;;;PA;NC;;71153/USZ/PT 601497;28/07/2023 00:00;;;;
PS716000001232;4;FO716000000940;FO716000000976;CS716000000149;;;PA;NC;;71153/USZ/PT 601497;28/07/2023 00:00;;;;
PS716000001233;5;FO716000000941;FO716000000977;CS716000000149;;;PA;NC;;71153/USZ/PT 601497;28/07/2023 00:00;;;;
PS716000001234;6;FO716000000942;FO716000000978;CS716000000149;;;PA;NC;;71153/USZ/PT 601497;28/07/2023 00:00;;;;
PS716000001235;7;FO716000000943;FO716000000979;CS716000000149;;;PA;NC;;71153/USZ/PT 601497;28/07/2023 00:00;;;;
PS716000001236;8;FO716000000944;FO716000000980;CS716000000149;;;PA;NC;;71153/USZ/PT 601497;28/07/2023 00:00;;;;
PS716000001237;9;FO716000000945;FO716000000981;CS716000000149;;;PA;NC;;71153/USZ/PT 601497;28/07/2023 00:00;;;;
PS716000001238;10;FO716000000946;FO716000000982;CS716000000149;;;PA;NC;;71153/USZ/PT 601497;28/07/2023 00:00;;;;
PS716000001239;11;FO716000000947;FO716000000983;CS716000000149;;;PA;NC;;71153/USZ/PT 601497;28/07/2023 00:00;;;;
PS716000001240;12;FO716000000948;FO716000000984;CS716000000149;;;PA;NC;;71153/USZ/PT 601497;28/07/2023 00:00;;;;
PS716000001241;1;FO716000000973;;CS716000000151;;;AT;NC;;71153/USZ/PT 601498;28/07/2023 00:00;;;;
PS716000001242;2;FO716000000974;;CS716000000151;;;AT;NC;;71153/USZ/PT 601498;28/07/2023 00:00;;;;
PS716000001243;3;FO716000000975;;CS716000000151;;;AT;NC;;71153/USZ/PT 601498;28/07/2023 00:00;;;;
PS716000001244;4;FO716000000976;;CS716000000151;;;AT;NC;;71153/USZ/PT 601498;28/07/2023 00:00;;;;
PS716000001245;5;FO716000000977;;CS716000000151;;;AT;NC;;71153/USZ/PT 601498;28/07/2023 00:00;;;;
PS716000001246;6;FO716000000978;;CS716000000151;;;AT;NC;;RESERVEE;28/07/2023 00:00;;;;
PS716000001247;1;FO716000000979;FO716000001015;CS716000000152;;;PA;NC;;71153/USZ/PT 601498;28/07/2023 00:00;;;;
PS716000001248;2;FO716000000980;FO716000001016;CS716000000152;;;PA;NC;;71153/USZ/PT 601498;28/07/2023 00:00;;;;
PS716000001249;3;FO716000000981;FO716000001017;CS716000000152;;;PA;NC;;71153/USZ/PT 601498;28/07/2023 00:00;;;;
PS716000001250;4;FO716000000982;FO716000001018;CS716000000152;;;PA;NC;;71153/USZ/PT 601498;28/07/2023 00:00;;;;
PS716000001251;5;FO716000000983;FO716000001019;CS716000000152;;;PA;NC;;71153/USZ/PT 601498;28/07/2023 00:00;;;;
PS716000001252;6;FO716000000984;FO716000001020;CS716000000152;;;PA;NC;;71153/USZ/PT 601498;28/07/2023 00:00;;;;
PS716000001253;1;FO716000001015;;CS716000000153;;;AT;NC;;71153/USZ/PT 601499;28/07/2023 00:00;;;;
PS716000001254;2;FO716000001016;;CS716000000153;;;AT;NC;;71153/USZ/PT 601499;28/07/2023 00:00;;;;
PS716000001255;3;FO716000001017;;CS716000000153;;;AT;NC;;RESERVEE;28/07/2023 00:00;;;;
PS716000001256;4;FO716000001018;;CS716000000153;;;AT;NC;;RESERVEE;28/07/2023 00:00;;;;
PS716000001257;5;FO716000001019;;CS716000000153;;;AT;NC;;RESERVEE;28/07/2023 00:00;;;;
PS716000001258;6;FO716000001020;;CS716000000153;;;AT;NC;;RESERVEE;28/07/2023 00:00;;;;
PS716000001259;1;FO716000001021;;CS716000000154;;;AT;NC;;71153/USZ/PT 601500;28/07/2023 00:00;;;;
PS716000001260;2;FO716000001022;;CS716000000154;;;AT;NC;;71153/USZ/PT 601500;28/07/2023 00:00;;;;
PS716000001261;3;FO716000001023;;CS716000000154;;;AT;NC;;71153/USZ/PT 601500;28/07/2023 00:00;;;;
PS716000001262;4;FO716000001024;;CS716000000154;;;AT;NC;;71153/USZ/PT 601500;28/07/2023 00:00;;;;
PS716000001263;5;FO716000001025;;CS716000000154;;;AT;NC;;71153/USZ/PT 601500;28/07/2023 00:00;;;;
PS716000001264;6;FO716000001026;;CS716000000154;;;AT;NC;;RESERVEE;28/07/2023 00:00;;;;
PS716000001265;1;FO716000001027;FO716000001051;CS716000000155;;;PA;NC;;71153/USZ/PT 601500;28/07/2023 00:00;;;;
PS716000001266;2;FO716000001028;FO716000001052;CS716000000155;;;PA;NC;;71153/USZ/PT 601500;28/07/2023 00:00;;;;
PS716000001267;3;FO716000001029;FO716000001053;CS716000000155;;;PA;NC;;71153/USZ/PT 601500;28/07/2023 00:00;;;;
PS716000001268;4;FO716000001030;FO716000001054;CS716000000155;;;PA;NC;;71153/USZ/PT 601500;28/07/2023 00:00;;;;
PS716000001269;5;FO716000001031;FO716000001055;CS716000000155;;;PA;NC;;71153/USZ/PT 601500;28/07/2023 00:00;;;;
PS716000001270;6;FO716000001032;FO716000001056;CS716000000155;;;PA;NC;;71153/USZ/PT 601500;28/07/2023 00:00;;;;
PS716000001271;7;FO716000001033;FO716000001057;CS716000000155;;;PA;NC;;71153/USZ/PT 601500;28/07/2023 00:00;;;;
PS716000001272;8;FO716000001034;FO716000001058;CS716000000155;;;PA;NC;;71153/USZ/PT 601500;28/07/2023 00:00;;;;
PS716000001273;9;FO716000001035;FO716000001059;CS716000000155;;;PA;NC;;71153/USZ/PT 601500;28/07/2023 00:00;;;;
PS716000001274;10;FO716000001036;FO716000001060;CS716000000155;;;PA;NC;;71153/USZ/PT 601500;28/07/2023 00:00;;;;
PS716000001275;11;FO716000001037;FO716000001061;CS716000000155;;;PA;NC;;71153/USZ/PT 601500;28/07/2023 00:00;;;;
PS716000001276;12;FO716000001038;FO716000001062;CS716000000155;;;PA;NC;;71153/USZ/PT 601500;28/07/2023 00:00;;;;
PS716000001277;13;FO716000001039;FO716000001063;CS716000000155;;;PA;NC;;71153/USZ/PT 601500;28/07/2023 00:00;;;;
PS716000001278;14;FO716000001040;FO716000001064;CS716000000155;;;PA;NC;;71153/USZ/PT 601500;28/07/2023 00:00;;;;
PS716000001279;15;FO716000001041;FO716000001065;CS716000000155;;;PA;NC;;71153/USZ/PT 601500;28/07/2023 00:00;;;;
PS716000001280;16;FO716000001042;FO716000001066;CS716000000155;;;PA;NC;;71153/USZ/PT 601500;28/07/2023 00:00;;;;
PS716000001281;17;FO716000001043;FO716000001067;CS716000000155;;;PA;NC;;71153/USZ/PT 601500;28/07/2023 00:00;;;;
PS716000001282;18;FO716000001044;FO716000001068;CS716000000155;;;PA;NC;;71153/USZ/PT 601500;28/07/2023 00:00;;;;
PS716000001283;1;FO716000001051;;CS716000000158;;;AT;NC;;71153/USZ/PT 601501;28/07/2023 00:00;;;;
PS716000001284;2;FO716000001052;;CS716000000158;;;AT;NC;;71153/USZ/PT 601501;28/07/2023 00:00;;;;
PS716000001285;3;FO716000001053;;CS716000000158;;;AT;NC;;71153/USZ/PT 601501;28/07/2023 00:00;;;;
PS716000001286;4;FO716000001054;;CS716000000158;;;AT;NC;;71153/USZ/PT 601501;28/07/2023 00:00;;;;
PS716000001287;5;FO716000001055;;CS716000000158;;;AT;NC;;RESERVEE;28/07/2023 00:00;;;;
PS716000001288;6;FO716000001056;;CS716000000158;;;AT;NC;;RESERVEE;28/07/2023 00:00;;;;
PS716000001289;1;FO716000001057;FO716000001081;CS716000000159;;;PA;NC;;71153/USZ/PT 601501;28/07/2023 00:00;;;;
PS716000001290;2;FO716000001058;FO716000001082;CS716000000159;;;PA;NC;;71153/USZ/PT 601501;28/07/2023 00:00;;;;
PS716000001291;3;FO716000001059;FO716000001083;CS716000000159;;;PA;NC;;71153/USZ/PT 601501;28/07/2023 00:00;;;;
PS716000001292;4;FO716000001060;FO716000001084;CS716000000159;;;PA;NC;;71153/USZ/PT 601501;28/07/2023 00:00;;;;
PS716000001293;5;FO716000001061;FO716000001085;CS716000000159;;;PA;NC;;71153/USZ/PT 601501;28/07/2023 00:00;;;;
PS716000001294;6;FO716000001062;FO716000001086;CS716000000159;;;PA;NC;;71153/USZ/PT 601501;28/07/2023 00:00;;;;
PS716000001295;7;FO716000001063;FO716000001087;CS716000000159;;;PA;NC;;71153/USZ/PT 601501;28/07/2023 00:00;;;;
PS716000001296;8;FO716000001064;FO716000001088;CS716000000159;;;PA;NC;;71153/USZ/PT 601501;28/07/2023 00:00;;;;
PS716000001297;9;FO716000001065;FO716000001089;CS716000000159;;;PA;NC;;71153/USZ/PT 601501;28/07/2023 00:00;;;;
PS716000001298;10;FO716000001066;FO716000001090;CS716000000159;;;PA;NC;;71153/USZ/PT 601501;28/07/2023 00:00;;;;
PS716000001299;11;FO716000001067;FO716000001091;CS716000000159;;;PA;NC;;71153/USZ/PT 601501;28/07/2023 00:00;;;;
PS716000001300;12;FO716000001068;FO716000001092;CS716000000159;;;PA;NC;;71153/USZ/PT 601501;28/07/2023 00:00;;;;
PS716000001301;1;FO716000001081;;CS716000000161;;;AT;NC;;71153/USZ/PT 601502;28/07/2023 00:00;;;;
PS716000001302;2;FO716000001082;;CS716000000161;;;AT;NC;;71153/USZ/PT 601502;28/07/2023 00:00;;;;
PS716000001303;3;FO716000001083;;CS716000000161;;;AT;NC;;71153/USZ/PT 601502;28/07/2023 00:00;;;;
PS716000001304;4;FO716000001084;;CS716000000161;;;AT;NC;;71153/USZ/PT 601502;28/07/2023 00:00;;;;
PS716000001305;5;FO716000001085;;CS716000000161;;;AT;NC;;71153/USZ/PT 601502;28/07/2023 00:00;;;;
PS716000001306;6;FO716000001086;;CS716000000161;;;AT;NC;;RESERVEE;28/07/2023 00:00;;;;
PS716000001307;1;FO716000001087;FO716000001111;CS716000000162;;;PA;NC;;71153/USZ/PT 601502;28/07/2023 00:00;;;;
PS716000001308;2;FO716000001088;FO716000001112;CS716000000162;;;PA;NC;;71153/USZ/PT 601502;28/07/2023 00:00;;;;
PS716000001309;3;FO716000001089;FO716000001113;CS716000000162;;;PA;NC;;71153/USZ/PT 601502;28/07/2023 00:00;;;;
PS716000001310;4;FO716000001090;FO716000001114;CS716000000162;;;PA;NC;;71153/USZ/PT 601502;28/07/2023 00:00;;;;
PS716000001311;5;FO716000001091;FO716000001115;CS716000000162;;;PA;NC;;71153/USZ/PT 601502;28/07/2023 00:00;;;;
PS716000001312;6;FO716000001092;FO716000001116;CS716000000162;;;PA;NC;;71153/USZ/PT 601502;28/07/2023 00:00;;;;
PS716000001313;1;FO716000001111;;CS716000000163;;;AT;NC;;71153/USZ/PT 601503;28/07/2023 00:00;;;;
PS716000001314;2;FO716000001112;;CS716000000163;;;AT;NC;;71153/USZ/PT 601503;28/07/2023 00:00;;;;
PS716000001315;3;FO716000001113;;CS716000000163;;;AT;NC;;71153/USZ/PT 601503;28/07/2023 00:00;;;;
PS716000001316;4;FO716000001114;;CS716000000163;;;AT;NC;;71153/USZ/PT 601503;28/07/2023 00:00;;;;
PS716000001317;5;FO716000001115;;CS716000000163;;;AT;NC;;71153/USZ/PT 601503;28/07/2023 00:00;;;;
PS716000001318;6;FO716000001116;;CS716000000163;;;AT;NC;;RESERVEE;28/07/2023 00:00;;;;
PS716000001319;1;FO716000001117;;CS716000000164;;;AT;NC;;71153/USZ/PT 601504;28/07/2023 00:00;;;;
PS716000001320;2;FO716000001118;;CS716000000164;;;AT;NC;;71153/USZ/PT 601504;28/07/2023 00:00;;;;
PS716000001321;3;FO716000001119;;CS716000000164;;;AT;NC;;71153/USZ/PT 601504;28/07/2023 00:00;;;;
PS716000001322;4;FO716000001120;;CS716000000164;;;AT;NC;;71153/USZ/PT 601504;28/07/2023 00:00;;;;
PS716000001323;5;FO716000001121;;CS716000000164;;;AT;NC;;RESERVEE;28/07/2023 00:00;;;;
PS716000001324;6;FO716000001122;;CS716000000164;;;AT;NC;;RESERVEE;28/07/2023 00:00;;;;
PS716000001325;1;FO716000001123;FO716000001135;CS716000000165;;;PA;NC;;71153/USZ/PT 601504;28/07/2023 00:00;;;;
PS716000001326;2;FO716000001124;FO716000001136;CS716000000165;;;PA;NC;;71153/USZ/PT 601504;28/07/2023 00:00;;;;
PS716000001327;3;FO716000001125;FO716000001137;CS716000000165;;;PA;NC;;71153/USZ/PT 601504;28/07/2023 00:00;;;;
PS716000001328;4;FO716000001126;FO716000001138;CS716000000165;;;PA;NC;;71153/USZ/PT 601504;28/07/2023 00:00;;;;
PS716000001329;5;FO716000001127;FO716000001139;CS716000000165;;;PA;NC;;71153/USZ/PT 601504;28/07/2023 00:00;;;;
PS716000001330;6;FO716000001128;FO716000001140;CS716000000165;;;PA;NC;;71153/USZ/PT 601504;28/07/2023 00:00;;;;
PS716000001331;1;FO716000001135;;CS716000000166;;;AT;NC;;71153/USZ/PT 601505;28/07/2023 00:00;;;;
PS716000001332;2;FO716000001136;;CS716000000166;;;AT;NC;;71153/USZ/PT 601505;28/07/2023 00:00;;;;
PS716000001333;3;FO716000001137;;CS716000000166;;;AT;NC;;RESERVEE;28/07/2023 00:00;;;;
PS716000001334;4;FO716000001138;;CS716000000166;;;AT;NC;;RESERVEE;28/07/2023 00:00;;;;
PS716000001335;5;FO716000001139;;CS716000000166;;;AT;NC;;RESERVEE;28/07/2023 00:00;;;;
PS716000001336;6;FO716000001140;;CS716000000166;;;AT;NC;;RESERVEE;28/07/2023 00:00;;;;
PS716000001337;1;FO716000001141;;CS716000000167;;;AT;NC;;71153/USZ/PT 601506;28/07/2023 00:00;;;;
PS716000001338;2;FO716000001142;;CS716000000167;;;AT;NC;;71153/USZ/PT 601506;28/07/2023 00:00;;;;
PS716000001339;3;FO716000001143;;CS716000000167;;;AT;NC;;71153/USZ/PT 601506;28/07/2023 00:00;;;;
PS716000001340;4;FO716000001144;;CS716000000167;;;AT;NC;;71153/USZ/PT 601506;28/07/2023 00:00;;;;
PS716000001341;5;FO716000001145;;CS716000000167;;;AT;NC;;71153/USZ/PT 601506;28/07/2023 00:00;;;;
PS716000001342;6;FO716000001146;;CS716000000167;;;AT;NC;;RESERVEE;28/07/2023 00:00;;;;
PS716000001343;1;FO716000001147;FO716000001159;CS716000000168;;;PA;NC;;71153/USZ/PT 601506;28/07/2023 00:00;;;;
PS716000001344;2;FO716000001148;FO716000001160;CS716000000168;;;PA;NC;;71153/USZ/PT 601506;28/07/2023 00:00;;;;
PS716000001345;3;FO716000001149;FO716000001161;CS716000000168;;;PA;NC;;71153/USZ/PT 601506;28/07/2023 00:00;;;;
PS716000001346;4;FO716000001150;FO716000001162;CS716000000168;;;PA;NC;;71153/USZ/PT 601506;28/07/2023 00:00;;;;
PS716000001347;5;FO716000001151;FO716000001163;CS716000000168;;;PA;NC;;71153/USZ/PT 601506;28/07/2023 00:00;;;;
PS716000001348;6;FO716000001152;FO716000001164;CS716000000168;;;PA;NC;;71153/USZ/PT 601506;28/07/2023 00:00;;;;
PS716000001349;1;FO716000001159;;CS716000000169;;;AT;NC;;71153/USZ/PT 601507;28/07/2023 00:00;;;;
PS716000001350;2;FO716000001160;;CS716000000169;;;AT;NC;;71153/USZ/PT 601507;28/07/2023 00:00;;;;
PS716000001351;3;FO716000001161;;CS716000000169;;;AT;NC;;71153/USZ/PT 601507;28/07/2023 00:00;;;;
PS716000001352;4;FO716000001162;;CS716000000169;;;AT;NC;;71153/USZ/PT 601507;28/07/2023 00:00;;;;
PS716000001353;5;FO716000001163;;CS716000000169;;;AT;NC;;RESERVEE;28/07/2023 00:00;;;;
PS716000001354;6;FO716000001164;;CS716000000169;;;AT;NC;;RESERVEE;28/07/2023 00:00;;;;
PS716000001355;1;FO716000001165;;CS716000000170;;;AT;NC;;71153/USZ/PT 601508;28/07/2023 00:00;;;;
PS716000001356;2;FO716000001166;;CS716000000170;;;AT;NC;;71153/USZ/PT 601508;28/07/2023 00:00;;;;
PS716000001357;3;FO716000001167;;CS716000000170;;;AT;NC;;71153/USZ/PT 601508;28/07/2023 00:00;;;;
PS716000001358;4;FO716000001168;;CS716000000170;;;AT;NC;;71153/USZ/PT 601508;28/07/2023 00:00;;;;
PS716000001359;5;FO716000001169;;CS716000000170;;;AT;NC;;RESERVEE;28/07/2023 00:00;;;;
PS716000001360;6;FO716000001170;;CS716000000170;;;AT;NC;;RESERVEE;28/07/2023 00:00;;;;
PS716000001361;1;FO716000001171;FO716000001183;CS716000000171;;;PA;NC;;71153/USZ/PT 601508;28/07/2023 00:00;;;;
PS716000001362;2;FO716000001172;FO716000001184;CS716000000171;;;PA;NC;;71153/USZ/PT 601508;28/07/2023 00:00;;;;
PS716000001363;3;FO716000001173;FO716000001185;CS716000000171;;;PA;NC;;71153/USZ/PT 601508;28/07/2023 00:00;;;;
PS716000001364;4;FO716000001174;FO716000001186;CS716000000171;;;PA;NC;;71153/USZ/PT 601508;28/07/2023 00:00;;;;
PS716000001365;5;FO716000001175;FO716000001187;CS716000000171;;;PA;NC;;71153/USZ/PT 601508;28/07/2023 00:00;;;;
PS716000001366;6;FO716000001176;FO716000001188;CS716000000171;;;PA;NC;;71153/USZ/PT 601508;28/07/2023 00:00;;;;
PS716000001367;1;FO716000001183;;CS716000000172;;;AT;NC;;71153/USZ/PT 601509;28/07/2023 00:00;;;;
PS716000001368;2;FO716000001184;;CS716000000172;;;AT;NC;;71153/USZ/PT 601509;28/07/2023 00:00;;;;
PS716000001369;3;FO716000001185;;CS716000000172;;;AT;NC;;71153/USZ/PT 601509;28/07/2023 00:00;;;;
PS716000001370;4;FO716000001186;;CS716000000172;;;AT;NC;;RESERVEE;28/07/2023 00:00;;;;
PS716000001371;5;FO716000001187;;CS716000000172;;;AT;NC;;RESERVEE;28/07/2023 00:00;;;;
PS716000001372;6;FO716000001188;;CS716000000172;;;AT;NC;;RESERVEE;28/07/2023 00:00;;;;
PS716000001373;1;FO716000001189;;CS716000000173;;;AT;NC;;71153/USZ/PT 601510;28/07/2023 00:00;;;;
PS716000001374;2;FO716000001190;;CS716000000173;;;AT;NC;;71153/USZ/PT 601510;28/07/2023 00:00;;;;
PS716000001375;3;FO716000001191;;CS716000000173;;;AT;NC;;71153/USZ/PT 601510;28/07/2023 00:00;;;;
PS716000001376;4;FO716000001192;;CS716000000173;;;AT;NC;;71153/USZ/PT 601510;28/07/2023 00:00;;;;
PS716000001377;5;FO716000001193;;CS716000000173;;;AT;NC;;RESERVEE;28/07/2023 00:00;;;;
PS716000001378;6;FO716000001194;;CS716000000173;;;AT;NC;;RESERVEE;28/07/2023 00:00;;;;
PS716000001379;1;FO716000001195;;CS716000000174;;;AT;NC;;71153/USZ/PT 601511;28/07/2023 00:00;;;;
PS716000001380;2;FO716000001196;;CS716000000174;;;AT;NC;;71153/USZ/PT 601511;28/07/2023 00:00;;;;
PS716000001381;3;FO716000001197;;CS716000000174;;;AT;NC;;71153/USZ/PT 601511;28/07/2023 00:00;;;;
PS716000001382;4;FO716000001198;;CS716000000174;;;AT;NC;;71153/USZ/PT 601511;28/07/2023 00:00;;;;
PS716000001383;5;FO716000001199;;CS716000000174;;;AT;NC;;RESERVEE;28/07/2023 00:00;;;;
PS716000001384;6;FO716000001200;;CS716000000174;;;AT;NC;;RESERVEE;28/07/2023 00:00;;;;
PS716000001385;1;FO716000001201;;CS716000000175;;;AT;NC;;71153/USZ/PT 601512;28/07/2023 00:00;;;;
PS716000001386;2;FO716000001202;;CS716000000175;;;AT;NC;;71153/USZ/PT 601512;28/07/2023 00:00;;;;
PS716000001387;3;FO716000001203;;CS716000000175;;;AT;NC;;71153/USZ/PT 601512;28/07/2023 00:00;;;;
PS716000001388;4;FO716000001204;;CS716000000175;;;AT;NC;;71153/USZ/PT 601512;28/07/2023 00:00;;;;
PS716000001389;5;FO716000001205;;CS716000000175;;;AT;NC;;71153/USZ/PT 601512;28/07/2023 00:00;;;;
PS716000001390;6;FO716000001206;;CS716000000175;;;AT;NC;;RESERVEE;28/07/2023 00:00;;;;
PS716000001391;1;FO716000001207;;CS716000000176;;;AT;NC;;71153/USZ/PT 601513;28/07/2023 00:00;;;;
PS716000001392;2;FO716000001208;;CS716000000176;;;AT;NC;;71153/USZ/PT 601513;28/07/2023 00:00;;;;
PS716000001393;3;FO716000001209;;CS716000000176;;;AT;NC;;71153/USZ/PT 601513;28/07/2023 00:00;;;;
PS716000001394;4;FO716000001210;;CS716000000176;;;AT;NC;;71153/USZ/PT 601513;28/07/2023 00:00;;;;
PS716000001395;5;FO716000001211;;CS716000000176;;;AT;NC;;RESERVEE;28/07/2023 00:00;;;;
PS716000001396;6;FO716000001212;;CS716000000176;;;AT;NC;;RESERVEE;28/07/2023 00:00;;;;
PS716000001397;1;FO716000001213;FO716000001357;CS716000000177;;;EP;NC;;71153/USZ/PT 601514;28/07/2023 00:00;;;;
PS716000001398;2;FO716000001214;FO716000001358;CS716000000177;;;EP;NC;;71153/USZ/PT 601514;28/07/2023 00:00;;;;
PS716000001399;3;FO716000001215;FO716000001359;CS716000000177;;;EP;NC;;71153/USZ/PT 601514;28/07/2023 00:00;;;;
PS716000001400;4;FO716000001216;FO716000001360;CS716000000177;;;EP;NC;;71153/USZ/PT 601514;28/07/2023 00:00;;;;
PS716000001401;5;FO716000001217;FO716000001361;CS716000000177;;;EP;NC;;71153/USZ/PT 601514;28/07/2023 00:00;;;;
PS716000001402;6;FO716000001218;FO716000001362;CS716000000177;;;EP;NC;;71153/USZ/PT 601514;28/07/2023 00:00;;;;
PS716000001403;1;FO716000001267;FO716000001567;CS716000000178;;;EP;NC;;71153/USZ/PT 601514;28/07/2023 00:00;;;;
PS716000001404;2;FO716000001268;FO716000001568;CS716000000178;;;EP;NC;;71153/USZ/PT 601514;28/07/2023 00:00;;;;
PS716000001405;3;FO716000001269;FO716000001569;CS716000000178;;;EP;NC;;71153/USZ/PT 601514;28/07/2023 00:00;;;;
PS716000001406;4;FO716000001270;FO716000001570;CS716000000178;;;EP;NC;;71153/USZ/PT 601514;28/07/2023 00:00;;;;
PS716000001407;5;FO716000001271;FO716000001571;CS716000000178;;;EP;NC;;71153/USZ/PT 601514;28/07/2023 00:00;;;;
PS716000001408;6;FO716000001272;FO716000001572;CS716000000178;;;EP;NC;;71153/USZ/PT 601514;28/07/2023 00:00;;;;
PS716000001409;1;FO716000001273;FO716000001573;CS716000000179;;;EP;NC;;71153/USZ/PT 601514;28/07/2023 00:00;;;;
PS716000001410;2;FO716000001274;FO716000001574;CS716000000179;;;EP;NC;;71153/USZ/PT 601514;28/07/2023 00:00;;;;
PS716000001411;3;FO716000001275;FO716000001575;CS716000000179;;;EP;NC;;71153/USZ/PT 601514;28/07/2023 00:00;;;;
PS716000001412;4;FO716000001276;FO716000001576;CS716000000179;;;EP;NC;;71153/USZ/PT 601514;28/07/2023 00:00;;;;
PS716000001413;5;FO716000001277;FO716000001577;CS716000000179;;;EP;NC;;71153/USZ/PT 601514;28/07/2023 00:00;;;;
PS716000001414;6;FO716000001278;FO716000001578;CS716000000179;;;EP;NC;;71153/USZ/PT 601514;28/07/2023 00:00;;;;
PS716000001415;1;FO716000001279;FO716000001633;CS716000000180;;;EP;NC;;71153/USZ/PT 601514;28/07/2023 00:00;;;;
PS716000001416;2;FO716000001280;FO716000001634;CS716000000180;;;EP;NC;;71153/USZ/PT 601514;28/07/2023 00:00;;;;
PS716000001417;3;FO716000001281;FO716000001635;CS716000000180;;;EP;NC;;71153/USZ/PT 601514;28/07/2023 00:00;;;;
PS716000001418;4;FO716000001282;FO716000001636;CS716000000180;;;EP;NC;;71153/USZ/PT 601514;28/07/2023 00:00;;;;
PS716000001419;5;FO716000001283;FO716000001637;CS716000000180;;;EP;NC;;71153/USZ/PT 601514;28/07/2023 00:00;;;;
PS716000001420;6;FO716000001284;FO716000001638;CS716000000180;;;EP;NC;;71153/USZ/PT 601514;28/07/2023 00:00;;;;
PS716000001421;1;FO716000001285;FO716000001639;CS716000000181;;;EP;NC;;71153/USZ/PT 601514;28/07/2023 00:00;;;;
PS716000001422;2;FO716000001286;FO716000001640;CS716000000181;;;EP;NC;;71153/USZ/PT 601514;28/07/2023 00:00;;;;
PS716000001423;3;FO716000001287;FO716000001641;CS716000000181;;;EP;NC;;71153/USZ/PT 601514;28/07/2023 00:00;;;;
PS716000001424;4;FO716000001288;FO716000001642;CS716000000181;;;EP;NC;;71153/USZ/PT 601514;28/07/2023 00:00;;;;
PS716000001425;5;FO716000001289;FO716000001643;CS716000000181;;;EP;NC;;71153/USZ/PT 601514;28/07/2023 00:00;;;;
PS716000001426;6;FO716000001290;FO716000001644;CS716000000181;;;EP;NC;;71153/USZ/PT 601514;28/07/2023 00:00;;;;
PS716000001427;1;FO716000001291;FO716000001645;CS716000000182;;;EP;NC;;71153/USZ/PT 601514;28/07/2023 00:00;;;;
PS716000001428;2;FO716000001292;FO716000001646;CS716000000182;;;EP;NC;;71153/USZ/PT 601514;28/07/2023 00:00;;;;
PS716000001429;3;FO716000001293;FO716000001647;CS716000000182;;;EP;NC;;71153/USZ/PT 601514;28/07/2023 00:00;;;;
PS716000001430;4;FO716000001294;FO716000001648;CS716000000182;;;EP;NC;;71153/USZ/PT 601514;28/07/2023 00:00;;;;
PS716000001431;5;FO716000001295;FO716000001649;CS716000000182;;;EP;NC;;71153/USZ/PT 601514;28/07/2023 00:00;;;;
PS716000001432;6;FO716000001296;FO716000001650;CS716000000182;;;EP;NC;;71153/USZ/PT 601514;28/07/2023 00:00;;;;
PS716000001433;1;FO716000001297;FO716000001651;CS716000000183;;;EP;NC;;71153/USZ/PT 601514;28/07/2023 00:00;;;;
PS716000001434;2;FO716000001298;FO716000001652;CS716000000183;;;EP;NC;;71153/USZ/PT 601514;28/07/2023 00:00;;;;
PS716000001435;3;FO716000001299;FO716000001653;CS716000000183;;;EP;NC;;71153/USZ/PT 601514;28/07/2023 00:00;;;;
PS716000001436;4;FO716000001300;FO716000001654;CS716000000183;;;EP;NC;;71153/USZ/PT 601514;28/07/2023 00:00;;;;
PS716000001437;5;FO716000001301;FO716000001655;CS716000000183;;;EP;NC;;71153/USZ/PT 601514;28/07/2023 00:00;;;;
PS716000001438;6;FO716000001302;FO716000001656;CS716000000183;;;EP;NC;;71153/USZ/PT 601514;28/07/2023 00:00;;;;
PS716000001439;1;FO716000001303;FO716000001729;CS716000000184;;;EP;NC;;71153/USZ/PT 601514;28/07/2023 00:00;;;;
PS716000001440;2;FO716000001304;FO716000001730;CS716000000184;;;EP;NC;;71153/USZ/PT 601514;28/07/2023 00:00;;;;
PS716000001441;3;FO716000001305;FO716000001731;CS716000000184;;;EP;NC;;71153/USZ/PT 601514;28/07/2023 00:00;;;;
PS716000001442;4;FO716000001306;FO716000001732;CS716000000184;;;EP;NC;;71153/USZ/PT 601514;28/07/2023 00:00;;;;
PS716000001443;5;FO716000001307;FO716000001733;CS716000000184;;;EP;NC;;71153/USZ/PT 601514;28/07/2023 00:00;;;;
PS716000001444;6;FO716000001308;FO716000001734;CS716000000184;;;EP;NC;;71153/USZ/PT 601514;28/07/2023 00:00;;;;
PS716000001445;1;FO716000001309;FO716000001735;CS716000000185;;;EP;NC;;71153/USZ/PT 601514;28/07/2023 00:00;;;;
PS716000001446;2;FO716000001310;FO716000001736;CS716000000185;;;EP;NC;;71153/USZ/PT 601514;28/07/2023 00:00;;;;
PS716000001447;3;FO716000001311;FO716000001737;CS716000000185;;;EP;NC;;71153/USZ/PT 601514;28/07/2023 00:00;;;;
PS716000001448;4;FO716000001312;FO716000001738;CS716000000185;;;EP;NC;;71153/USZ/PT 601514;28/07/2023 00:00;;;;
PS716000001449;5;FO716000001313;FO716000001739;CS716000000185;;;EP;NC;;71153/USZ/PT 601514;28/07/2023 00:00;;;;
PS716000001450;6;FO716000001314;FO716000001740;CS716000000185;;;EP;NC;;71153/USZ/PT 601514;28/07/2023 00:00;;;;
PS716000001451;1;FO716000001315;FO716000001753;CS716000000186;;;EP;NC;;71153/USZ/PT 601514;28/07/2023 00:00;;;;
PS716000001452;2;FO716000001316;FO716000001754;CS716000000186;;;EP;NC;;71153/USZ/PT 601514;28/07/2023 00:00;;;;
PS716000001453;3;FO716000001317;FO716000001755;CS716000000186;;;EP;NC;;71153/USZ/PT 601514;28/07/2023 00:00;;;;
PS716000001454;4;FO716000001318;FO716000001756;CS716000000186;;;EP;NC;;71153/USZ/PT 601514;28/07/2023 00:00;;;;
PS716000001455;5;FO716000001319;FO716000001757;CS716000000186;;;EP;NC;;71153/USZ/PT 601514;28/07/2023 00:00;;;;
PS716000001456;6;FO716000001320;FO716000001758;CS716000000186;;;EP;NC;;71153/USZ/PT 601514;28/07/2023 00:00;;;;
PS716000001457;1;FO716000001321;FO716000001759;CS716000000187;;;EP;NC;;71153/USZ/PT 601514;28/07/2023 00:00;;;;
PS716000001458;2;FO716000001322;FO716000001760;CS716000000187;;;EP;NC;;71153/USZ/PT 601514;28/07/2023 00:00;;;;
PS716000001459;3;FO716000001323;FO716000001761;CS716000000187;;;EP;NC;;71153/USZ/PT 601514;28/07/2023 00:00;;;;
PS716000001460;4;FO716000001324;FO716000001762;CS716000000187;;;EP;NC;;71153/USZ/PT 601514;28/07/2023 00:00;;;;
PS716000001461;5;FO716000001325;FO716000001763;CS716000000187;;;EP;NC;;71153/USZ/PT 601514;28/07/2023 00:00;;;;
PS716000001462;6;FO716000001326;FO716000001764;CS716000000187;;;EP;NC;;71153/USZ/PT 601514;28/07/2023 00:00;;;;
PS716000001463;1;FO716000001219;FO716000001363;CS716000000188;;;EP;NC;;71153/USZ/PT 601514;28/07/2023 00:00;;;;
PS716000001464;2;FO716000001220;FO716000001364;CS716000000188;;;EP;NC;;71153/USZ/PT 601514;28/07/2023 00:00;;;;
PS716000001465;3;FO716000001221;FO716000001365;CS716000000188;;;EP;NC;;71153/USZ/PT 601514;28/07/2023 00:00;;;;
PS716000001466;4;FO716000001222;FO716000001366;CS716000000188;;;EP;NC;;71153/USZ/PT 601514;28/07/2023 00:00;;;;
PS716000001467;5;FO716000001223;FO716000001367;CS716000000188;;;EP;NC;;71153/USZ/PT 601514;28/07/2023 00:00;;;;
PS716000001468;6;FO716000001224;FO716000001368;CS716000000188;;;EP;NC;;71153/USZ/PT 601514;28/07/2023 00:00;;;;
PS716000001469;1;FO716000001327;FO716000001777;CS716000000189;;;EP;NC;;71153/USZ/PT 601514;28/07/2023 00:00;;;;
PS716000001470;2;FO716000001328;FO716000001778;CS716000000189;;;EP;NC;;71153/USZ/PT 601514;28/07/2023 00:00;;;;
PS716000001471;3;FO716000001329;FO716000001779;CS716000000189;;;EP;NC;;71153/USZ/PT 601514;28/07/2023 00:00;;;;
PS716000001472;4;FO716000001330;FO716000001780;CS716000000189;;;EP;NC;;71153/USZ/PT 601514;28/07/2023 00:00;;;;
PS716000001473;5;FO716000001331;FO716000001781;CS716000000189;;;EP;NC;;71153/USZ/PT 601514;28/07/2023 00:00;;;;
PS716000001474;6;FO716000001332;FO716000001782;CS716000000189;;;EP;NC;;71153/USZ/PT 601514;28/07/2023 00:00;;;;
PS716000001475;1;FO716000001333;FO716000001783;CS716000000190;;;EP;NC;;71153/USZ/PT 601514;28/07/2023 00:00;;;;
PS716000001476;2;FO716000001334;FO716000001784;CS716000000190;;;EP;NC;;71153/USZ/PT 601514;28/07/2023 00:00;;;;
PS716000001477;3;FO716000001335;FO716000001785;CS716000000190;;;EP;NC;;71153/USZ/PT 601514;28/07/2023 00:00;;;;
PS716000001478;4;FO716000001336;FO716000001786;CS716000000190;;;EP;NC;;71153/USZ/PT 601514;28/07/2023 00:00;;;;
PS716000001479;5;FO716000001337;FO716000001787;CS716000000190;;;EP;NC;;71153/USZ/PT 601514;28/07/2023 00:00;;;;
PS716000001480;6;FO716000001338;FO716000001788;CS716000000190;;;EP;NC;;71153/USZ/PT 601514;28/07/2023 00:00;;;;
PS716000001481;1;FO716000001339;FO716000001801;CS716000000191;;;EP;NC;;71153/USZ/PT 601514;28/07/2023 00:00;;;;
PS716000001482;2;FO716000001340;FO716000001802;CS716000000191;;;EP;NC;;71153/USZ/PT 601514;28/07/2023 00:00;;;;
PS716000001483;3;FO716000001341;FO716000001803;CS716000000191;;;EP;NC;;71153/USZ/PT 601514;28/07/2023 00:00;;;;
PS716000001484;4;FO716000001342;FO716000001804;CS716000000191;;;EP;NC;;71153/USZ/PT 601514;28/07/2023 00:00;;;;
PS716000001485;5;FO716000001343;FO716000001805;CS716000000191;;;EP;NC;;71153/USZ/PT 601514;28/07/2023 00:00;;;;
PS716000001486;6;FO716000001344;FO716000001806;CS716000000191;;;EP;NC;;71153/USZ/PT 601514;28/07/2023 00:00;;;;
PS716000001487;1;FO716000001345;FO716000001807;CS716000000192;;;EP;NC;;71153/USZ/PT 601514;28/07/2023 00:00;;;;
PS716000001488;2;FO716000001346;FO716000001808;CS716000000192;;;EP;NC;;71153/USZ/PT 601514;28/07/2023 00:00;;;;
PS716000001489;3;FO716000001347;FO716000001809;CS716000000192;;;EP;NC;;71153/USZ/PT 601514;28/07/2023 00:00;;;;
PS716000001490;4;FO716000001348;FO716000001810;CS716000000192;;;EP;NC;;71153/USZ/PT 601514;28/07/2023 00:00;;;;
PS716000001491;5;FO716000001349;FO716000001811;CS716000000192;;;EP;NC;;71153/USZ/PT 601514;28/07/2023 00:00;;;;
PS716000001492;6;FO716000001350;FO716000001812;CS716000000192;;;EP;NC;;71153/USZ/PT 601514;28/07/2023 00:00;;;;
PS716000001493;1;FO716000001351;FO716000001813;CS716000000193;;;EP;NC;;71153/USZ/PT 601514;28/07/2023 00:00;;;;
PS716000001494;2;FO716000001352;FO716000001814;CS716000000193;;;EP;NC;;71153/USZ/PT 601514;28/07/2023 00:00;;;;
PS716000001495;3;FO716000001353;FO716000001815;CS716000000193;;;EP;NC;;71153/USZ/PT 601514;28/07/2023 00:00;;;;
PS716000001496;4;FO716000001354;FO716000001816;CS716000000193;;;EP;NC;;71153/USZ/PT 601514;28/07/2023 00:00;;;;
PS716000001497;5;FO716000001355;FO716000001817;CS716000000193;;;EP;NC;;71153/USZ/PT 601514;28/07/2023 00:00;;;;
PS716000001498;6;FO716000001356;FO716000001818;CS716000000193;;;EP;NC;;71153/USZ/PT 601514;28/07/2023 00:00;;;;
PS716000001499;1;FO716000001225;FO716000001369;CS716000000194;;;EP;NC;;71153/USZ/PT 601514;28/07/2023 00:00;;;;
PS716000001500;2;FO716000001226;FO716000001370;CS716000000194;;;EP;NC;;71153/USZ/PT 601514;28/07/2023 00:00;;;;
PS716000001501;3;FO716000001227;FO716000001371;CS716000000194;;;EP;NC;;71153/USZ/PT 601514;28/07/2023 00:00;;;;
PS716000001502;4;FO716000001228;FO716000001372;CS716000000194;;;EP;NC;;71153/USZ/PT 601514;28/07/2023 00:00;;;;
PS716000001503;5;FO716000001229;FO716000001373;CS716000000194;;;EP;NC;;71153/USZ/PT 601514;28/07/2023 00:00;;;;
PS716000001504;6;FO716000001230;FO716000001374;CS716000000194;;;EP;NC;;71153/USZ/PT 601514;28/07/2023 00:00;;;;
PS716000001505;1;FO716000001231;FO716000001375;CS716000000195;;;EP;NC;;71153/USZ/PT 601514;28/07/2023 00:00;;;;
PS716000001506;2;FO716000001232;FO716000001376;CS716000000195;;;EP;NC;;71153/USZ/PT 601514;28/07/2023 00:00;;;;
PS716000001507;3;FO716000001233;FO716000001377;CS716000000195;;;EP;NC;;71153/USZ/PT 601514;28/07/2023 00:00;;;;
PS716000001508;4;FO716000001234;FO716000001378;CS716000000195;;;EP;NC;;71153/USZ/PT 601514;28/07/2023 00:00;;;;
PS716000001509;5;FO716000001235;FO716000001379;CS716000000195;;;EP;NC;;71153/USZ/PT 601514;28/07/2023 00:00;;;;
PS716000001510;6;FO716000001236;FO716000001380;CS716000000195;;;EP;NC;;71153/USZ/PT 601514;28/07/2023 00:00;;;;
PS716000001511;1;FO716000001237;FO716000001381;CS716000000196;;;EP;NC;;71153/USZ/PT 601514;28/07/2023 00:00;;;;
PS716000001512;2;FO716000001238;FO716000001382;CS716000000196;;;EP;NC;;71153/USZ/PT 601514;28/07/2023 00:00;;;;
PS716000001513;3;FO716000001239;FO716000001383;CS716000000196;;;EP;NC;;71153/USZ/PT 601514;28/07/2023 00:00;;;;
PS716000001514;4;FO716000001240;FO716000001384;CS716000000196;;;EP;NC;;71153/USZ/PT 601514;28/07/2023 00:00;;;;
PS716000001515;5;FO716000001241;FO716000001385;CS716000000196;;;EP;NC;;71153/USZ/PT 601514;28/07/2023 00:00;;;;
PS716000001516;6;FO716000001242;FO716000001386;CS716000000196;;;EP;NC;;71153/USZ/PT 601514;28/07/2023 00:00;;;;
PS716000001517;1;FO716000001243;FO716000001387;CS716000000197;;;EP;NC;;71153/USZ/PT 601514;28/07/2023 00:00;;;;
PS716000001518;2;FO716000001244;FO716000001388;CS716000000197;;;EP;NC;;71153/USZ/PT 601514;28/07/2023 00:00;;;;
PS716000001519;3;FO716000001245;FO716000001389;CS716000000197;;;EP;NC;;71153/USZ/PT 601514;28/07/2023 00:00;;;;
PS716000001520;4;FO716000001246;FO716000001390;CS716000000197;;;EP;NC;;71153/USZ/PT 601514;28/07/2023 00:00;;;;
PS716000001521;5;FO716000001247;FO716000001391;CS716000000197;;;EP;NC;;71153/USZ/PT 601514;28/07/2023 00:00;;;;
PS716000001522;6;FO716000001248;FO716000001392;CS716000000197;;;EP;NC;;71153/USZ/PT 601514;28/07/2023 00:00;;;;
PS716000001523;1;FO716000001249;FO716000001393;CS716000000198;;;EP;NC;;71153/USZ/PT 601514;28/07/2023 00:00;;;;
PS716000001524;2;FO716000001250;FO716000001394;CS716000000198;;;EP;NC;;71153/USZ/PT 601514;28/07/2023 00:00;;;;
PS716000001525;3;FO716000001251;FO716000001395;CS716000000198;;;EP;NC;;71153/USZ/PT 601514;28/07/2023 00:00;;;;
PS716000001526;4;FO716000001252;FO716000001396;CS716000000198;;;EP;NC;;71153/USZ/PT 601514;28/07/2023 00:00;;;;
PS716000001527;5;FO716000001253;FO716000001397;CS716000000198;;;EP;NC;;71153/USZ/PT 601514;28/07/2023 00:00;;;;
PS716000001528;6;FO716000001254;FO716000001398;CS716000000198;;;EP;NC;;71153/USZ/PT 601514;28/07/2023 00:00;;;;
PS716000001529;1;FO716000001255;FO716000001399;CS716000000199;;;EP;NC;;71153/USZ/PT 601514;28/07/2023 00:00;;;;
PS716000001530;2;FO716000001256;FO716000001400;CS716000000199;;;EP;NC;;71153/USZ/PT 601514;28/07/2023 00:00;;;;
PS716000001531;3;FO716000001257;FO716000001401;CS716000000199;;;EP;NC;;71153/USZ/PT 601514;28/07/2023 00:00;;;;
PS716000001532;4;FO716000001258;FO716000001402;CS716000000199;;;EP;NC;;71153/USZ/PT 601514;28/07/2023 00:00;;;;
PS716000001533;5;FO716000001259;FO716000001403;CS716000000199;;;EP;NC;;71153/USZ/PT 601514;28/07/2023 00:00;;;;
PS716000001534;6;FO716000001260;FO716000001404;CS716000000199;;;EP;NC;;71153/USZ/PT 601514;28/07/2023 00:00;;;;
PS716000001535;1;FO716000001261;FO716000001561;CS716000000200;;;EP;NC;;71153/USZ/PT 601514;28/07/2023 00:00;;;;
PS716000001536;2;FO716000001262;FO716000001562;CS716000000200;;;EP;NC;;71153/USZ/PT 601514;28/07/2023 00:00;;;;
PS716000001537;3;FO716000001263;FO716000001563;CS716000000200;;;EP;NC;;71153/USZ/PT 601514;28/07/2023 00:00;;;;
PS716000001538;4;FO716000001264;FO716000001564;CS716000000200;;;EP;NC;;71153/USZ/PT 601514;28/07/2023 00:00;;;;
PS716000001539;5;FO716000001265;FO716000001565;CS716000000200;;;EP;NC;;71153/USZ/PT 601514;28/07/2023 00:00;;;;
PS716000001540;6;FO716000001266;FO716000001566;CS716000000200;;;EP;NC;;71153/USZ/PT 601514;28/07/2023 00:00;;;;
PS716000001541;1;FO716000001357;FO716000001405;CS716000000201;;;EP;NC;;71153/USZ/PT 601515;28/07/2023 00:00;;;;
PS716000001542;2;FO716000001358;FO716000001406;CS716000000201;;;EP;NC;;71153/USZ/PT 601515;28/07/2023 00:00;;;;
PS716000001543;3;FO716000001359;FO716000001407;CS716000000201;;;EP;NC;;71153/USZ/PT 601515;28/07/2023 00:00;;;;
PS716000001544;4;FO716000001360;FO716000001408;CS716000000201;;;EP;NC;;71153/USZ/PT 601515;28/07/2023 00:00;;;;
PS716000001545;5;FO716000001361;FO716000001409;CS716000000201;;;EP;NC;;71153/USZ/PT 601515;28/07/2023 00:00;;;;
PS716000001546;6;FO716000001362;FO716000001410;CS716000000201;;;EP;NC;;71153/USZ/PT 601515;28/07/2023 00:00;;;;
PS716000001547;1;FO716000001363;FO716000001411;CS716000000202;;;EP;NC;;71153/USZ/PT 601515;28/07/2023 00:00;;;;
PS716000001548;2;FO716000001364;FO716000001412;CS716000000202;;;EP;NC;;71153/USZ/PT 601515;28/07/2023 00:00;;;;
PS716000001549;3;FO716000001365;FO716000001413;CS716000000202;;;EP;NC;;71153/USZ/PT 601515;28/07/2023 00:00;;;;
PS716000001550;4;FO716000001366;FO716000001414;CS716000000202;;;EP;NC;;71153/USZ/PT 601515;28/07/2023 00:00;;;;
PS716000001551;5;FO716000001367;FO716000001415;CS716000000202;;;EP;NC;;71153/USZ/PT 601515;28/07/2023 00:00;;;;
PS716000001552;6;FO716000001368;FO716000001416;CS716000000202;;;EP;NC;;71153/USZ/PT 601515;28/07/2023 00:00;;;;
PS716000001553;1;FO716000001369;FO716000001417;CS716000000203;;;EP;NC;;71153/USZ/PT 601515;28/07/2023 00:00;;;;
PS716000001554;2;FO716000001370;FO716000001418;CS716000000203;;;EP;NC;;71153/USZ/PT 601515;28/07/2023 00:00;;;;
PS716000001555;3;FO716000001371;FO716000001419;CS716000000203;;;EP;NC;;71153/USZ/PT 601515;28/07/2023 00:00;;;;
PS716000001556;4;FO716000001372;FO716000001420;CS716000000203;;;EP;NC;;71153/USZ/PT 601515;28/07/2023 00:00;;;;
PS716000001557;5;FO716000001373;FO716000001421;CS716000000203;;;EP;NC;;71153/USZ/PT 601515;28/07/2023 00:00;;;;
PS716000001558;6;FO716000001374;FO716000001422;CS716000000203;;;EP;NC;;71153/USZ/PT 601515;28/07/2023 00:00;;;;
PS716000001559;1;FO716000001375;FO716000001423;CS716000000204;;;EP;NC;;71153/USZ/PT 601515;28/07/2023 00:00;;;;
PS716000001560;2;FO716000001376;FO716000001424;CS716000000204;;;EP;NC;;71153/USZ/PT 601515;28/07/2023 00:00;;;;
PS716000001561;3;FO716000001377;FO716000001425;CS716000000204;;;EP;NC;;71153/USZ/PT 601515;28/07/2023 00:00;;;;
PS716000001562;4;FO716000001378;FO716000001426;CS716000000204;;;EP;NC;;71153/USZ/PT 601515;28/07/2023 00:00;;;;
PS716000001563;5;FO716000001379;FO716000001427;CS716000000204;;;EP;NC;;71153/USZ/PT 601515;28/07/2023 00:00;;;;
PS716000001564;6;FO716000001380;FO716000001428;CS716000000204;;;EP;NC;;71153/USZ/PT 601515;28/07/2023 00:00;;;;
PS716000001565;1;FO716000001381;FO716000001501;CS716000000205;;;EP;NC;;71153/USZ/PT 601515;28/07/2023 00:00;;;;
PS716000001566;2;FO716000001382;FO716000001502;CS716000000205;;;EP;NC;;71153/USZ/PT 601515;28/07/2023 00:00;;;;
PS716000001567;3;FO716000001383;FO716000001503;CS716000000205;;;EP;NC;;71153/USZ/PT 601515;28/07/2023 00:00;;;;
PS716000001568;4;FO716000001384;FO716000001504;CS716000000205;;;EP;NC;;71153/USZ/PT 601515;28/07/2023 00:00;;;;
PS716000001569;5;FO716000001385;FO716000001505;CS716000000205;;;EP;NC;;71153/USZ/PT 601515;28/07/2023 00:00;;;;
PS716000001570;6;FO716000001386;FO716000001506;CS716000000205;;;EP;NC;;71153/USZ/PT 601515;28/07/2023 00:00;;;;
PS716000001571;1;FO716000001387;FO716000001507;CS716000000206;;;EP;NC;;71153/USZ/PT 601515;28/07/2023 00:00;;;;
PS716000001572;2;FO716000001388;FO716000001508;CS716000000206;;;EP;NC;;71153/USZ/PT 601515;28/07/2023 00:00;;;;
PS716000001573;3;FO716000001389;FO716000001509;CS716000000206;;;EP;NC;;71153/USZ/PT 601515;28/07/2023 00:00;;;;
PS716000001574;4;FO716000001390;FO716000001510;CS716000000206;;;EP;NC;;71153/USZ/PT 601515;28/07/2023 00:00;;;;
PS716000001575;5;FO716000001391;FO716000001511;CS716000000206;;;EP;NC;;71153/USZ/PT 601515;28/07/2023 00:00;;;;
PS716000001576;6;FO716000001392;FO716000001512;CS716000000206;;;EP;NC;;71153/USZ/PT 601515;28/07/2023 00:00;;;;
PS716000001577;1;FO716000001393;FO716000001537;CS716000000207;;;EP;NC;;71153/USZ/PT 601515;28/07/2023 00:00;;;;
PS716000001578;2;FO716000001394;FO716000001538;CS716000000207;;;EP;NC;;71153/USZ/PT 601515;28/07/2023 00:00;;;;
PS716000001579;3;FO716000001395;FO716000001539;CS716000000207;;;EP;NC;;71153/USZ/PT 601515;28/07/2023 00:00;;;;
PS716000001580;4;FO716000001396;FO716000001540;CS716000000207;;;EP;NC;;71153/USZ/PT 601515;28/07/2023 00:00;;;;
PS716000001581;5;FO716000001397;FO716000001541;CS716000000207;;;EP;NC;;71153/USZ/PT 601515;28/07/2023 00:00;;;;
PS716000001582;6;FO716000001398;FO716000001542;CS716000000207;;;EP;NC;;71153/USZ/PT 601515;28/07/2023 00:00;;;;
PS716000001583;1;FO716000001399;FO716000001543;CS716000000208;;;EP;NC;;71153/USZ/PT 601515;28/07/2023 00:00;;;;
PS716000001584;2;FO716000001400;FO716000001544;CS716000000208;;;EP;NC;;71153/USZ/PT 601515;28/07/2023 00:00;;;;
PS716000001585;3;FO716000001401;FO716000001545;CS716000000208;;;EP;NC;;71153/USZ/PT 601515;28/07/2023 00:00;;;;
PS716000001586;4;FO716000001402;FO716000001546;CS716000000208;;;EP;NC;;71153/USZ/PT 601515;28/07/2023 00:00;;;;
PS716000001587;5;FO716000001403;FO716000001547;CS716000000208;;;EP;NC;;71153/USZ/PT 601515;28/07/2023 00:00;;;;
PS716000001588;6;FO716000001404;FO716000001548;CS716000000208;;;EP;NC;;71153/USZ/PT 601515;28/07/2023 00:00;;;;
PS716000001589;1;FO716000001405;;CS716000000209;;;AT;NC;;71153/USZ/PT 601516;28/07/2023 00:00;;;;
PS716000001590;2;FO716000001406;;CS716000000209;;;AT;NC;;71153/USZ/PT 601516;28/07/2023 00:00;;;;
PS716000001591;3;FO716000001407;;CS716000000209;;;AT;NC;;71153/USZ/PT 601516;28/07/2023 00:00;;;;
PS716000001592;4;FO716000001408;;CS716000000209;;;AT;NC;;71153/USZ/PT 601516;28/07/2023 00:00;;;;
PS716000001593;5;FO716000001409;;CS716000000209;;;AT;NC;;RESERVEE;28/07/2023 00:00;;;;
PS716000001594;6;FO716000001410;;CS716000000209;;;AT;NC;;RESERVEE;28/07/2023 00:00;;;;
PS716000001595;1;FO716000001411;FO716000001435;CS716000000210;;;PA;NC;;71153/USZ/PT 601516;28/07/2023 00:00;;;;
PS716000001596;2;FO716000001412;FO716000001436;CS716000000210;;;PA;NC;;71153/USZ/PT 601516;28/07/2023 00:00;;;;
PS716000001597;3;FO716000001413;FO716000001437;CS716000000210;;;PA;NC;;71153/USZ/PT 601516;28/07/2023 00:00;;;;
PS716000001598;4;FO716000001414;FO716000001438;CS716000000210;;;PA;NC;;71153/USZ/PT 601516;28/07/2023 00:00;;;;
PS716000001599;5;FO716000001415;FO716000001439;CS716000000210;;;PA;NC;;71153/USZ/PT 601516;28/07/2023 00:00;;;;
PS716000001600;6;FO716000001416;FO716000001440;CS716000000210;;;PA;NC;;71153/USZ/PT 601516;28/07/2023 00:00;;;;
PS716000001601;7;FO716000001417;FO716000001441;CS716000000210;;;PA;NC;;71153/USZ/PT 601516;28/07/2023 00:00;;;;
PS716000001602;8;FO716000001418;FO716000001442;CS716000000210;;;PA;NC;;71153/USZ/PT 601516;28/07/2023 00:00;;;;
PS716000001603;9;FO716000001419;FO716000001443;CS716000000210;;;PA;NC;;71153/USZ/PT 601516;28/07/2023 00:00;;;;
PS716000001604;10;FO716000001420;FO716000001444;CS716000000210;;;PA;NC;;71153/USZ/PT 601516;28/07/2023 00:00;;;;
PS716000001605;11;FO716000001421;FO716000001445;CS716000000210;;;PA;NC;;71153/USZ/PT 601516;28/07/2023 00:00;;;;
PS716000001606;12;FO716000001422;FO716000001446;CS716000000210;;;PA;NC;;71153/USZ/PT 601516;28/07/2023 00:00;;;;
PS716000001607;13;FO716000001423;FO716000001447;CS716000000210;;;PA;NC;;71153/USZ/PT 601516;28/07/2023 00:00;;;;
PS716000001608;14;FO716000001424;FO716000001448;CS716000000210;;;PA;NC;;71153/USZ/PT 601516;28/07/2023 00:00;;;;
PS716000001609;15;FO716000001425;FO716000001449;CS716000000210;;;PA;NC;;71153/USZ/PT 601516;28/07/2023 00:00;;;;
PS716000001610;16;FO716000001426;FO716000001450;CS716000000210;;;PA;NC;;71153/USZ/PT 601516;28/07/2023 00:00;;;;
PS716000001611;17;FO716000001427;FO716000001451;CS716000000210;;;PA;NC;;71153/USZ/PT 601516;28/07/2023 00:00;;;;
PS716000001612;18;FO716000001428;FO716000001452;CS716000000210;;;PA;NC;;71153/USZ/PT 601516;28/07/2023 00:00;;;;
PS716000001613;1;FO716000001435;;CS716000000213;;;AT;NC;;71153/USZ/PT 601517;28/07/2023 00:00;;;;
PS716000001614;2;FO716000001436;;CS716000000213;;;AT;NC;;71153/USZ/PT 601517;28/07/2023 00:00;;;;
PS716000001615;3;FO716000001437;;CS716000000213;;;AT;NC;;71153/USZ/PT 601517;28/07/2023 00:00;;;;
PS716000001616;4;FO716000001438;;CS716000000213;;;AT;NC;;71153/USZ/PT 601517;28/07/2023 00:00;;;;
PS716000001617;5;FO716000001439;;CS716000000213;;;AT;NC;;71153/USZ/PT 601517;28/07/2023 00:00;;;;
PS716000001618;6;FO716000001440;;CS716000000213;;;AT;NC;;RESERVEE;28/07/2023 00:00;;;;
PS716000001619;1;FO716000001441;FO716000001465;CS716000000214;;;PA;NC;;71153/USZ/PT 601517;28/07/2023 00:00;;;;
PS716000001620;2;FO716000001442;FO716000001466;CS716000000214;;;PA;NC;;71153/USZ/PT 601517;28/07/2023 00:00;;;;
PS716000001621;3;FO716000001443;FO716000001467;CS716000000214;;;PA;NC;;71153/USZ/PT 601517;28/07/2023 00:00;;;;
PS716000001622;4;FO716000001444;FO716000001468;CS716000000214;;;PA;NC;;71153/USZ/PT 601517;28/07/2023 00:00;;;;
PS716000001623;5;FO716000001445;FO716000001469;CS716000000214;;;PA;NC;;71153/USZ/PT 601517;28/07/2023 00:00;;;;
PS716000001624;6;FO716000001446;FO716000001470;CS716000000214;;;PA;NC;;71153/USZ/PT 601517;28/07/2023 00:00;;;;
PS716000001625;7;FO716000001447;FO716000001471;CS716000000214;;;PA;NC;;71153/USZ/PT 601517;28/07/2023 00:00;;;;
PS716000001626;8;FO716000001448;FO716000001472;CS716000000214;;;PA;NC;;71153/USZ/PT 601517;28/07/2023 00:00;;;;
PS716000001627;9;FO716000001449;FO716000001473;CS716000000214;;;PA;NC;;71153/USZ/PT 601517;28/07/2023 00:00;;;;
PS716000001628;10;FO716000001450;FO716000001474;CS716000000214;;;PA;NC;;71153/USZ/PT 601517;28/07/2023 00:00;;;;
PS716000001629;11;FO716000001451;FO716000001475;CS716000000214;;;PA;NC;;71153/USZ/PT 601517;28/07/2023 00:00;;;;
PS716000001630;12;FO716000001452;FO716000001476;CS716000000214;;;PA;NC;;71153/USZ/PT 601517;28/07/2023 00:00;;;;
PS716000001631;1;FO716000001465;;CS716000000216;;;AT;NC;;71153/USZ/PT 601518;28/07/2023 00:00;;;;
PS716000001632;2;FO716000001466;;CS716000000216;;;AT;NC;;71153/USZ/PT 601518;28/07/2023 00:00;;;;
PS716000001633;3;FO716000001467;;CS716000000216;;;AT;NC;;71153/USZ/PT 601518;28/07/2023 00:00;;;;
PS716000001634;4;FO716000001468;;CS716000000216;;;AT;NC;;71153/USZ/PT 601518;28/07/2023 00:00;;;;
PS716000001635;5;FO716000001469;;CS716000000216;;;AT;NC;;71153/USZ/PT 601518;28/07/2023 00:00;;;;
PS716000001636;6;FO716000001470;;CS716000000216;;;AT;NC;;RESERVEE;28/07/2023 00:00;;;;
PS716000001637;1;FO716000001471;FO716000001495;CS716000000217;;;PA;NC;;71153/USZ/PT 601518;28/07/2023 00:00;;;;
PS716000001638;2;FO716000001472;FO716000001496;CS716000000217;;;PA;NC;;71153/USZ/PT 601518;28/07/2023 00:00;;;;
PS716000001639;3;FO716000001473;FO716000001497;CS716000000217;;;PA;NC;;71153/USZ/PT 601518;28/07/2023 00:00;;;;
PS716000001640;4;FO716000001474;FO716000001498;CS716000000217;;;PA;NC;;71153/USZ/PT 601518;28/07/2023 00:00;;;;
PS716000001641;5;FO716000001475;FO716000001499;CS716000000217;;;PA;NC;;71153/USZ/PT 601518;28/07/2023 00:00;;;;
PS716000001642;6;FO716000001476;FO716000001500;CS716000000217;;;PA;NC;;71153/USZ/PT 601518;28/07/2023 00:00;;;;
PS716000001643;1;FO716000001495;;CS716000000218;;;AT;NC;;71153/USZ/PT 601519;28/07/2023 00:00;;;;
PS716000001644;2;FO716000001496;;CS716000000218;;;AT;NC;;71153/USZ/PT 601519;28/07/2023 00:00;;;;
PS716000001645;3;FO716000001497;;CS716000000218;;;AT;NC;;71153/USZ/PT 601519;28/07/2023 00:00;;;;
PS716000001646;4;FO716000001498;;CS716000000218;;;AT;NC;;RESERVEE;28/07/2023 00:00;;;;
PS716000001647;5;FO716000001499;;CS716000000218;;;AT;NC;;RESERVEE;28/07/2023 00:00;;;;
PS716000001648;6;FO716000001500;;CS716000000218;;;AT;NC;;RESERVEE;28/07/2023 00:00;;;;
PS716000001649;1;FO716000001501;;CS716000000219;;;AT;NC;;71153/USZ/PT 601520;28/07/2023 00:00;;;;
PS716000001650;2;FO716000001502;;CS716000000219;;;AT;NC;;71153/USZ/PT 601520;28/07/2023 00:00;;;;
PS716000001651;3;FO716000001503;;CS716000000219;;;AT;NC;;RESERVEE;28/07/2023 00:00;;;;
PS716000001652;4;FO716000001504;FO716000001516;CS716000000219;;;PA;NC;;71153/USZ/PT 601520;28/07/2023 00:00;;;;
PS716000001653;5;FO716000001505;FO716000001517;CS716000000219;;;PA;NC;;71153/USZ/PT 601520;28/07/2023 00:00;;;;
PS716000001654;6;FO716000001506;FO716000001518;CS716000000219;;;PA;NC;;71153/USZ/PT 601520;28/07/2023 00:00;;;;
PS716000001655;1;FO716000001507;FO716000001519;CS716000000220;;;PA;NC;;71153/USZ/PT 601520;28/07/2023 00:00;;;;
PS716000001656;2;FO716000001508;FO716000001520;CS716000000220;;;PA;NC;;71153/USZ/PT 601520;28/07/2023 00:00;;;;
PS716000001657;3;FO716000001509;FO716000001521;CS716000000220;;;PA;NC;;71153/USZ/PT 601520;28/07/2023 00:00;;;;
PS716000001658;4;FO716000001510;FO716000001522;CS716000000220;;;PA;NC;;71153/USZ/PT 601520;28/07/2023 00:00;;;;
PS716000001659;5;FO716000001511;FO716000001523;CS716000000220;;;PA;NC;;71153/USZ/PT 601520;28/07/2023 00:00;;;;
PS716000001660;6;FO716000001512;FO716000001524;CS716000000220;;;PA;NC;;71153/USZ/PT 601520;28/07/2023 00:00;;;;
PS716000001661;1;FO716000001516;FO716000001528;CS716000000222;;;PA;NC;;71153/USZ/PT 601521;28/07/2023 00:00;;;;
PS716000001662;2;FO716000001517;FO716000001529;CS716000000222;;;PA;NC;;71153/USZ/PT 601521;28/07/2023 00:00;;;;
PS716000001663;3;FO716000001518;FO716000001530;CS716000000222;;;PA;NC;;71153/USZ/PT 601521;28/07/2023 00:00;;;;
PS716000001664;1;FO716000001519;;CS716000000221;;;AT;NC;;71153/USZ/PT 601521;28/07/2023 00:00;;;;
PS716000001665;2;FO716000001520;;CS716000000221;;;AT;NC;;71153/USZ/PT 601521;28/07/2023 00:00;;;;
PS716000001666;3;FO716000001521;;CS716000000221;;;AT;NC;;71153/USZ/PT 601521;28/07/2023 00:00;;;;
PS716000001667;4;FO716000001522;;CS716000000221;;;AT;NC;;71153/USZ/PT 601521;28/07/2023 00:00;;;;
PS716000001668;5;FO716000001523;;CS716000000221;;;AT;NC;;71153/USZ/PT 601521;28/07/2023 00:00;;;;
PS716000001669;6;FO716000001524;;CS716000000221;;;AT;NC;;RESERVEE;28/07/2023 00:00;;;;
PS716000001670;1;FO716000001528;;CS716000000223;;;AT;NC;;71153/USZ/PT 601522;28/07/2023 00:00;;;;
PS716000001671;2;FO716000001529;;CS716000000223;;;AT;NC;;71153/USZ/PT 601522;28/07/2023 00:00;;;;
PS716000001672;3;FO716000001530;;CS716000000223;;;AT;NC;;RESERVEE;28/07/2023 00:00;;;;
PS716000001673;1;FO716000001537;;CS716000000224;;;AT;NC;;71153/USZ/PT 601523;28/07/2023 00:00;;;;
PS716000001674;2;FO716000001538;;CS716000000224;;;AT;NC;;71153/USZ/PT 601523;28/07/2023 00:00;;;;
PS716000001675;3;FO716000001539;;CS716000000224;;;AT;NC;;71153/USZ/PT 601523;28/07/2023 00:00;;;;
PS716000001676;4;FO716000001540;;CS716000000224;;;AT;NC;;71153/USZ/PT 601523;28/07/2023 00:00;;;;
PS716000001677;5;FO716000001541;;CS716000000224;;;AT;NC;;RESERVEE;28/07/2023 00:00;;;;
PS716000001678;6;FO716000001542;;CS716000000224;;;AT;NC;;RESERVEE;28/07/2023 00:00;;;;
PS716000001679;1;FO716000001543;FO716000001555;CS716000000225;;;PA;NC;;71153/USZ/PT 601523;28/07/2023 00:00;;;;
PS716000001680;2;FO716000001544;FO716000001556;CS716000000225;;;PA;NC;;71153/USZ/PT 601523;28/07/2023 00:00;;;;
PS716000001681;3;FO716000001545;FO716000001557;CS716000000225;;;PA;NC;;71153/USZ/PT 601523;28/07/2023 00:00;;;;
PS716000001682;4;FO716000001546;FO716000001558;CS716000000225;;;PA;NC;;71153/USZ/PT 601523;28/07/2023 00:00;;;;
PS716000001683;5;FO716000001547;FO716000001559;CS716000000225;;;PA;NC;;71153/USZ/PT 601523;28/07/2023 00:00;;;;
PS716000001684;6;FO716000001548;FO716000001560;CS716000000225;;;PA;NC;;71153/USZ/PT 601523;28/07/2023 00:00;;;;
PS716000001685;1;FO716000001555;;CS716000000226;;;AT;NC;;71153/USZ/PT 601524;28/07/2023 00:00;;;;
PS716000001686;2;FO716000001556;;CS716000000226;;;AT;NC;;71153/USZ/PT 601524;28/07/2023 00:00;;;;
PS716000001687;3;FO716000001557;;CS716000000226;;;AT;NC;;71153/USZ/PT 601524;28/07/2023 00:00;;;;
PS716000001688;4;FO716000001558;;CS716000000226;;;AT;NC;;RESERVEE;28/07/2023 00:00;;;;
PS716000001689;5;FO716000001559;;CS716000000226;;;AT;NC;;RESERVEE;28/07/2023 00:00;;;;
PS716000001690;6;FO716000001560;;CS716000000226;;;AT;NC;;RESERVEE;28/07/2023 00:00;;;;
PS716000001691;1;FO716000001561;;CS716000000227;;;AT;NC;;71153/USZ/PT 601525;28/07/2023 00:00;;;;
PS716000001692;2;FO716000001562;;CS716000000227;;;AT;NC;;71153/USZ/PT 601525;28/07/2023 00:00;;;;
PS716000001693;3;FO716000001563;;CS716000000227;;;AT;NC;;71153/USZ/PT 601525;28/07/2023 00:00;;;;
PS716000001694;4;FO716000001564;;CS716000000227;;;AT;NC;;71153/USZ/PT 601525;28/07/2023 00:00;;;;
PS716000001695;5;FO716000001565;;CS716000000227;;;AT;NC;;71153/USZ/PT 601525;28/07/2023 00:00;;;;
PS716000001696;6;FO716000001566;;CS716000000227;;;AT;NC;;RESERVEE;28/07/2023 00:00;;;;
PS716000001697;1;FO716000001567;FO716000001591;CS716000000228;;;PA;NC;;71153/USZ/PT 601525;28/07/2023 00:00;;;;
PS716000001698;2;FO716000001568;FO716000001592;CS716000000228;;;PA;NC;;71153/USZ/PT 601525;28/07/2023 00:00;;;;
PS716000001699;3;FO716000001569;FO716000001593;CS716000000228;;;PA;NC;;71153/USZ/PT 601525;28/07/2023 00:00;;;;
PS716000001700;4;FO716000001570;FO716000001594;CS716000000228;;;PA;NC;;71153/USZ/PT 601525;28/07/2023 00:00;;;;
PS716000001701;5;FO716000001571;FO716000001595;CS716000000228;;;PA;NC;;71153/USZ/PT 601525;28/07/2023 00:00;;;;
PS716000001702;6;FO716000001572;FO716000001596;CS716000000228;;;PA;NC;;71153/USZ/PT 601525;28/07/2023 00:00;;;;
PS716000001703;7;FO716000001573;FO716000001597;CS716000000228;;;PA;NC;;71153/USZ/PT 601525;28/07/2023 00:00;;;;
PS716000001704;8;FO716000001574;FO716000001598;CS716000000228;;;PA;NC;;71153/USZ/PT 601525;28/07/2023 00:00;;;;
PS716000001705;9;FO716000001575;FO716000001599;CS716000000228;;;PA;NC;;71153/USZ/PT 601525;28/07/2023 00:00;;;;
PS716000001706;10;FO716000001576;FO716000001600;CS716000000228;;;PA;NC;;71153/USZ/PT 601525;28/07/2023 00:00;;;;
PS716000001707;11;FO716000001577;FO716000001601;CS716000000228;;;PA;NC;;71153/USZ/PT 601525;28/07/2023 00:00;;;;
PS716000001708;12;FO716000001578;FO716000001602;CS716000000228;;;PA;NC;;71153/USZ/PT 601525;28/07/2023 00:00;;;;
PS716000001709;1;FO716000001591;;CS716000000230;;;AT;NC;;71153/USZ/PT 601526;28/07/2023 00:00;;;;
PS716000001710;2;FO716000001592;;CS716000000230;;;AT;NC;;71153/USZ/PT 601526;28/07/2023 00:00;;;;
PS716000001711;3;FO716000001593;;CS716000000230;;;AT;NC;;71153/USZ/PT 601526;28/07/2023 00:00;;;;
PS716000001712;4;FO716000001594;;CS716000000230;;;AT;NC;;71153/USZ/PT 601526;28/07/2023 00:00;;;;
PS716000001713;5;FO716000001595;;CS716000000230;;;AT;NC;;RESERVEE;28/07/2023 00:00;;;;
PS716000001714;6;FO716000001596;;CS716000000230;;;AT;NC;;RESERVEE;28/07/2023 00:00;;;;
PS716000001715;1;FO716000001597;FO716000001621;CS716000000231;;;PA;NC;;71153/USZ/PT 601526;28/07/2023 00:00;;;;
PS716000001716;2;FO716000001598;FO716000001622;CS716000000231;;;PA;NC;;71153/USZ/PT 601526;28/07/2023 00:00;;;;
PS716000001717;3;FO716000001599;FO716000001623;CS716000000231;;;PA;NC;;71153/USZ/PT 601526;28/07/2023 00:00;;;;
PS716000001718;4;FO716000001600;FO716000001624;CS716000000231;;;PA;NC;;71153/USZ/PT 601526;28/07/2023 00:00;;;;
PS716000001719;5;FO716000001601;FO716000001625;CS716000000231;;;PA;NC;;71153/USZ/PT 601526;28/07/2023 00:00;;;;
PS716000001720;6;FO716000001602;FO716000001626;CS716000000231;;;PA;NC;;71153/USZ/PT 601526;28/07/2023 00:00;;;;
PS716000001721;1;FO716000001621;;CS716000000232;;;AT;NC;;71153/USZ/PT 601527;28/07/2023 00:00;;;;
PS716000001722;2;FO716000001622;;CS716000000232;;;AT;NC;;71153/USZ/PT 601527;28/07/2023 00:00;;;;
PS716000001723;3;FO716000001623;;CS716000000232;;;AT;NC;;71153/USZ/PT 601527;28/07/2023 00:00;;;;
PS716000001724;4;FO716000001624;;CS716000000232;;;AT;NC;;RESERVEE;28/07/2023 00:00;;;;
PS716000001725;5;FO716000001625;;CS716000000232;;;AT;NC;;RESERVEE;28/07/2023 00:00;;;;
PS716000001726;6;FO716000001626;;CS716000000232;;;AT;NC;;RESERVEE;28/07/2023 00:00;;;;
PS716000001727;1;FO716000001633;;CS716000000233;;;AT;NC;;71153/USZ/PT 601528;28/07/2023 00:00;;;;
PS716000001728;2;FO716000001634;;CS716000000233;;;AT;NC;;71153/USZ/PT 601528;28/07/2023 00:00;;;;
PS716000001729;3;FO716000001635;;CS716000000233;;;AT;NC;;71153/USZ/PT 601528;28/07/2023 00:00;;;;
PS716000001730;4;FO716000001636;;CS716000000233;;;AT;NC;;71153/USZ/PT 601528;28/07/2023 00:00;;;;
PS716000001731;5;FO716000001637;;CS716000000233;;;AT;NC;;RESERVEE;28/07/2023 00:00;;;;
PS716000001732;6;FO716000001638;;CS716000000233;;;AT;NC;;RESERVEE;28/07/2023 00:00;;;;
PS716000001733;1;FO716000001639;FO716000001663;CS716000000234;;;PA;NC;;71153/USZ/PT 601528;28/07/2023 00:00;;;;
PS716000001734;2;FO716000001640;FO716000001664;CS716000000234;;;PA;NC;;71153/USZ/PT 601528;28/07/2023 00:00;;;;
PS716000001735;3;FO716000001641;FO716000001665;CS716000000234;;;PA;NC;;71153/USZ/PT 601528;28/07/2023 00:00;;;;
PS716000001736;4;FO716000001642;FO716000001666;CS716000000234;;;PA;NC;;71153/USZ/PT 601528;28/07/2023 00:00;;;;
PS716000001737;5;FO716000001643;FO716000001667;CS716000000234;;;PA;NC;;71153/USZ/PT 601528;28/07/2023 00:00;;;;
PS716000001738;6;FO716000001644;FO716000001668;CS716000000234;;;PA;NC;;71153/USZ/PT 601528;28/07/2023 00:00;;;;
PS716000001739;7;FO716000001645;FO716000001669;CS716000000234;;;PA;NC;;71153/USZ/PT 601528;28/07/2023 00:00;;;;
PS716000001740;8;FO716000001646;FO716000001670;CS716000000234;;;PA;NC;;71153/USZ/PT 601528;28/07/2023 00:00;;;;
PS716000001741;9;FO716000001647;FO716000001671;CS716000000234;;;PA;NC;;71153/USZ/PT 601528;28/07/2023 00:00;;;;
PS716000001742;10;FO716000001648;FO716000001672;CS716000000234;;;PA;NC;;71153/USZ/PT 601528;28/07/2023 00:00;;;;
PS716000001743;11;FO716000001649;FO716000001673;CS716000000234;;;PA;NC;;71153/USZ/PT 601528;28/07/2023 00:00;;;;
PS716000001744;12;FO716000001650;FO716000001674;CS716000000234;;;PA;NC;;71153/USZ/PT 601528;28/07/2023 00:00;;;;
PS716000001745;13;FO716000001651;FO716000001675;CS716000000234;;;PA;NC;;71153/USZ/PT 601528;28/07/2023 00:00;;;;
PS716000001746;14;FO716000001652;FO716000001676;CS716000000234;;;PA;NC;;71153/USZ/PT 601528;28/07/2023 00:00;;;;
PS716000001747;15;FO716000001653;FO716000001677;CS716000000234;;;PA;NC;;71153/USZ/PT 601528;28/07/2023 00:00;;;;
PS716000001748;16;FO716000001654;FO716000001678;CS716000000234;;;PA;NC;;71153/USZ/PT 601528;28/07/2023 00:00;;;;
PS716000001749;17;FO716000001655;FO716000001679;CS716000000234;;;PA;NC;;71153/USZ/PT 601528;28/07/2023 00:00;;;;
PS716000001750;18;FO716000001656;FO716000001680;CS716000000234;;;PA;NC;;71153/USZ/PT 601528;28/07/2023 00:00;;;;
PS716000001751;1;FO716000001663;;CS716000000237;;;AT;NC;;71153/USZ/PT 601529;28/07/2023 00:00;;;;
PS716000001752;2;FO716000001664;;CS716000000237;;;AT;NC;;71153/USZ/PT 601529;28/07/2023 00:00;;;;
PS716000001753;3;FO716000001665;;CS716000000237;;;AT;NC;;71153/USZ/PT 601529;28/07/2023 00:00;;;;
PS716000001754;4;FO716000001666;;CS716000000237;;;AT;NC;;71153/USZ/PT 601529;28/07/2023 00:00;;;;
PS716000001755;5;FO716000001667;;CS716000000237;;;AT;NC;;RESERVEE;28/07/2023 00:00;;;;
PS716000001756;6;FO716000001668;;CS716000000237;;;AT;NC;;RESERVEE;28/07/2023 00:00;;;;
PS716000001757;1;FO716000001669;FO716000001693;CS716000000238;;;PA;NC;;71153/USZ/PT 601529;28/07/2023 00:00;;;;
PS716000001758;2;FO716000001670;FO716000001694;CS716000000238;;;PA;NC;;71153/USZ/PT 601529;28/07/2023 00:00;;;;
PS716000001759;3;FO716000001671;FO716000001695;CS716000000238;;;PA;NC;;71153/USZ/PT 601529;28/07/2023 00:00;;;;
PS716000001760;4;FO716000001672;FO716000001696;CS716000000238;;;PA;NC;;71153/USZ/PT 601529;28/07/2023 00:00;;;;
PS716000001761;5;FO716000001673;FO716000001697;CS716000000238;;;PA;NC;;71153/USZ/PT 601529;28/07/2023 00:00;;;;
PS716000001762;6;FO716000001674;FO716000001698;CS716000000238;;;PA;NC;;71153/USZ/PT 601529;28/07/2023 00:00;;;;
PS716000001763;7;FO716000001675;FO716000001699;CS716000000238;;;PA;NC;;71153/USZ/PT 601529;28/07/2023 00:00;;;;
PS716000001764;8;FO716000001676;FO716000001700;CS716000000238;;;PA;NC;;71153/USZ/PT 601529;28/07/2023 00:00;;;;
PS716000001765;9;FO716000001677;FO716000001701;CS716000000238;;;PA;NC;;71153/USZ/PT 601529;28/07/2023 00:00;;;;
PS716000001766;10;FO716000001678;FO716000001702;CS716000000238;;;PA;NC;;71153/USZ/PT 601529;28/07/2023 00:00;;;;
PS716000001767;11;FO716000001679;FO716000001703;CS716000000238;;;PA;NC;;71153/USZ/PT 601529;28/07/2023 00:00;;;;
PS716000001768;12;FO716000001680;FO716000001704;CS716000000238;;;PA;NC;;71153/USZ/PT 601529;28/07/2023 00:00;;;;
PS716000001769;1;FO716000001693;;CS716000000240;;;AT;NC;;71153/USZ/PT 601530;28/07/2023 00:00;;;;
PS716000001770;2;FO716000001694;;CS716000000240;;;AT;NC;;71153/USZ/PT 601530;28/07/2023 00:00;;;;
PS716000001771;3;FO716000001695;;CS716000000240;;;AT;NC;;RESERVEE;28/07/2023 00:00;;;;
PS716000001772;4;FO716000001696;;CS716000000240;;;AT;NC;;RESERVEE;28/07/2023 00:00;;;;
PS716000001773;5;FO716000001697;;CS716000000240;;;AT;NC;;RESERVEE;28/07/2023 00:00;;;;
PS716000001774;6;FO716000001698;;CS716000000240;;;AT;NC;;RESERVEE;28/07/2023 00:00;;;;
PS716000001775;1;FO716000001699;FO716000001723;CS716000000241;;;PA;NC;;71153/USZ/PT 601530;28/07/2023 00:00;;;;
PS716000001776;2;FO716000001700;FO716000001724;CS716000000241;;;PA;NC;;71153/USZ/PT 601530;28/07/2023 00:00;;;;
PS716000001777;3;FO716000001701;FO716000001725;CS716000000241;;;PA;NC;;71153/USZ/PT 601530;28/07/2023 00:00;;;;
PS716000001778;4;FO716000001702;FO716000001726;CS716000000241;;;PA;NC;;71153/USZ/PT 601530;28/07/2023 00:00;;;;
PS716000001779;5;FO716000001703;FO716000001727;CS716000000241;;;PA;NC;;71153/USZ/PT 601530;28/07/2023 00:00;;;;
PS716000001780;6;FO716000001704;FO716000001728;CS716000000241;;;PA;NC;;71153/USZ/PT 601530;28/07/2023 00:00;;;;
PS716000001781;1;FO716000001723;;CS716000000242;;;AT;NC;;71153/USZ/PT 601531;28/07/2023 00:00;;;;
PS716000001782;2;FO716000001724;;CS716000000242;;;AT;NC;;71153/USZ/PT 601531;28/07/2023 00:00;;;;
PS716000001783;3;FO716000001725;;CS716000000242;;;AT;NC;;71153/USZ/PT 601531;28/07/2023 00:00;;;;
PS716000001784;4;FO716000001726;;CS716000000242;;;AT;NC;;71153/USZ/PT 601531;28/07/2023 00:00;;;;
PS716000001785;5;FO716000001727;;CS716000000242;;;AT;NC;;RESERVEE;28/07/2023 00:00;;;;
PS716000001786;6;FO716000001728;;CS716000000242;;;AT;NC;;RESERVEE;28/07/2023 00:00;;;;
PS716000001787;1;FO716000001729;;CS716000000243;;;AT;NC;;71153/USZ/PT 601532;28/07/2023 00:00;;;;
PS716000001788;2;FO716000001730;;CS716000000243;;;AT;NC;;RESERVEE;28/07/2023 00:00;;;;
PS716000001789;3;FO716000001731;;CS716000000243;;;AT;NC;;RESERVEE;28/07/2023 00:00;;;;
PS716000001790;4;FO716000001732;;CS716000000243;;;AT;NC;;RESERVEE;28/07/2023 00:00;;;;
PS716000001791;5;FO716000001733;;CS716000000243;;;AT;NC;;RESERVEE;28/07/2023 00:00;;;;
PS716000001792;6;FO716000001734;;CS716000000243;;;AT;NC;;RESERVEE;28/07/2023 00:00;;;;
PS716000001793;1;FO716000001735;FO716000001747;CS716000000244;;;PA;NC;;71153/USZ/PT 601532;28/07/2023 00:00;;;;
PS716000001794;2;FO716000001736;FO716000001748;CS716000000244;;;PA;NC;;71153/USZ/PT 601532;28/07/2023 00:00;;;;
PS716000001795;3;FO716000001737;FO716000001749;CS716000000244;;;PA;NC;;71153/USZ/PT 601532;28/07/2023 00:00;;;;
PS716000001796;4;FO716000001738;FO716000001750;CS716000000244;;;PA;NC;;71153/USZ/PT 601532;28/07/2023 00:00;;;;
PS716000001797;5;FO716000001739;FO716000001751;CS716000000244;;;PA;NC;;71153/USZ/PT 601532;28/07/2023 00:00;;;;
PS716000001798;6;FO716000001740;FO716000001752;CS716000000244;;;PA;NC;;71153/USZ/PT 601532;28/07/2023 00:00;;;;
PS716000001799;1;FO716000001747;;CS716000000245;;;AT;NC;;71153/USZ/PT 601533;28/07/2023 00:00;;;;
PS716000001800;2;FO716000001748;;CS716000000245;;;AT;NC;;71153/USZ/PT 601533;28/07/2023 00:00;;;;
PS716000001801;3;FO716000001749;;CS716000000245;;;AT;NC;;71153/USZ/PT 601533;28/07/2023 00:00;;;;
PS716000001802;4;FO716000001750;;CS716000000245;;;AT;NC;;71153/USZ/PT 601533;28/07/2023 00:00;;;;
PS716000001803;5;FO716000001751;;CS716000000245;;;AT;NC;;71153/USZ/PT 601533;28/07/2023 00:00;;;;
PS716000001804;6;FO716000001752;;CS716000000245;;;AT;NC;;RESERVEE;28/07/2023 00:00;;;;
PS716000001805;1;FO716000001753;;CS716000000246;;;AT;NC;;71153/USZ/PT 601534;28/07/2023 00:00;;;;
PS716000001806;2;FO716000001754;;CS716000000246;;;AT;NC;;71153/USZ/PT 601534;28/07/2023 00:00;;;;
PS716000001807;3;FO716000001755;;CS716000000246;;;AT;NC;;71153/USZ/PT 601534;28/07/2023 00:00;;;;
PS716000001808;4;FO716000001756;;CS716000000246;;;AT;NC;;71153/USZ/PT 601534;28/07/2023 00:00;;;;
PS716000001809;5;FO716000001757;;CS716000000246;;;AT;NC;;71153/USZ/PT 601534;28/07/2023 00:00;;;;
PS716000001810;6;FO716000001758;;CS716000000246;;;AT;NC;;RESERVEE;28/07/2023 00:00;;;;
PS716000001811;1;FO716000001759;FO716000001771;CS716000000247;;;PA;NC;;71153/USZ/PT 601534;28/07/2023 00:00;;;;
PS716000001812;2;FO716000001760;FO716000001772;CS716000000247;;;PA;NC;;71153/USZ/PT 601534;28/07/2023 00:00;;;;
PS716000001813;3;FO716000001761;FO716000001773;CS716000000247;;;PA;NC;;71153/USZ/PT 601534;28/07/2023 00:00;;;;
PS716000001814;4;FO716000001762;FO716000001774;CS716000000247;;;PA;NC;;71153/USZ/PT 601534;28/07/2023 00:00;;;;
PS716000001815;5;FO716000001763;FO716000001775;CS716000000247;;;PA;NC;;71153/USZ/PT 601534;28/07/2023 00:00;;;;
PS716000001816;6;FO716000001764;FO716000001776;CS716000000247;;;PA;NC;;71153/USZ/PT 601534;28/07/2023 00:00;;;;
PS716000001817;1;FO716000001771;;CS716000000248;;;AT;NC;;71153/USZ/PT 601535;28/07/2023 00:00;;;;
PS716000001818;2;FO716000001772;;CS716000000248;;;AT;NC;;71153/USZ/PT 601535;28/07/2023 00:00;;;;
PS716000001819;3;FO716000001773;;CS716000000248;;;AT;NC;;71153/USZ/PT 601535;28/07/2023 00:00;;;;
PS716000001820;4;FO716000001774;;CS716000000248;;;AT;NC;;71153/USZ/PT 601535;28/07/2023 00:00;;;;
PS716000001821;5;FO716000001775;;CS716000000248;;;AT;NC;;RESERVEE;28/07/2023 00:00;;;;
PS716000001822;6;FO716000001776;;CS716000000248;;;AT;NC;;RESERVEE;28/07/2023 00:00;;;;
PS716000001823;1;FO716000001777;;CS716000000249;;;AT;NC;;71153/USZ/PT 601536;28/07/2023 00:00;;;;
PS716000001824;2;FO716000001778;;CS716000000249;;;AT;NC;;71153/USZ/PT 601536;28/07/2023 00:00;;;;
PS716000001825;3;FO716000001779;;CS716000000249;;;AT;NC;;71153/USZ/PT 601536;28/07/2023 00:00;;;;
PS716000001826;4;FO716000001780;;CS716000000249;;;AT;NC;;71153/USZ/PT 601536;28/07/2023 00:00;;;;
PS716000001827;5;FO716000001781;;CS716000000249;;;AT;NC;;71153/USZ/PT 601536;28/07/2023 00:00;;;;
PS716000001828;6;FO716000001782;;CS716000000249;;;AT;NC;;RESERVEE;28/07/2023 00:00;;;;
PS716000001829;1;FO716000001783;FO716000001795;CS716000000250;;;PA;NC;;71153/USZ/PT 601536;28/07/2023 00:00;;;;
PS716000001830;2;FO716000001784;FO716000001796;CS716000000250;;;PA;NC;;71153/USZ/PT 601536;28/07/2023 00:00;;;;
PS716000001831;3;FO716000001785;FO716000001797;CS716000000250;;;PA;NC;;71153/USZ/PT 601536;28/07/2023 00:00;;;;
PS716000001832;4;FO716000001786;FO716000001798;CS716000000250;;;PA;NC;;71153/USZ/PT 601536;28/07/2023 00:00;;;;
PS716000001833;5;FO716000001787;FO716000001799;CS716000000250;;;PA;NC;;71153/USZ/PT 601536;28/07/2023 00:00;;;;
PS716000001834;6;FO716000001788;FO716000001800;CS716000000250;;;PA;NC;;71153/USZ/PT 601536;28/07/2023 00:00;;;;
PS716000001835;1;FO716000001795;;CS716000000251;;;AT;NC;;71153/USZ/PT 601537;28/07/2023 00:00;;;;
PS716000001836;2;FO716000001796;;CS716000000251;;;AT;NC;;71153/USZ/PT 601537;28/07/2023 00:00;;;;
PS716000001837;3;FO716000001797;;CS716000000251;;;AT;NC;;RESERVEE;28/07/2023 00:00;;;;
PS716000001838;4;FO716000001798;;CS716000000251;;;AT;NC;;RESERVEE;28/07/2023 00:00;;;;
PS716000001839;5;FO716000001799;;CS716000000251;;;AT;NC;;RESERVEE;28/07/2023 00:00;;;;
PS716000001840;6;FO716000001800;;CS716000000251;;;AT;NC;;RESERVEE;28/07/2023 00:00;;;;
PS716000001841;1;FO716000001801;;CS716000000252;;;AT;NC;;71153/USZ/PT 601538;28/07/2023 00:00;;;;
PS716000001842;2;FO716000001802;;CS716000000252;;;AT;NC;;71153/USZ/PT 601538;28/07/2023 00:00;;;;
PS716000001843;3;FO716000001803;;CS716000000252;;;AT;NC;;71153/USZ/PT 601538;28/07/2023 00:00;;;;
PS716000001844;4;FO716000001804;;CS716000000252;;;AT;NC;;RESERVEE;28/07/2023 00:00;;;;
PS716000001845;5;FO716000001805;;CS716000000252;;;AT;NC;;RESERVEE;28/07/2023 00:00;;;;
PS716000001846;6;FO716000001806;;CS716000000252;;;AT;NC;;RESERVEE;28/07/2023 00:00;;;;
PS716000001847;1;FO716000001807;;CS716000000253;;;AT;NC;;71153/USZ/PT 601539;28/07/2023 00:00;;;;
PS716000001848;2;FO716000001808;;CS716000000253;;;AT;NC;;71153/USZ/PT 601539;28/07/2023 00:00;;;;
PS716000001849;3;FO716000001809;;CS716000000253;;;AT;NC;;71153/USZ/PT 601539;28/07/2023 00:00;;;;
PS716000001850;4;FO716000001810;;CS716000000253;;;AT;NC;;71153/USZ/PT 601539;28/07/2023 00:00;;;;
PS716000001851;5;FO716000001811;;CS716000000253;;;AT;NC;;RESERVEE;28/07/2023 00:00;;;;
PS716000001852;6;FO716000001812;;CS716000000253;;;AT;NC;;RESERVEE;28/07/2023 00:00;;;;
PS716000001853;1;FO716000001813;;CS716000000254;;;AT;NC;;71153/USZ/PT 601540;28/07/2023 00:00;;;;
PS716000001854;2;FO716000001814;;CS716000000254;;;AT;NC;;RESERVEE;28/07/2023 00:00;;;;
PS716000001855;3;FO716000001815;;CS716000000254;;;AT;NC;;RESERVEE;28/07/2023 00:00;;;;
PS716000001856;4;FO716000001816;;CS716000000254;;;AT;NC;;RESERVEE;28/07/2023 00:00;;;;
PS716000001857;5;FO716000001817;;CS716000000254;;;AT;NC;;RESERVEE;28/07/2023 00:00;;;;
PS716000001858;6;FO716000001818;;CS716000000254;;;AT;NC;;RESERVEE;28/07/2023 00:00;;;;
PS716000001859;1;FO716000001819;FO716000001963;CS716000000262;;;PA;NC;;71153/USZ/PT 601541;28/07/2023 00:00;;;;
PS716000001860;2;FO716000001820;FO716000001964;CS716000000262;;;PA;NC;;71153/USZ/PT 601541;28/07/2023 00:00;;;;
PS716000001861;3;FO716000001821;FO716000001965;CS716000000262;;;PA;NC;;71153/USZ/PT 601541;28/07/2023 00:00;;;;
PS716000001862;4;FO716000001822;FO716000001966;CS716000000262;;;PA;NC;;71153/USZ/PT 601541;28/07/2023 00:00;;;;
PS716000001863;5;FO716000001823;FO716000001967;CS716000000262;;;PA;NC;;71153/USZ/PT 601541;28/07/2023 00:00;;;;
PS716000001864;6;FO716000001824;FO716000001968;CS716000000262;;;PA;NC;;71153/USZ/PT 601541;28/07/2023 00:00;;;;
PS716000001865;7;FO716000001873;FO716000002017;CS716000000262;;;PA;NC;;71153/USZ/PT 601541;28/07/2023 00:00;;;;
PS716000001866;8;FO716000001874;FO716000002018;CS716000000262;;;PA;NC;;71153/USZ/PT 601541;28/07/2023 00:00;;;;
PS716000001867;9;FO716000001875;FO716000002019;CS716000000262;;;PA;NC;;71153/USZ/PT 601541;28/07/2023 00:00;;;;
PS716000001868;10;FO716000001876;FO716000002020;CS716000000262;;;PA;NC;;71153/USZ/PT 601541;28/07/2023 00:00;;;;
PS716000001869;11;FO716000001877;FO716000002021;CS716000000262;;;PA;NC;;71153/USZ/PT 601541;28/07/2023 00:00;;;;
PS716000001870;12;FO716000001878;FO716000002022;CS716000000262;;;PA;NC;;71153/USZ/PT 601541;28/07/2023 00:00;;;;
PS716000001871;13;FO716000001879;FO716000002023;CS716000000262;;;PA;NC;;71153/USZ/PT 601541;28/07/2023 00:00;;;;
PS716000001872;14;FO716000001880;FO716000002024;CS716000000262;;;PA;NC;;71153/USZ/PT 601541;28/07/2023 00:00;;;;
PS716000001873;15;FO716000001881;FO716000002025;CS716000000262;;;PA;NC;;71153/USZ/PT 601541;28/07/2023 00:00;;;;
PS716000001874;16;FO716000001882;FO716000002026;CS716000000262;;;PA;NC;;71153/USZ/PT 601541;28/07/2023 00:00;;;;
PS716000001875;17;FO716000001883;FO716000002027;CS716000000262;;;PA;NC;;71153/USZ/PT 601541;28/07/2023 00:00;;;;
PS716000001876;18;FO716000001884;FO716000002028;CS716000000262;;;PA;NC;;71153/USZ/PT 601541;28/07/2023 00:00;;;;
PS716000001877;19;FO716000001885;FO716000002029;CS716000000262;;;PA;NC;;71153/USZ/PT 601541;28/07/2023 00:00;;;;
PS716000001878;20;FO716000001886;FO716000002030;CS716000000262;;;PA;NC;;71153/USZ/PT 601541;28/07/2023 00:00;;;;
PS716000001879;21;FO716000001887;FO716000002031;CS716000000262;;;PA;NC;;71153/USZ/PT 601541;28/07/2023 00:00;;;;
PS716000001880;22;FO716000001888;FO716000002032;CS716000000262;;;PA;NC;;71153/USZ/PT 601541;28/07/2023 00:00;;;;
PS716000001881;23;FO716000001889;FO716000002033;CS716000000262;;;PA;NC;;71153/USZ/PT 601541;28/07/2023 00:00;;;;
PS716000001882;24;FO716000001890;FO716000002034;CS716000000262;;;PA;NC;;71153/USZ/PT 601541;28/07/2023 00:00;;;;
PS716000001883;25;FO716000001891;FO716000002035;CS716000000262;;;PA;NC;;71153/USZ/PT 601541;28/07/2023 00:00;;;;
PS716000001884;26;FO716000001892;FO716000002036;CS716000000262;;;PA;NC;;71153/USZ/PT 601541;28/07/2023 00:00;;;;
PS716000001885;27;FO716000001893;FO716000002037;CS716000000262;;;PA;NC;;71153/USZ/PT 601541;28/07/2023 00:00;;;;
PS716000001886;28;FO716000001894;FO716000002038;CS716000000262;;;PA;NC;;71153/USZ/PT 601541;28/07/2023 00:00;;;;
PS716000001887;29;FO716000001895;FO716000002039;CS716000000262;;;PA;NC;;71153/USZ/PT 601541;28/07/2023 00:00;;;;
PS716000001888;30;FO716000001896;FO716000002040;CS716000000262;;;PA;NC;;71153/USZ/PT 601541;28/07/2023 00:00;;;;
PS716000001889;31;FO716000001897;FO716000002455;CS716000000262;;;PA;NC;;71153/USZ/PT 601541;28/07/2023 00:00;;;;
PS716000001890;32;FO716000001898;FO716000002456;CS716000000262;;;PA;NC;;71153/USZ/PT 601541;28/07/2023 00:00;;;;
PS716000001891;33;FO716000001899;FO716000002457;CS716000000262;;;PA;NC;;71153/USZ/PT 601541;28/07/2023 00:00;;;;
PS716000001892;34;FO716000001900;FO716000002458;CS716000000262;;;PA;NC;;71153/USZ/PT 601541;28/07/2023 00:00;;;;
PS716000001893;35;FO716000001901;FO716000002459;CS716000000262;;;PA;NC;;71153/USZ/PT 601541;28/07/2023 00:00;;;;
PS716000001894;36;FO716000001902;FO716000002460;CS716000000262;;;PA;NC;;71153/USZ/PT 601541;28/07/2023 00:00;;;;
PS716000001895;37;FO716000001903;FO716000002461;CS716000000262;;;PA;NC;;71153/USZ/PT 601541;28/07/2023 00:00;;;;
PS716000001896;38;FO716000001904;FO716000002462;CS716000000262;;;PA;NC;;71153/USZ/PT 601541;28/07/2023 00:00;;;;
PS716000001897;39;FO716000001905;FO716000002463;CS716000000262;;;PA;NC;;71153/USZ/PT 601541;28/07/2023 00:00;;;;
PS716000001898;40;FO716000001906;FO716000002464;CS716000000262;;;PA;NC;;71153/USZ/PT 601541;28/07/2023 00:00;;;;
PS716000001899;41;FO716000001907;FO716000002465;CS716000000262;;;PA;NC;;71153/USZ/PT 601541;28/07/2023 00:00;;;;
PS716000001900;42;FO716000001908;FO716000002466;CS716000000262;;;PA;NC;;71153/USZ/PT 601541;28/07/2023 00:00;;;;
PS716000001901;43;FO716000001909;FO716000002467;CS716000000262;;;PA;NC;;71153/USZ/PT 601541;28/07/2023 00:00;;;;
PS716000001902;44;FO716000001910;FO716000002468;CS716000000262;;;PA;NC;;71153/USZ/PT 601541;28/07/2023 00:00;;;;
PS716000001903;45;FO716000001911;FO716000002469;CS716000000262;;;PA;NC;;71153/USZ/PT 601541;28/07/2023 00:00;;;;
PS716000001904;46;FO716000001912;FO716000002470;CS716000000262;;;PA;NC;;71153/USZ/PT 601541;28/07/2023 00:00;;;;
PS716000001905;47;FO716000001913;FO716000002471;CS716000000262;;;PA;NC;;71153/USZ/PT 601541;28/07/2023 00:00;;;;
PS716000001906;48;FO716000001914;FO716000002472;CS716000000262;;;PA;NC;;71153/USZ/PT 601541;28/07/2023 00:00;;;;
PS716000001907;49;FO716000001915;FO716000002527;CS716000000262;;;PA;NC;;71153/USZ/PT 601541;28/07/2023 00:00;;;;
PS716000001908;50;FO716000001916;FO716000002528;CS716000000262;;;PA;NC;;71153/USZ/PT 601541;28/07/2023 00:00;;;;
PS716000001909;51;FO716000001917;FO716000002529;CS716000000262;;;PA;NC;;71153/USZ/PT 601541;28/07/2023 00:00;;;;
PS716000001910;52;FO716000001918;FO716000002530;CS716000000262;;;PA;NC;;71153/USZ/PT 601541;28/07/2023 00:00;;;;
PS716000001911;53;FO716000001919;FO716000002531;CS716000000262;;;PA;NC;;71153/USZ/PT 601541;28/07/2023 00:00;;;;
PS716000001912;54;FO716000001920;FO716000002532;CS716000000262;;;PA;NC;;71153/USZ/PT 601541;28/07/2023 00:00;;;;
PS716000001913;55;FO716000001921;FO716000002533;CS716000000262;;;PA;NC;;71153/USZ/PT 601541;28/07/2023 00:00;;;;
PS716000001914;56;FO716000001922;FO716000002534;CS716000000262;;;PA;NC;;71153/USZ/PT 601541;28/07/2023 00:00;;;;
PS716000001915;57;FO716000001923;FO716000002535;CS716000000262;;;PA;NC;;71153/USZ/PT 601541;28/07/2023 00:00;;;;
PS716000001916;58;FO716000001924;FO716000002536;CS716000000262;;;PA;NC;;71153/USZ/PT 601541;28/07/2023 00:00;;;;
PS716000001917;59;FO716000001925;FO716000002537;CS716000000262;;;PA;NC;;71153/USZ/PT 601541;28/07/2023 00:00;;;;
PS716000001918;60;FO716000001926;FO716000002538;CS716000000262;;;PA;NC;;71153/USZ/PT 601541;28/07/2023 00:00;;;;
PS716000001919;61;FO716000001927;FO716000002539;CS716000000262;;;PA;NC;;71153/USZ/PT 601541;28/07/2023 00:00;;;;
PS716000001920;62;FO716000001928;FO716000002540;CS716000000262;;;PA;NC;;71153/USZ/PT 601541;28/07/2023 00:00;;;;
PS716000001921;63;FO716000001929;FO716000002541;CS716000000262;;;PA;NC;;71153/USZ/PT 601541;28/07/2023 00:00;;;;
PS716000001922;64;FO716000001930;FO716000002542;CS716000000262;;;PA;NC;;71153/USZ/PT 601541;28/07/2023 00:00;;;;
PS716000001923;65;FO716000001931;FO716000002543;CS716000000262;;;PA;NC;;71153/USZ/PT 601541;28/07/2023 00:00;;;;
PS716000001924;66;FO716000001932;FO716000002544;CS716000000262;;;PA;NC;;71153/USZ/PT 601541;28/07/2023 00:00;;;;
PS716000001925;67;FO716000001825;FO716000001969;CS716000000262;;;PA;NC;;71153/USZ/PT 601541;28/07/2023 00:00;;;;
PS716000001926;68;FO716000001826;FO716000001970;CS716000000262;;;PA;NC;;71153/USZ/PT 601541;28/07/2023 00:00;;;;
PS716000001927;69;FO716000001827;FO716000001971;CS716000000262;;;PA;NC;;71153/USZ/PT 601541;28/07/2023 00:00;;;;
PS716000001928;70;FO716000001828;FO716000001972;CS716000000262;;;PA;NC;;71153/USZ/PT 601541;28/07/2023 00:00;;;;
PS716000001929;71;FO716000001829;FO716000001973;CS716000000262;;;PA;NC;;71153/USZ/PT 601541;28/07/2023 00:00;;;;
PS716000001930;72;FO716000001830;FO716000001974;CS716000000262;;;PA;NC;;71153/USZ/PT 601541;28/07/2023 00:00;;;;
PS716000001931;73;FO716000001933;FO716000002545;CS716000000262;;;PA;NC;;71153/USZ/PT 601541;28/07/2023 00:00;;;;
PS716000001932;74;FO716000001934;FO716000002546;CS716000000262;;;PA;NC;;71153/USZ/PT 601541;28/07/2023 00:00;;;;
PS716000001933;75;FO716000001935;FO716000002547;CS716000000262;;;PA;NC;;71153/USZ/PT 601541;28/07/2023 00:00;;;;
PS716000001934;76;FO716000001936;FO716000002548;CS716000000262;;;PA;NC;;71153/USZ/PT 601541;28/07/2023 00:00;;;;
PS716000001935;77;FO716000001937;FO716000002549;CS716000000262;;;PA;NC;;71153/USZ/PT 601541;28/07/2023 00:00;;;;
PS716000001936;78;FO716000001938;FO716000002550;CS716000000262;;;PA;NC;;71153/USZ/PT 601541;28/07/2023 00:00;;;;
PS716000001937;1;FO716000001831;FO716000001975;CS716000000255;;;EP;NC;;71153/USZ/PT 601541;28/07/2023 00:00;;;;
PS716000001938;2;FO716000001832;FO716000001976;CS716000000255;;;EP;NC;;71153/USZ/PT 601541;28/07/2023 00:00;;;;
PS716000001939;3;FO716000001833;FO716000001977;CS716000000255;;;EP;NC;;71153/USZ/PT 601541;28/07/2023 00:00;;;;
PS716000001940;4;FO716000001834;FO716000001978;CS716000000255;;;EP;NC;;71153/USZ/PT 601541;28/07/2023 00:00;;;;
PS716000001941;5;FO716000001835;FO716000001979;CS716000000255;;;EP;NC;;71153/USZ/PT 601541;28/07/2023 00:00;;;;
PS716000001942;6;FO716000001836;FO716000001980;CS716000000255;;;EP;NC;;71153/USZ/PT 601541;28/07/2023 00:00;;;;
PS716000001943;1;FO716000001837;FO716000001981;CS716000000256;;;EP;NC;;71153/USZ/PT 601541;28/07/2023 00:00;;;;
PS716000001944;2;FO716000001838;FO716000001982;CS716000000256;;;EP;NC;;71153/USZ/PT 601541;28/07/2023 00:00;;;;
PS716000001945;3;FO716000001839;FO716000001983;CS716000000256;;;EP;NC;;71153/USZ/PT 601541;28/07/2023 00:00;;;;
PS716000001946;4;FO716000001840;FO716000001984;CS716000000256;;;EP;NC;;71153/USZ/PT 601541;28/07/2023 00:00;;;;
PS716000001947;5;FO716000001841;FO716000001985;CS716000000256;;;EP;NC;;71153/USZ/PT 601541;28/07/2023 00:00;;;;
PS716000001948;6;FO716000001842;FO716000001986;CS716000000256;;;EP;NC;;71153/USZ/PT 601541;28/07/2023 00:00;;;;
PS716000001949;1;FO716000001843;FO716000001987;CS716000000257;;;EP;NC;;71153/USZ/PT 601541;28/07/2023 00:00;;;;
PS716000001950;2;FO716000001844;FO716000001988;CS716000000257;;;EP;NC;;71153/USZ/PT 601541;28/07/2023 00:00;;;;
PS716000001951;3;FO716000001845;FO716000001989;CS716000000257;;;EP;NC;;71153/USZ/PT 601541;28/07/2023 00:00;;;;
PS716000001952;4;FO716000001846;FO716000001990;CS716000000257;;;EP;NC;;71153/USZ/PT 601541;28/07/2023 00:00;;;;
PS716000001953;5;FO716000001847;FO716000001991;CS716000000257;;;EP;NC;;71153/USZ/PT 601541;28/07/2023 00:00;;;;
PS716000001954;6;FO716000001848;FO716000001992;CS716000000257;;;EP;NC;;71153/USZ/PT 601541;28/07/2023 00:00;;;;
PS716000001955;1;FO716000001849;FO716000001993;CS716000000258;;;EP;NC;;71153/USZ/PT 601541;28/07/2023 00:00;;;;
PS716000001956;2;FO716000001850;FO716000001994;CS716000000258;;;EP;NC;;71153/USZ/PT 601541;28/07/2023 00:00;;;;
PS716000001957;3;FO716000001851;FO716000001995;CS716000000258;;;EP;NC;;71153/USZ/PT 601541;28/07/2023 00:00;;;;
PS716000001958;4;FO716000001852;FO716000001996;CS716000000258;;;EP;NC;;71153/USZ/PT 601541;28/07/2023 00:00;;;;
PS716000001959;5;FO716000001853;FO716000001997;CS716000000258;;;EP;NC;;71153/USZ/PT 601541;28/07/2023 00:00;;;;
PS716000001960;6;FO716000001854;FO716000001998;CS716000000258;;;EP;NC;;71153/USZ/PT 601541;28/07/2023 00:00;;;;
PS716000001961;1;FO716000001855;FO716000001999;CS716000000259;;;EP;NC;;71153/USZ/PT 601541;28/07/2023 00:00;;;;
PS716000001962;2;FO716000001856;FO716000002000;CS716000000259;;;EP;NC;;71153/USZ/PT 601541;28/07/2023 00:00;;;;
PS716000001963;3;FO716000001857;FO716000002001;CS716000000259;;;EP;NC;;71153/USZ/PT 601541;28/07/2023 00:00;;;;
PS716000001964;4;FO716000001858;FO716000002002;CS716000000259;;;EP;NC;;71153/USZ/PT 601541;28/07/2023 00:00;;;;
PS716000001965;5;FO716000001859;FO716000002003;CS716000000259;;;EP;NC;;71153/USZ/PT 601541;28/07/2023 00:00;;;;
PS716000001966;6;FO716000001860;FO716000002004;CS716000000259;;;EP;NC;;71153/USZ/PT 601541;28/07/2023 00:00;;;;
PS716000001967;1;FO716000001861;FO716000002005;CS716000000260;;;EP;NC;;71153/USZ/PT 601541;28/07/2023 00:00;;;;
PS716000001968;2;FO716000001862;FO716000002006;CS716000000260;;;EP;NC;;71153/USZ/PT 601541;28/07/2023 00:00;;;;
PS716000001969;3;FO716000001863;FO716000002007;CS716000000260;;;EP;NC;;71153/USZ/PT 601541;28/07/2023 00:00;;;;
PS716000001970;4;FO716000001864;FO716000002008;CS716000000260;;;EP;NC;;71153/USZ/PT 601541;28/07/2023 00:00;;;;
PS716000001971;5;FO716000001865;FO716000002009;CS716000000260;;;EP;NC;;71153/USZ/PT 601541;28/07/2023 00:00;;;;
PS716000001972;6;FO716000001866;FO716000002010;CS716000000260;;;EP;NC;;71153/USZ/PT 601541;28/07/2023 00:00;;;;
PS716000001973;1;FO716000001867;FO716000002011;CS716000000261;;;EP;NC;;71153/USZ/PT 601541;28/07/2023 00:00;;;;
PS716000001974;2;FO716000001868;FO716000002012;CS716000000261;;;EP;NC;;71153/USZ/PT 601541;28/07/2023 00:00;;;;
PS716000001975;3;FO716000001869;FO716000002013;CS716000000261;;;EP;NC;;71153/USZ/PT 601541;28/07/2023 00:00;;;;
PS716000001976;4;FO716000001870;FO716000002014;CS716000000261;;;EP;NC;;71153/USZ/PT 601541;28/07/2023 00:00;;;;
PS716000001977;5;FO716000001871;FO716000002015;CS716000000261;;;EP;NC;;71153/USZ/PT 601541;28/07/2023 00:00;;;;
PS716000001978;6;FO716000001872;FO716000002016;CS716000000261;;;EP;NC;;71153/USZ/PT 601541;28/07/2023 00:00;;;;
PS716000001979;1;FO716000001963;FO716000002107;CS716000000275;;;EP;NC;;71153/USZ/PT 601542;28/07/2023 00:00;;;;
PS716000001980;2;FO716000001964;FO716000002108;CS716000000275;;;EP;NC;;71153/USZ/PT 601542;28/07/2023 00:00;;;;
PS716000001981;3;FO716000001965;FO716000002109;CS716000000275;;;EP;NC;;71153/USZ/PT 601542;28/07/2023 00:00;;;;
PS716000001982;4;FO716000001966;FO716000002110;CS716000000275;;;EP;NC;;71153/USZ/PT 601542;28/07/2023 00:00;;;;
PS716000001983;5;FO716000001967;FO716000002111;CS716000000275;;;EP;NC;;71153/USZ/PT 601542;28/07/2023 00:00;;;;
PS716000001984;6;FO716000001968;FO716000002112;CS716000000275;;;EP;NC;;71153/USZ/PT 601542;28/07/2023 00:00;;;;
PS716000001985;1;FO716000002017;FO716000002419;CS716000000276;;;EP;NC;;71153/USZ/PT 601542;28/07/2023 00:00;;;;
PS716000001986;2;FO716000002018;FO716000002420;CS716000000276;;;EP;NC;;71153/USZ/PT 601542;28/07/2023 00:00;;;;
PS716000001987;3;FO716000002019;FO716000002421;CS716000000276;;;EP;NC;;71153/USZ/PT 601542;28/07/2023 00:00;;;;
PS716000001988;4;FO716000002020;FO716000002422;CS716000000276;;;EP;NC;;71153/USZ/PT 601542;28/07/2023 00:00;;;;
PS716000001989;5;FO716000002021;FO716000002423;CS716000000276;;;EP;NC;;71153/USZ/PT 601542;28/07/2023 00:00;;;;
PS716000001990;6;FO716000002022;FO716000002424;CS716000000276;;;EP;NC;;71153/USZ/PT 601542;28/07/2023 00:00;;;;
PS716000001991;1;FO716000002023;FO716000002425;CS716000000277;;;EP;NC;;71153/USZ/PT 601542;28/07/2023 00:00;;;;
PS716000001992;2;FO716000002024;FO716000002426;CS716000000277;;;EP;NC;;71153/USZ/PT 601542;28/07/2023 00:00;;;;
PS716000001993;3;FO716000002025;FO716000002427;CS716000000277;;;EP;NC;;71153/USZ/PT 601542;28/07/2023 00:00;;;;
PS716000001994;4;FO716000002026;FO716000002428;CS716000000277;;;EP;NC;;71153/USZ/PT 601542;28/07/2023 00:00;;;;
PS716000001995;5;FO716000002027;FO716000002429;CS716000000277;;;EP;NC;;71153/USZ/PT 601542;28/07/2023 00:00;;;;
PS716000001996;6;FO716000002028;FO716000002430;CS716000000277;;;EP;NC;;71153/USZ/PT 601542;28/07/2023 00:00;;;;
PS716000001997;1;FO716000002029;FO716000002443;CS716000000278;;;EP;NC;;71153/USZ/PT 601542;28/07/2023 00:00;;;;
PS716000001998;2;FO716000002030;FO716000002444;CS716000000278;;;EP;NC;;71153/USZ/PT 601542;28/07/2023 00:00;;;;
PS716000001999;3;FO716000002031;FO716000002445;CS716000000278;;;EP;NC;;71153/USZ/PT 601542;28/07/2023 00:00;;;;
PS716000002000;4;FO716000002032;FO716000002446;CS716000000278;;;EP;NC;;71153/USZ/PT 601542;28/07/2023 00:00;;;;
PS716000002001;5;FO716000002033;FO716000002447;CS716000000278;;;EP;NC;;71153/USZ/PT 601542;28/07/2023 00:00;;;;
PS716000002002;6;FO716000002034;FO716000002448;CS716000000278;;;EP;NC;;71153/USZ/PT 601542;28/07/2023 00:00;;;;
PS716000002003;1;FO716000002035;FO716000002449;CS716000000279;;;EP;NC;;71153/USZ/PT 601542;28/07/2023 00:00;;;;
PS716000002004;2;FO716000002036;FO716000002450;CS716000000279;;;EP;NC;;71153/USZ/PT 601542;28/07/2023 00:00;;;;
PS716000002005;3;FO716000002037;FO716000002451;CS716000000279;;;EP;NC;;71153/USZ/PT 601542;28/07/2023 00:00;;;;
PS716000002006;4;FO716000002038;FO716000002452;CS716000000279;;;EP;NC;;71153/USZ/PT 601542;28/07/2023 00:00;;;;
PS716000002007;5;FO716000002039;FO716000002453;CS716000000279;;;EP;NC;;71153/USZ/PT 601542;28/07/2023 00:00;;;;
PS716000002008;6;FO716000002040;FO716000002454;CS716000000279;;;EP;NC;;71153/USZ/PT 601542;28/07/2023 00:00;;;;
PS716000002009;1;FO716000001969;FO716000002113;CS716000000280;;;EP;NC;;71153/USZ/PT 601542;28/07/2023 00:00;;;;
PS716000002010;2;FO716000001970;FO716000002114;CS716000000280;;;EP;NC;;71153/USZ/PT 601542;28/07/2023 00:00;;;;
PS716000002011;3;FO716000001971;FO716000002115;CS716000000280;;;EP;NC;;71153/USZ/PT 601542;28/07/2023 00:00;;;;
PS716000002012;4;FO716000001972;FO716000002116;CS716000000280;;;EP;NC;;71153/USZ/PT 601542;28/07/2023 00:00;;;;
PS716000002013;5;FO716000001973;FO716000002117;CS716000000280;;;EP;NC;;71153/USZ/PT 601542;28/07/2023 00:00;;;;
PS716000002014;6;FO716000001974;FO716000002118;CS716000000280;;;EP;NC;;71153/USZ/PT 601542;28/07/2023 00:00;;;;
PS716000002015;1;FO716000001975;FO716000002119;CS716000000281;;;EP;NC;;71153/USZ/PT 601542;28/07/2023 00:00;;;;
PS716000002016;2;FO716000001976;FO716000002120;CS716000000281;;;EP;NC;;71153/USZ/PT 601542;28/07/2023 00:00;;;;
PS716000002017;3;FO716000001977;FO716000002121;CS716000000281;;;EP;NC;;71153/USZ/PT 601542;28/07/2023 00:00;;;;
PS716000002018;4;FO716000001978;FO716000002122;CS716000000281;;;EP;NC;;71153/USZ/PT 601542;28/07/2023 00:00;;;;
PS716000002019;5;FO716000001979;FO716000002123;CS716000000281;;;EP;NC;;71153/USZ/PT 601542;28/07/2023 00:00;;;;
PS716000002020;6;FO716000001980;FO716000002124;CS716000000281;;;EP;NC;;71153/USZ/PT 601542;28/07/2023 00:00;;;;
PS716000002021;1;FO716000001981;FO716000002125;CS716000000282;;;EP;NC;;71153/USZ/PT 601542;28/07/2023 00:00;;;;
PS716000002022;2;FO716000001982;FO716000002126;CS716000000282;;;EP;NC;;71153/USZ/PT 601542;28/07/2023 00:00;;;;
PS716000002023;3;FO716000001983;FO716000002127;CS716000000282;;;EP;NC;;71153/USZ/PT 601542;28/07/2023 00:00;;;;
PS716000002024;4;FO716000001984;FO716000002128;CS716000000282;;;EP;NC;;71153/USZ/PT 601542;28/07/2023 00:00;;;;
PS716000002025;5;FO716000001985;FO716000002129;CS716000000282;;;EP;NC;;71153/USZ/PT 601542;28/07/2023 00:00;;;;
PS716000002026;6;FO716000001986;FO716000002130;CS716000000282;;;EP;NC;;71153/USZ/PT 601542;28/07/2023 00:00;;;;
PS716000002027;1;FO716000001987;FO716000002131;CS716000000283;;;EP;NC;;71153/USZ/PT 601542;28/07/2023 00:00;;;;
PS716000002028;2;FO716000001988;FO716000002132;CS716000000283;;;EP;NC;;71153/USZ/PT 601542;28/07/2023 00:00;;;;
PS716000002029;3;FO716000001989;FO716000002133;CS716000000283;;;EP;NC;;71153/USZ/PT 601542;28/07/2023 00:00;;;;
PS716000002030;4;FO716000001990;FO716000002134;CS716000000283;;;EP;NC;;71153/USZ/PT 601542;28/07/2023 00:00;;;;
PS716000002031;5;FO716000001991;FO716000002135;CS716000000283;;;EP;NC;;71153/USZ/PT 601542;28/07/2023 00:00;;;;
PS716000002032;6;FO716000001992;FO716000002136;CS716000000283;;;EP;NC;;71153/USZ/PT 601542;28/07/2023 00:00;;;;
PS716000002033;1;FO716000001993;FO716000002137;CS716000000284;;;EP;NC;;71153/USZ/PT 601542;28/07/2023 00:00;;;;
PS716000002034;2;FO716000001994;FO716000002138;CS716000000284;;;EP;NC;;71153/USZ/PT 601542;28/07/2023 00:00;;;;
PS716000002035;3;FO716000001995;FO716000002139;CS716000000284;;;EP;NC;;71153/USZ/PT 601542;28/07/2023 00:00;;;;
PS716000002036;4;FO716000001996;FO716000002140;CS716000000284;;;EP;NC;;71153/USZ/PT 601542;28/07/2023 00:00;;;;
PS716000002037;5;FO716000001997;FO716000002141;CS716000000284;;;EP;NC;;71153/USZ/PT 601542;28/07/2023 00:00;;;;
PS716000002038;6;FO716000001998;FO716000002142;CS716000000284;;;EP;NC;;71153/USZ/PT 601542;28/07/2023 00:00;;;;
PS716000002039;1;FO716000001999;FO716000002323;CS716000000285;;;EP;NC;;71153/USZ/PT 601542;28/07/2023 00:00;;;;
PS716000002040;2;FO716000002000;FO716000002324;CS716000000285;;;EP;NC;;71153/USZ/PT 601542;28/07/2023 00:00;;;;
PS716000002041;3;FO716000002001;FO716000002325;CS716000000285;;;EP;NC;;71153/USZ/PT 601542;28/07/2023 00:00;;;;
PS716000002042;4;FO716000002002;FO716000002326;CS716000000285;;;EP;NC;;71153/USZ/PT 601542;28/07/2023 00:00;;;;
PS716000002043;5;FO716000002003;FO716000002327;CS716000000285;;;EP;NC;;71153/USZ/PT 601542;28/07/2023 00:00;;;;
PS716000002044;6;FO716000002004;FO716000002328;CS716000000285;;;EP;NC;;71153/USZ/PT 601542;28/07/2023 00:00;;;;
PS716000002045;1;FO716000002005;FO716000002329;CS716000000286;;;EP;NC;;71153/USZ/PT 601542;28/07/2023 00:00;;;;
PS716000002046;2;FO716000002006;FO716000002330;CS716000000286;;;EP;NC;;71153/USZ/PT 601542;28/07/2023 00:00;;;;
PS716000002047;3;FO716000002007;FO716000002331;CS716000000286;;;EP;NC;;71153/USZ/PT 601542;28/07/2023 00:00;;;;
PS716000002048;4;FO716000002008;FO716000002332;CS716000000286;;;EP;NC;;71153/USZ/PT 601542;28/07/2023 00:00;;;;
PS716000002049;5;FO716000002009;FO716000002333;CS716000000286;;;EP;NC;;71153/USZ/PT 601542;28/07/2023 00:00;;;;
PS716000002050;6;FO716000002010;FO716000002334;CS716000000286;;;EP;NC;;71153/USZ/PT 601542;28/07/2023 00:00;;;;
PS716000002051;1;FO716000002011;FO716000002335;CS716000000287;;;EP;NC;;71153/USZ/PT 601542;28/07/2023 00:00;;;;
PS716000002052;2;FO716000002012;FO716000002336;CS716000000287;;;EP;NC;;71153/USZ/PT 601542;28/07/2023 00:00;;;;
PS716000002053;3;FO716000002013;FO716000002337;CS716000000287;;;EP;NC;;71153/USZ/PT 601542;28/07/2023 00:00;;;;
PS716000002054;4;FO716000002014;FO716000002338;CS716000000287;;;EP;NC;;71153/USZ/PT 601542;28/07/2023 00:00;;;;
PS716000002055;5;FO716000002015;FO716000002339;CS716000000287;;;EP;NC;;71153/USZ/PT 601542;28/07/2023 00:00;;;;
PS716000002056;6;FO716000002016;FO716000002340;CS716000000287;;;EP;NC;;71153/USZ/PT 601542;28/07/2023 00:00;;;;
PS716000002057;1;FO716000002107;;CS716000000288;;;AT;NC;;71153/USZ/PT 601543;28/07/2023 00:00;;;;
PS716000002058;2;FO716000002108;;CS716000000288;;;AT;NC;;71153/USZ/PT 601543;28/07/2023 00:00;;;;
PS716000002059;3;FO716000002109;;CS716000000288;;;AT;NC;;71153/USZ/PT 601543;28/07/2023 00:00;;;;
PS716000002060;4;FO716000002110;;CS716000000288;;;AT;NC;;RESERVEE;28/07/2023 00:00;;;;
PS716000002061;5;FO716000002111;;CS716000000288;;;AT;NC;;RESERVEE;28/07/2023 00:00;;;;
PS716000002062;6;FO716000002112;;CS716000000288;;;AT;NC;;RESERVEE;28/07/2023 00:00;;;;
PS716000002063;1;FO716000002113;FO716000002149;CS716000000289;;;PA;NC;;71153/USZ/PT 601543;28/07/2023 00:00;;;;
PS716000002064;2;FO716000002114;FO716000002150;CS716000000289;;;PA;NC;;71153/USZ/PT 601543;28/07/2023 00:00;;;;
PS716000002065;3;FO716000002115;FO716000002151;CS716000000289;;;PA;NC;;71153/USZ/PT 601543;28/07/2023 00:00;;;;
PS716000002066;4;FO716000002116;FO716000002152;CS716000000289;;;PA;NC;;71153/USZ/PT 601543;28/07/2023 00:00;;;;
PS716000002067;5;FO716000002117;FO716000002153;CS716000000289;;;PA;NC;;71153/USZ/PT 601543;28/07/2023 00:00;;;;
PS716000002068;6;FO716000002118;FO716000002154;CS716000000289;;;PA;NC;;71153/USZ/PT 601543;28/07/2023 00:00;;;;
PS716000002069;7;FO716000002119;FO716000002155;CS716000000289;;;PA;NC;;71153/USZ/PT 601543;28/07/2023 00:00;;;;
PS716000002070;8;FO716000002120;FO716000002156;CS716000000289;;;PA;NC;;71153/USZ/PT 601543;28/07/2023 00:00;;;;
PS716000002071;9;FO716000002121;FO716000002157;CS716000000289;;;PA;NC;;71153/USZ/PT 601543;28/07/2023 00:00;;;;
PS716000002072;10;FO716000002122;FO716000002158;CS716000000289;;;PA;NC;;71153/USZ/PT 601543;28/07/2023 00:00;;;;
PS716000002073;11;FO716000002123;FO716000002159;CS716000000289;;;PA;NC;;71153/USZ/PT 601543;28/07/2023 00:00;;;;
PS716000002074;12;FO716000002124;FO716000002160;CS716000000289;;;PA;NC;;71153/USZ/PT 601543;28/07/2023 00:00;;;;
PS716000002075;13;FO716000002125;FO716000002161;CS716000000289;;;PA;NC;;71153/USZ/PT 601543;28/07/2023 00:00;;;;
PS716000002076;14;FO716000002126;FO716000002162;CS716000000289;;;PA;NC;;71153/USZ/PT 601543;28/07/2023 00:00;;;;
PS716000002077;15;FO716000002127;FO716000002163;CS716000000289;;;PA;NC;;71153/USZ/PT 601543;28/07/2023 00:00;;;;
PS716000002078;16;FO716000002128;FO716000002164;CS716000000289;;;PA;NC;;71153/USZ/PT 601543;28/07/2023 00:00;;;;
PS716000002079;17;FO716000002129;FO716000002165;CS716000000289;;;PA;NC;;71153/USZ/PT 601543;28/07/2023 00:00;;;;
PS716000002080;18;FO716000002130;FO716000002166;CS716000000289;;;PA;NC;;71153/USZ/PT 601543;28/07/2023 00:00;;;;
PS716000002081;19;FO716000002131;FO716000002167;CS716000000289;;;PA;NC;;71153/USZ/PT 601543;28/07/2023 00:00;;;;
PS716000002082;20;FO716000002132;FO716000002168;CS716000000289;;;PA;NC;;71153/USZ/PT 601543;28/07/2023 00:00;;;;
PS716000002083;21;FO716000002133;FO716000002169;CS716000000289;;;PA;NC;;71153/USZ/PT 601543;28/07/2023 00:00;;;;
PS716000002084;22;FO716000002134;FO716000002170;CS716000000289;;;PA;NC;;71153/USZ/PT 601543;28/07/2023 00:00;;;;
PS716000002085;23;FO716000002135;FO716000002171;CS716000000289;;;PA;NC;;71153/USZ/PT 601543;28/07/2023 00:00;;;;
PS716000002086;24;FO716000002136;FO716000002172;CS716000000289;;;PA;NC;;71153/USZ/PT 601543;28/07/2023 00:00;;;;
PS716000002087;25;FO716000002137;FO716000002173;CS716000000289;;;PA;NC;;71153/USZ/PT 601543;28/07/2023 00:00;;;;
PS716000002088;26;FO716000002138;FO716000002174;CS716000000289;;;PA;NC;;71153/USZ/PT 601543;28/07/2023 00:00;;;;
PS716000002089;27;FO716000002139;FO716000002175;CS716000000289;;;PA;NC;;71153/USZ/PT 601543;28/07/2023 00:00;;;;
PS716000002090;28;FO716000002140;FO716000002176;CS716000000289;;;PA;NC;;71153/USZ/PT 601543;28/07/2023 00:00;;;;
PS716000002091;29;FO716000002141;FO716000002177;CS716000000289;;;PA;NC;;71153/USZ/PT 601543;28/07/2023 00:00;;;;
PS716000002092;30;FO716000002142;FO716000002178;CS716000000289;;;PA;NC;;71153/USZ/PT 601543;28/07/2023 00:00;;;;
PS716000002093;1;FO716000002149;;CS716000000294;;;AT;NC;;71153/USZ/PT 601544;28/07/2023 00:00;;;;
PS716000002094;2;FO716000002150;;CS716000000294;;;AT;NC;;71153/USZ/PT 601544;28/07/2023 00:00;;;;
PS716000002095;3;FO716000002151;;CS716000000294;;;AT;NC;;71153/USZ/PT 601544;28/07/2023 00:00;;;;
PS716000002096;4;FO716000002152;;CS716000000294;;;AT;NC;;RESERVEE;28/07/2023 00:00;;;;
PS716000002097;5;FO716000002153;;CS716000000294;;;AT;NC;;RESERVEE;28/07/2023 00:00;;;;
PS716000002098;6;FO716000002154;;CS716000000294;;;AT;NC;;RESERVEE;28/07/2023 00:00;;;;
PS716000002099;1;FO716000002155;FO716000002191;CS716000000295;;;PA;NC;;71153/USZ/PT 601544;28/07/2023 00:00;;;;
PS716000002100;2;FO716000002156;FO716000002192;CS716000000295;;;PA;NC;;71153/USZ/PT 601544;28/07/2023 00:00;;;;
PS716000002101;3;FO716000002157;FO716000002193;CS716000000295;;;PA;NC;;71153/USZ/PT 601544;28/07/2023 00:00;;;;
PS716000002102;4;FO716000002158;FO716000002194;CS716000000295;;;PA;NC;;71153/USZ/PT 601544;28/07/2023 00:00;;;;
PS716000002103;5;FO716000002159;FO716000002195;CS716000000295;;;PA;NC;;71153/USZ/PT 601544;28/07/2023 00:00;;;;
PS716000002104;6;FO716000002160;FO716000002196;CS716000000295;;;PA;NC;;71153/USZ/PT 601544;28/07/2023 00:00;;;;
PS716000002105;7;FO716000002161;FO716000002197;CS716000000295;;;PA;NC;;71153/USZ/PT 601544;28/07/2023 00:00;;;;
PS716000002106;8;FO716000002162;FO716000002198;CS716000000295;;;PA;NC;;71153/USZ/PT 601544;28/07/2023 00:00;;;;
PS716000002107;9;FO716000002163;FO716000002199;CS716000000295;;;PA;NC;;71153/USZ/PT 601544;28/07/2023 00:00;;;;
PS716000002108;10;FO716000002164;FO716000002200;CS716000000295;;;PA;NC;;71153/USZ/PT 601544;28/07/2023 00:00;;;;
PS716000002109;11;FO716000002165;FO716000002201;CS716000000295;;;PA;NC;;71153/USZ/PT 601544;28/07/2023 00:00;;;;
PS716000002110;12;FO716000002166;FO716000002202;CS716000000295;;;PA;NC;;71153/USZ/PT 601544;28/07/2023 00:00;;;;
PS716000002111;13;FO716000002167;FO716000002203;CS716000000295;;;PA;NC;;71153/USZ/PT 601544;28/07/2023 00:00;;;;
PS716000002112;14;FO716000002168;FO716000002204;CS716000000295;;;PA;NC;;71153/USZ/PT 601544;28/07/2023 00:00;;;;
PS716000002113;15;FO716000002169;FO716000002205;CS716000000295;;;PA;NC;;71153/USZ/PT 601544;28/07/2023 00:00;;;;
PS716000002114;16;FO716000002170;FO716000002206;CS716000000295;;;PA;NC;;71153/USZ/PT 601544;28/07/2023 00:00;;;;
PS716000002115;17;FO716000002171;FO716000002207;CS716000000295;;;PA;NC;;71153/USZ/PT 601544;28/07/2023 00:00;;;;
PS716000002116;18;FO716000002172;FO716000002208;CS716000000295;;;PA;NC;;71153/USZ/PT 601544;28/07/2023 00:00;;;;
PS716000002117;19;FO716000002173;FO716000002209;CS716000000295;;;PA;NC;;71153/USZ/PT 601544;28/07/2023 00:00;;;;
PS716000002118;20;FO716000002174;FO716000002210;CS716000000295;;;PA;NC;;71153/USZ/PT 601544;28/07/2023 00:00;;;;
PS716000002119;21;FO716000002175;FO716000002211;CS716000000295;;;PA;NC;;71153/USZ/PT 601544;28/07/2023 00:00;;;;
PS716000002120;22;FO716000002176;FO716000002212;CS716000000295;;;PA;NC;;71153/USZ/PT 601544;28/07/2023 00:00;;;;
PS716000002121;23;FO716000002177;FO716000002213;CS716000000295;;;PA;NC;;71153/USZ/PT 601544;28/07/2023 00:00;;;;
PS716000002122;24;FO716000002178;FO716000002214;CS716000000295;;;PA;NC;;71153/USZ/PT 601544;28/07/2023 00:00;;;;
PS716000002123;1;FO716000002191;;CS716000000299;;;AT;NC;;71153/USZ/PT 601545;28/07/2023 00:00;;;;
PS716000002124;2;FO716000002192;;CS716000000299;;;AT;NC;;71153/USZ/PT 601545;28/07/2023 00:00;;;;
PS716000002125;3;FO716000002193;;CS716000000299;;;AT;NC;;71153/USZ/PT 601545;28/07/2023 00:00;;;;
PS716000002126;4;FO716000002194;;CS716000000299;;;AT;NC;;RESERVEE;28/07/2023 00:00;;;;
PS716000002127;5;FO716000002195;;CS716000000299;;;AT;NC;;RESERVEE;28/07/2023 00:00;;;;
PS716000002128;6;FO716000002196;;CS716000000299;;;AT;NC;;RESERVEE;28/07/2023 00:00;;;;
PS716000002129;1;FO716000002197;FO716000002233;CS716000000300;;;PA;NC;;71153/USZ/PT 601545;28/07/2023 00:00;;;;
PS716000002130;2;FO716000002198;FO716000002234;CS716000000300;;;PA;NC;;71153/USZ/PT 601545;28/07/2023 00:00;;;;
PS716000002131;3;FO716000002199;FO716000002235;CS716000000300;;;PA;NC;;71153/USZ/PT 601545;28/07/2023 00:00;;;;
PS716000002132;4;FO716000002200;FO716000002236;CS716000000300;;;PA;NC;;71153/USZ/PT 601545;28/07/2023 00:00;;;;
PS716000002133;5;FO716000002201;FO716000002237;CS716000000300;;;PA;NC;;71153/USZ/PT 601545;28/07/2023 00:00;;;;
PS716000002134;6;FO716000002202;FO716000002238;CS716000000300;;;PA;NC;;71153/USZ/PT 601545;28/07/2023 00:00;;;;
PS716000002135;7;FO716000002203;FO716000002239;CS716000000300;;;PA;NC;;71153/USZ/PT 601545;28/07/2023 00:00;;;;
PS716000002136;8;FO716000002204;FO716000002240;CS716000000300;;;PA;NC;;71153/USZ/PT 601545;28/07/2023 00:00;;;;
PS716000002137;9;FO716000002205;FO716000002241;CS716000000300;;;PA;NC;;71153/USZ/PT 601545;28/07/2023 00:00;;;;
PS716000002138;10;FO716000002206;FO716000002242;CS716000000300;;;PA;NC;;71153/USZ/PT 601545;28/07/2023 00:00;;;;
PS716000002139;11;FO716000002207;FO716000002243;CS716000000300;;;PA;NC;;71153/USZ/PT 601545;28/07/2023 00:00;;;;
PS716000002140;12;FO716000002208;FO716000002244;CS716000000300;;;PA;NC;;71153/USZ/PT 601545;28/07/2023 00:00;;;;
PS716000002141;13;FO716000002209;FO716000002245;CS716000000300;;;PA;NC;;71153/USZ/PT 601545;28/07/2023 00:00;;;;
PS716000002142;14;FO716000002210;FO716000002246;CS716000000300;;;PA;NC;;71153/USZ/PT 601545;28/07/2023 00:00;;;;
PS716000002143;15;FO716000002211;FO716000002247;CS716000000300;;;PA;NC;;71153/USZ/PT 601545;28/07/2023 00:00;;;;
PS716000002144;16;FO716000002212;FO716000002248;CS716000000300;;;PA;NC;;71153/USZ/PT 601545;28/07/2023 00:00;;;;
PS716000002145;17;FO716000002213;FO716000002249;CS716000000300;;;PA;NC;;71153/USZ/PT 601545;28/07/2023 00:00;;;;
PS716000002146;18;FO716000002214;FO716000002250;CS716000000300;;;PA;NC;;71153/USZ/PT 601545;28/07/2023 00:00;;;;
PS716000002147;1;FO716000002233;;CS716000000303;;;AT;NC;;71153/USZ/PT 601546;28/07/2023 00:00;;;;
PS716000002148;2;FO716000002234;;CS716000000303;;;AT;NC;;71153/USZ/PT 601546;28/07/2023 00:00;;;;
PS716000002149;3;FO716000002235;;CS716000000303;;;AT;NC;;71153/USZ/PT 601546;28/07/2023 00:00;;;;
PS716000002150;4;FO716000002236;;CS716000000303;;;AT;NC;;71153/USZ/PT 601546;28/07/2023 00:00;;;;
PS716000002151;5;FO716000002237;;CS716000000303;;;AT;NC;;RESERVEE;28/07/2023 00:00;;;;
PS716000002152;6;FO716000002238;;CS716000000303;;;AT;NC;;RESERVEE;28/07/2023 00:00;;;;
PS716000002153;1;FO716000002239;FO716000002275;CS716000000304;;;PA;NC;;71153/USZ/PT 601546;28/07/2023 00:00;;;;
PS716000002154;2;FO716000002240;FO716000002276;CS716000000304;;;PA;NC;;71153/USZ/PT 601546;28/07/2023 00:00;;;;
PS716000002155;3;FO716000002241;FO716000002277;CS716000000304;;;PA;NC;;71153/USZ/PT 601546;28/07/2023 00:00;;;;
PS716000002156;4;FO716000002242;FO716000002278;CS716000000304;;;PA;NC;;71153/USZ/PT 601546;28/07/2023 00:00;;;;
PS716000002157;5;FO716000002243;FO716000002279;CS716000000304;;;PA;NC;;71153/USZ/PT 601546;28/07/2023 00:00;;;;
PS716000002158;6;FO716000002244;FO716000002280;CS716000000304;;;PA;NC;;71153/USZ/PT 601546;28/07/2023 00:00;;;;
PS716000002159;7;FO716000002245;FO716000002281;CS716000000304;;;PA;NC;;71153/USZ/PT 601546;28/07/2023 00:00;;;;
PS716000002160;8;FO716000002246;FO716000002282;CS716000000304;;;PA;NC;;71153/USZ/PT 601546;28/07/2023 00:00;;;;
PS716000002161;9;FO716000002247;FO716000002283;CS716000000304;;;PA;NC;;71153/USZ/PT 601546;28/07/2023 00:00;;;;
PS716000002162;10;FO716000002248;FO716000002284;CS716000000304;;;PA;NC;;71153/USZ/PT 601546;28/07/2023 00:00;;;;
PS716000002163;11;FO716000002249;FO716000002285;CS716000000304;;;PA;NC;;71153/USZ/PT 601546;28/07/2023 00:00;;;;
PS716000002164;12;FO716000002250;FO716000002286;CS716000000304;;;PA;NC;;71153/USZ/PT 601546;28/07/2023 00:00;;;;
PS716000002165;1;FO716000002275;;CS716000000306;;;AT;NC;;71153/USZ/PT 601547;28/07/2023 00:00;;;;
PS716000002166;2;FO716000002276;;CS716000000306;;;AT;NC;;71153/USZ/PT 601547;28/07/2023 00:00;;;;
PS716000002167;3;FO716000002277;;CS716000000306;;;AT;NC;;71153/USZ/PT 601547;28/07/2023 00:00;;;;
PS716000002168;4;FO716000002278;;CS716000000306;;;AT;NC;;RESERVEE;28/07/2023 00:00;;;;
PS716000002169;5;FO716000002279;;CS716000000306;;;AT;NC;;RESERVEE;28/07/2023 00:00;;;;
PS716000002170;6;FO716000002280;;CS716000000306;;;AT;NC;;RESERVEE;28/07/2023 00:00;;;;
PS716000002171;1;FO716000002281;FO716000002317;CS716000000307;;;PA;NC;;71153/USZ/PT 601547;28/07/2023 00:00;;;;
PS716000002172;2;FO716000002282;FO716000002318;CS716000000307;;;PA;NC;;71153/USZ/PT 601547;28/07/2023 00:00;;;;
PS716000002173;3;FO716000002283;FO716000002319;CS716000000307;;;PA;NC;;71153/USZ/PT 601547;28/07/2023 00:00;;;;
PS716000002174;4;FO716000002284;FO716000002320;CS716000000307;;;PA;NC;;71153/USZ/PT 601547;28/07/2023 00:00;;;;
PS716000002175;5;FO716000002285;FO716000002321;CS716000000307;;;PA;NC;;71153/USZ/PT 601547;28/07/2023 00:00;;;;
PS716000002176;6;FO716000002286;FO716000002322;CS716000000307;;;PA;NC;;71153/USZ/PT 601547;28/07/2023 00:00;;;;
PS716000002177;1;FO716000002317;;CS716000000308;;;AT;NC;;71153/USZ/PT 601548;28/07/2023 00:00;;;;
PS716000002178;2;FO716000002318;;CS716000000308;;;AT;NC;;71153/USZ/PT 601548;28/07/2023 00:00;;;;
PS716000002179;3;FO716000002319;;CS716000000308;;;AT;NC;;71153/USZ/PT 601548;28/07/2023 00:00;;;;
PS716000002180;4;FO716000002320;;CS716000000308;;;AT;NC;;71153/USZ/PT 601548;28/07/2023 00:00;;;;
PS716000002181;5;FO716000002321;;CS716000000308;;;AT;NC;;RESERVEE;28/07/2023 00:00;;;;
PS716000002182;6;FO716000002322;;CS716000000308;;;AT;NC;;RESERVEE;28/07/2023 00:00;;;;
PS716000002183;1;FO716000002323;;CS716000000309;;;AT;NC;;71153/USZ/PT 601549;28/07/2023 00:00;;;;
PS716000002184;2;FO716000002324;;CS716000000309;;;AT;NC;;71153/USZ/PT 601549;28/07/2023 00:00;;;;
PS716000002185;3;FO716000002325;;CS716000000309;;;AT;NC;;RESERVEE;28/07/2023 00:00;;;;
PS716000002186;4;FO716000002326;FO716000002350;CS716000000309;;;PA;NC;;71153/USZ/PT 601549;28/07/2023 00:00;;;;
PS716000002187;5;FO716000002327;FO716000002351;CS716000000309;;;PA;NC;;71153/USZ/PT 601549;28/07/2023 00:00;;;;
PS716000002188;6;FO716000002328;FO716000002352;CS716000000309;;;PA;NC;;71153/USZ/PT 601549;28/07/2023 00:00;;;;
PS716000002189;1;FO716000002329;FO716000002353;CS716000000310;;;PA;NC;;71153/USZ/PT 601549;28/07/2023 00:00;;;;
PS716000002190;2;FO716000002330;FO716000002354;CS716000000310;;;PA;NC;;71153/USZ/PT 601549;28/07/2023 00:00;;;;
PS716000002191;3;FO716000002331;FO716000002355;CS716000000310;;;PA;NC;;71153/USZ/PT 601549;28/07/2023 00:00;;;;
PS716000002192;4;FO716000002332;FO716000002356;CS716000000310;;;PA;NC;;71153/USZ/PT 601549;28/07/2023 00:00;;;;
PS716000002193;5;FO716000002333;FO716000002357;CS716000000310;;;PA;NC;;71153/USZ/PT 601549;28/07/2023 00:00;;;;
PS716000002194;6;FO716000002334;FO716000002358;CS716000000310;;;PA;NC;;71153/USZ/PT 601549;28/07/2023 00:00;;;;
PS716000002195;7;FO716000002335;FO716000002359;CS716000000310;;;PA;NC;;71153/USZ/PT 601549;28/07/2023 00:00;;;;
PS716000002196;8;FO716000002336;FO716000002360;CS716000000310;;;PA;NC;;71153/USZ/PT 601549;28/07/2023 00:00;;;;
PS716000002197;9;FO716000002337;FO716000002361;CS716000000310;;;PA;NC;;71153/USZ/PT 601549;28/07/2023 00:00;;;;
PS716000002198;10;FO716000002338;FO716000002362;CS716000000310;;;PA;NC;;71153/USZ/PT 601549;28/07/2023 00:00;;;;
PS716000002199;11;FO716000002339;FO716000002363;CS716000000310;;;PA;NC;;71153/USZ/PT 601549;28/07/2023 00:00;;;;
PS716000002200;12;FO716000002340;FO716000002364;CS716000000310;;;PA;NC;;71153/USZ/PT 601549;28/07/2023 00:00;;;;
PS716000002201;1;FO716000002350;FO716000002374;CS716000000313;;;PA;NC;;71153/USZ/PT 601550;28/07/2023 00:00;;;;
PS716000002202;2;FO716000002351;FO716000002375;CS716000000313;;;PA;NC;;71153/USZ/PT 601550;28/07/2023 00:00;;;;
PS716000002203;3;FO716000002352;FO716000002376;CS716000000313;;;PA;NC;;71153/USZ/PT 601550;28/07/2023 00:00;;;;
PS716000002204;1;FO716000002353;;CS716000000312;;;AT;NC;;71153/USZ/PT 601550;28/07/2023 00:00;;;;
PS716000002205;2;FO716000002354;;CS716000000312;;;AT;NC;;71153/USZ/PT 601550;28/07/2023 00:00;;;;
PS716000002206;3;FO716000002355;;CS716000000312;;;AT;NC;;71153/USZ/PT 601550;28/07/2023 00:00;;;;
PS716000002207;4;FO716000002356;;CS716000000312;;;AT;NC;;71153/USZ/PT 601550;28/07/2023 00:00;;;;
PS716000002208;5;FO716000002357;;CS716000000312;;;AT;NC;;RESERVEE;28/07/2023 00:00;;;;
PS716000002209;6;FO716000002358;;CS716000000312;;;AT;NC;;RESERVEE;28/07/2023 00:00;;;;
PS716000002210;4;FO716000002359;FO716000002383;CS716000000313;;;PA;NC;;71153/USZ/PT 601550;28/07/2023 00:00;;;;
PS716000002211;5;FO716000002360;FO716000002384;CS716000000313;;;PA;NC;;71153/USZ/PT 601550;28/07/2023 00:00;;;;
PS716000002212;6;FO716000002361;FO716000002385;CS716000000313;;;PA;NC;;71153/USZ/PT 601550;28/07/2023 00:00;;;;
PS716000002213;7;FO716000002362;FO716000002386;CS716000000313;;;PA;NC;;71153/USZ/PT 601550;28/07/2023 00:00;;;;
PS716000002214;8;FO716000002363;FO716000002387;CS716000000313;;;PA;NC;;71153/USZ/PT 601550;28/07/2023 00:00;;;;
PS716000002215;9;FO716000002364;FO716000002388;CS716000000313;;;PA;NC;;71153/USZ/PT 601550;28/07/2023 00:00;;;;
PS716000002216;1;FO716000002374;FO716000002398;CS716000000316;;;PA;NC;;71153/USZ/PT 601551;28/07/2023 00:00;;;;
PS716000002217;2;FO716000002375;FO716000002399;CS716000000316;;;PA;NC;;71153/USZ/PT 601551;28/07/2023 00:00;;;;
PS716000002218;3;FO716000002376;FO716000002400;CS716000000316;;;PA;NC;;71153/USZ/PT 601551;28/07/2023 00:00;;;;
PS716000002219;1;FO716000002383;;CS716000000315;;;AT;NC;;71153/USZ/PT 601551;28/07/2023 00:00;;;;
PS716000002220;2;FO716000002384;;CS716000000315;;;AT;NC;;71153/USZ/PT 601551;28/07/2023 00:00;;;;
PS716000002221;3;FO716000002385;;CS716000000315;;;AT;NC;;71153/USZ/PT 601551;28/07/2023 00:00;;;;
PS716000002222;4;FO716000002386;;CS716000000315;;;AT;NC;;71153/USZ/PT 601551;28/07/2023 00:00;;;;
PS716000002223;5;FO716000002387;;CS716000000315;;;AT;NC;;RESERVEE;28/07/2023 00:00;;;;
PS716000002224;6;FO716000002388;;CS716000000315;;;AT;NC;;RESERVEE;28/07/2023 00:00;;;;
PS716000002225;1;FO716000002398;;CS716000000317;;;AT;NC;;71153/USZ/PT 601552;28/07/2023 00:00;;;;
PS716000002226;2;FO716000002399;;CS716000000317;;;AT;NC;;71153/USZ/PT 601552;28/07/2023 00:00;;;;
PS716000002227;3;FO716000002400;;CS716000000317;;;AT;NC;;RESERVEE;28/07/2023 00:00;;;;
PS716000002228;1;FO716000002419;;CS716000000318;;;AT;NC;;71153/USZ/PT 601553;28/07/2023 00:00;;;;
PS716000002229;2;FO716000002420;;CS716000000318;;;AT;NC;;71153/USZ/PT 601553;28/07/2023 00:00;;;;
PS716000002230;3;FO716000002421;;CS716000000318;;;AT;NC;;71153/USZ/PT 601553;28/07/2023 00:00;;;;
PS716000002231;4;FO716000002422;;CS716000000318;;;AT;NC;;71153/USZ/PT 601553;28/07/2023 00:00;;;;
PS716000002232;5;FO716000002423;;CS716000000318;;;AT;NC;;RESERVEE;28/07/2023 00:00;;;;
PS716000002233;6;FO716000002424;;CS716000000318;;;AT;NC;;RESERVEE;28/07/2023 00:00;;;;
PS716000002234;1;FO716000002425;FO716000002437;CS716000000319;;;PA;NC;;71153/USZ/PT 601553;28/07/2023 00:00;;;;
PS716000002235;2;FO716000002426;FO716000002438;CS716000000319;;;PA;NC;;71153/USZ/PT 601553;28/07/2023 00:00;;;;
PS716000002236;3;FO716000002427;FO716000002439;CS716000000319;;;PA;NC;;71153/USZ/PT 601553;28/07/2023 00:00;;;;
PS716000002237;4;FO716000002428;FO716000002440;CS716000000319;;;PA;NC;;71153/USZ/PT 601553;28/07/2023 00:00;;;;
PS716000002238;5;FO716000002429;FO716000002441;CS716000000319;;;PA;NC;;71153/USZ/PT 601553;28/07/2023 00:00;;;;
PS716000002239;6;FO716000002430;FO716000002442;CS716000000319;;;PA;NC;;71153/USZ/PT 601553;28/07/2023 00:00;;;;
PS716000002240;1;FO716000002437;;CS716000000320;;;AT;NC;;71153/USZ/PT 601554;28/07/2023 00:00;;;;
PS716000002241;2;FO716000002438;;CS716000000320;;;AT;NC;;71153/USZ/PT 601554;28/07/2023 00:00;;;;
PS716000002242;3;FO716000002439;;CS716000000320;;;AT;NC;;71153/USZ/PT 601554;28/07/2023 00:00;;;;
PS716000002243;4;FO716000002440;;CS716000000320;;;AT;NC;;71153/USZ/PT 601554;28/07/2023 00:00;;;;
PS716000002244;5;FO716000002441;;CS716000000320;;;AT;NC;;RESERVEE;28/07/2023 00:00;;;;
PS716000002245;6;FO716000002442;;CS716000000320;;;AT;NC;;RESERVEE;28/07/2023 00:00;;;;
PS716000002246;1;FO716000002443;;CS716000000321;;;AT;NC;;71153/USZ/PT 601555;28/07/2023 00:00;;;;
PS716000002247;2;FO716000002444;;CS716000000321;;;AT;NC;;71153/USZ/PT 601555;28/07/2023 00:00;;;;
PS716000002248;3;FO716000002445;;CS716000000321;;;AT;NC;;71153/USZ/PT 601555;28/07/2023 00:00;;;;
PS716000002249;4;FO716000002446;;CS716000000321;;;AT;NC;;71153/USZ/PT 601555;28/07/2023 00:00;;;;
PS716000002250;5;FO716000002447;;CS716000000321;;;AT;NC;;71153/USZ/PT 601555;28/07/2023 00:00;;;;
PS716000002251;6;FO716000002448;;CS716000000321;;;AT;NC;;RESERVEE;28/07/2023 00:00;;;;
PS716000002252;1;FO716000002449;;CS716000000322;;;AT;NC;;71153/USZ/PT 601556;28/07/2023 00:00;;;;
PS716000002253;2;FO716000002450;;CS716000000322;;;AT;NC;;71153/USZ/PT 601556;28/07/2023 00:00;;;;
PS716000002254;3;FO716000002451;;CS716000000322;;;AT;NC;;RESERVEE;28/07/2023 00:00;;;;
PS716000002255;4;FO716000002452;;CS716000000322;;;AT;NC;;RESERVEE;28/07/2023 00:00;;;;
PS716000002256;5;FO716000002453;;CS716000000322;;;AT;NC;;RESERVEE;28/07/2023 00:00;;;;
PS716000002257;6;FO716000002454;;CS716000000322;;;AT;NC;;RESERVEE;28/07/2023 00:00;;;;
PS716000002258;1;FO716000002455;;CS716000000323;;;AT;NC;;71153/USZ/PT 601557;28/07/2023 00:00;;;;
PS716000002259;2;FO716000002456;;CS716000000323;;;AT;NC;;71153/USZ/PT 601557;28/07/2023 00:00;;;;
PS716000002260;3;FO716000002457;;CS716000000323;;;AT;NC;;71153/USZ/PT 601557;28/07/2023 00:00;;;;
PS716000002261;4;FO716000002458;;CS716000000323;;;AT;NC;;71153/USZ/PT 601557;28/07/2023 00:00;;;;
PS716000002262;5;FO716000002459;;CS716000000323;;;AT;NC;;RESERVEE;28/07/2023 00:00;;;;
PS716000002263;6;FO716000002460;;CS716000000323;;;AT;NC;;RESERVEE;28/07/2023 00:00;;;;
PS716000002264;1;FO716000002461;FO716000002485;CS716000000324;;;PA;NC;;71153/USZ/PT 601557;28/07/2023 00:00;;;;
PS716000002265;2;FO716000002462;FO716000002486;CS716000000324;;;PA;NC;;71153/USZ/PT 601557;28/07/2023 00:00;;;;
PS716000002266;3;FO716000002463;FO716000002487;CS716000000324;;;PA;NC;;71153/USZ/PT 601557;28/07/2023 00:00;;;;
PS716000002267;4;FO716000002464;FO716000002488;CS716000000324;;;PA;NC;;71153/USZ/PT 601557;28/07/2023 00:00;;;;
PS716000002268;5;FO716000002465;FO716000002489;CS716000000324;;;PA;NC;;71153/USZ/PT 601557;28/07/2023 00:00;;;;
PS716000002269;6;FO716000002466;FO716000002490;CS716000000324;;;PA;NC;;71153/USZ/PT 601557;28/07/2023 00:00;;;;
PS716000002270;7;FO716000002467;FO716000002491;CS716000000324;;;PA;NC;;71153/USZ/PT 601557;28/07/2023 00:00;;;;
PS716000002271;8;FO716000002468;FO716000002492;CS716000000324;;;PA;NC;;71153/USZ/PT 601557;28/07/2023 00:00;;;;
PS716000002272;9;FO716000002469;FO716000002493;CS716000000324;;;PA;NC;;71153/USZ/PT 601557;28/07/2023 00:00;;;;
PS716000002273;10;FO716000002470;FO716000002494;CS716000000324;;;PA;NC;;71153/USZ/PT 601557;28/07/2023 00:00;;;;
PS716000002274;11;FO716000002471;FO716000002495;CS716000000324;;;PA;NC;;71153/USZ/PT 601557;28/07/2023 00:00;;;;
PS716000002275;12;FO716000002472;FO716000002496;CS716000000324;;;PA;NC;;71153/USZ/PT 601557;28/07/2023 00:00;;;;
PS716000002276;1;FO716000002485;;CS716000000326;;;AT;NC;;71153/USZ/PT 601558;28/07/2023 00:00;;;;
PS716000002277;2;FO716000002486;;CS716000000326;;;AT;NC;;71153/USZ/PT 601558;28/07/2023 00:00;;;;
PS716000002278;3;FO716000002487;;CS716000000326;;;AT;NC;;71153/USZ/PT 601558;28/07/2023 00:00;;;;
PS716000002279;4;FO716000002488;;CS716000000326;;;AT;NC;;71153/USZ/PT 601558;28/07/2023 00:00;;;;
PS716000002280;5;FO716000002489;;CS716000000326;;;AT;NC;;RESERVEE;28/07/2023 00:00;;;;
PS716000002281;6;FO716000002490;;CS716000000326;;;AT;NC;;RESERVEE;28/07/2023 00:00;;;;
PS716000002282;1;FO716000002491;FO716000002515;CS716000000327;;;PA;NC;;71153/USZ/PT 601558;28/07/2023 00:00;;;;
PS716000002283;2;FO716000002492;FO716000002516;CS716000000327;;;PA;NC;;71153/USZ/PT 601558;28/07/2023 00:00;;;;
PS716000002284;3;FO716000002493;FO716000002517;CS716000000327;;;PA;NC;;71153/USZ/PT 601558;28/07/2023 00:00;;;;
PS716000002285;4;FO716000002494;FO716000002518;CS716000000327;;;PA;NC;;71153/USZ/PT 601558;28/07/2023 00:00;;;;
PS716000002286;5;FO716000002495;FO716000002519;CS716000000327;;;PA;NC;;71153/USZ/PT 601558;28/07/2023 00:00;;;;
PS716000002287;6;FO716000002496;FO716000002520;CS716000000327;;;PA;NC;;71153/USZ/PT 601558;28/07/2023 00:00;;;;
PS716000002288;1;FO716000002515;;CS716000000328;;;AT;NC;;71153/USZ/PT 601559;28/07/2023 00:00;;;;
PS716000002289;2;FO716000002516;;CS716000000328;;;AT;NC;;71153/USZ/PT 601559;28/07/2023 00:00;;;;
PS716000002290;3;FO716000002517;;CS716000000328;;;AT;NC;;71153/USZ/PT 601559;28/07/2023 00:00;;;;
PS716000002291;4;FO716000002518;;CS716000000328;;;AT;NC;;71153/USZ/PT 601559;28/07/2023 00:00;;;;
PS716000002292;5;FO716000002519;;CS716000000328;;;AT;NC;;71153/USZ/PT 601559;28/07/2023 00:00;;;;
PS716000002293;6;FO716000002520;;CS716000000328;;;AT;NC;;RESERVEE;28/07/2023 00:00;;;;
PS716000002294;1;FO716000002527;;CS716000000329;;;AT;NC;;71153/USZ/PT 601560;28/07/2023 00:00;;;;
PS716000002295;2;FO716000002528;;CS716000000329;;;AT;NC;;71153/USZ/PT 601560;28/07/2023 00:00;;;;
PS716000002296;3;FO716000002529;;CS716000000329;;;AT;NC;;71153/USZ/PT 601560;28/07/2023 00:00;;;;
PS716000002297;4;FO716000002530;;CS716000000329;;;AT;NC;;71153/USZ/PT 601560;28/07/2023 00:00;;;;
PS716000002298;5;FO716000002531;;CS716000000329;;;AT;NC;;71153/USZ/PT 601560;28/07/2023 00:00;;;;
PS716000002299;6;FO716000002532;;CS716000000329;;;AT;NC;;RESERVEE;28/07/2023 00:00;;;;
PS716000002300;1;FO716000002533;;CS716000000330;;;AT;NC;;71153/USZ/PT 601561;28/07/2023 00:00;;;;
PS716000002301;2;FO716000002534;;CS716000000330;;;AT;NC;;71153/USZ/PT 601561;28/07/2023 00:00;;;;
PS716000002302;3;FO716000002535;;CS716000000330;;;AT;NC;;71153/USZ/PT 601561;28/07/2023 00:00;;;;
PS716000002303;4;FO716000002536;;CS716000000330;;;AT;NC;;71153/USZ/PT 601561;28/07/2023 00:00;;;;
PS716000002304;5;FO716000002537;;CS716000000330;;;AT;NC;;71153/USZ/PT 601561;28/07/2023 00:00;;;;
PS716000002305;6;FO716000002538;;CS716000000330;;;AT;NC;;RESERVEE;28/07/2023 00:00;;;;
PS716000002306;1;FO716000002539;;CS716000000331;;;AT;NC;;71153/USZ/PT 601562;28/07/2023 00:00;;;;
PS716000002307;2;FO716000002540;;CS716000000331;;;AT;NC;;71153/USZ/PT 601562;28/07/2023 00:00;;;;
PS716000002308;3;FO716000002541;;CS716000000331;;;AT;NC;;71153/USZ/PT 601562;28/07/2023 00:00;;;;
PS716000002309;4;FO716000002542;;CS716000000331;;;AT;NC;;71153/USZ/PT 601562;28/07/2023 00:00;;;;
PS716000002310;5;FO716000002543;;CS716000000331;;;AT;NC;;RESERVEE;28/07/2023 00:00;;;;
PS716000002311;6;FO716000002544;;CS716000000331;;;AT;NC;;RESERVEE;28/07/2023 00:00;;;;
PS716000002312;1;FO716000002545;;CS716000000332;;;AT;NC;;71153/USZ/PT 601563;28/07/2023 00:00;;;;
PS716000002313;2;FO716000002546;;CS716000000332;;;AT;NC;;71153/USZ/PT 601563;28/07/2023 00:00;;;;
PS716000002314;3;FO716000002547;;CS716000000332;;;AT;NC;;71153/USZ/PT 601563;28/07/2023 00:00;;;;
PS716000002315;4;FO716000002548;;CS716000000332;;;AT;NC;;71153/USZ/PT 601563;28/07/2023 00:00;;;;
PS716000002316;5;FO716000002549;;CS716000000332;;;AT;NC;;RESERVEE;28/07/2023 00:00;;;;
PS716000002317;6;FO716000002550;;CS716000000332;;;AT;NC;;RESERVEE;28/07/2023 00:00;;;;
PS716000002318;1;FO716000002551;FO716000002587;CS716000000333;;;EP;NC;;71153/USZ/PT 601564;28/07/2023 00:00;;;;
PS716000002319;2;FO716000002552;FO716000002588;CS716000000333;;;EP;NC;;71153/USZ/PT 601564;28/07/2023 00:00;;;;
PS716000002320;3;FO716000002553;FO716000002589;CS716000000333;;;EP;NC;;71153/USZ/PT 601564;28/07/2023 00:00;;;;
PS716000002321;4;FO716000002554;FO716000002590;CS716000000333;;;EP;NC;;71153/USZ/PT 601564;28/07/2023 00:00;;;;
PS716000002322;5;FO716000002555;FO716000002591;CS716000000333;;;EP;NC;;71153/USZ/PT 601564;28/07/2023 00:00;;;;
PS716000002323;6;FO716000002556;FO716000002592;CS716000000333;;;EP;NC;;71153/USZ/PT 601564;28/07/2023 00:00;;;;
PS716000002324;1;FO716000002557;FO716000002593;CS716000000334;;;EP;NC;;71153/USZ/PT 601564;28/07/2023 00:00;;;;
PS716000002325;2;FO716000002558;FO716000002594;CS716000000334;;;EP;NC;;71153/USZ/PT 601564;28/07/2023 00:00;;;;
PS716000002326;3;FO716000002559;FO716000002595;CS716000000334;;;EP;NC;;71153/USZ/PT 601564;28/07/2023 00:00;;;;
PS716000002327;4;FO716000002560;FO716000002596;CS716000000334;;;EP;NC;;71153/USZ/PT 601564;28/07/2023 00:00;;;;
PS716000002328;5;FO716000002561;FO716000002597;CS716000000334;;;EP;NC;;71153/USZ/PT 601564;28/07/2023 00:00;;;;
PS716000002329;6;FO716000002562;FO716000002598;CS716000000334;;;EP;NC;;71153/USZ/PT 601564;28/07/2023 00:00;;;;
PS716000002330;1;FO716000002563;FO716000002599;CS716000000335;;;EP;NC;;71153/USZ/PT 601564;28/07/2023 00:00;;;;
PS716000002331;2;FO716000002564;FO716000002600;CS716000000335;;;EP;NC;;71153/USZ/PT 601564;28/07/2023 00:00;;;;
PS716000002332;3;FO716000002565;FO716000002601;CS716000000335;;;EP;NC;;71153/USZ/PT 601564;28/07/2023 00:00;;;;
PS716000002333;4;FO716000002566;FO716000002602;CS716000000335;;;EP;NC;;71153/USZ/PT 601564;28/07/2023 00:00;;;;
PS716000002334;5;FO716000002567;FO716000002603;CS716000000335;;;EP;NC;;71153/USZ/PT 601564;28/07/2023 00:00;;;;
PS716000002335;6;FO716000002568;FO716000002604;CS716000000335;;;EP;NC;;71153/USZ/PT 601564;28/07/2023 00:00;;;;
PS716000002336;1;FO716000002569;FO716000002605;CS716000000336;;;EP;NC;;71153/USZ/PT 601564;28/07/2023 00:00;;;;
PS716000002337;2;FO716000002570;FO716000002606;CS716000000336;;;EP;NC;;71153/USZ/PT 601564;28/07/2023 00:00;;;;
PS716000002338;3;FO716000002571;FO716000002607;CS716000000336;;;EP;NC;;71153/USZ/PT 601564;28/07/2023 00:00;;;;
PS716000002339;4;FO716000002572;FO716000002608;CS716000000336;;;EP;NC;;71153/USZ/PT 601564;28/07/2023 00:00;;;;
PS716000002340;5;FO716000002573;FO716000002609;CS716000000336;;;EP;NC;;71153/USZ/PT 601564;28/07/2023 00:00;;;;
PS716000002341;6;FO716000002574;FO716000002610;CS716000000336;;;EP;NC;;71153/USZ/PT 601564;28/07/2023 00:00;;;;
PS716000002342;1;FO716000002575;FO716000002611;CS716000000337;;;EP;NC;;71153/USZ/PT 601564;28/07/2023 00:00;;;;
PS716000002343;2;FO716000002576;FO716000002612;CS716000000337;;;EP;NC;;71153/USZ/PT 601564;28/07/2023 00:00;;;;
PS716000002344;3;FO716000002577;FO716000002613;CS716000000337;;;EP;NC;;71153/USZ/PT 601564;28/07/2023 00:00;;;;
PS716000002345;4;FO716000002578;FO716000002614;CS716000000337;;;EP;NC;;71153/USZ/PT 601564;28/07/2023 00:00;;;;
PS716000002346;5;FO716000002579;FO716000002615;CS716000000337;;;EP;NC;;71153/USZ/PT 601564;28/07/2023 00:00;;;;
PS716000002347;6;FO716000002580;FO716000002616;CS716000000337;;;EP;NC;;71153/USZ/PT 601564;28/07/2023 00:00;;;;
PS716000002348;1;FO716000002581;FO716000002875;CS716000000338;;;EP;NC;;71153/USZ/PT 601564;28/07/2023 00:00;;;;
PS716000002349;2;FO716000002582;FO716000002876;CS716000000338;;;EP;NC;;71153/USZ/PT 601564;28/07/2023 00:00;;;;
PS716000002350;3;FO716000002583;FO716000002877;CS716000000338;;;EP;NC;;71153/USZ/PT 601564;28/07/2023 00:00;;;;
PS716000002351;4;FO716000002584;FO716000002878;CS716000000338;;;EP;NC;;71153/USZ/PT 601564;28/07/2023 00:00;;;;
PS716000002352;5;FO716000002585;FO716000002879;CS716000000338;;;EP;NC;;71153/USZ/PT 601564;28/07/2023 00:00;;;;
PS716000002353;6;FO716000002586;FO716000002880;CS716000000338;;;EP;NC;;71153/USZ/PT 601564;28/07/2023 00:00;;;;
PS716000002354;1;FO716000002587;;CS716000000339;;;AT;NC;;71153/USZ/PT 601565;28/07/2023 00:00;;;;
PS716000002355;2;FO716000002588;FO716000002624;CS716000000339;;;PA;NC;;71153/USZ/PT 601565;28/07/2023 00:00;;;;
PS716000002356;3;FO716000002589;FO716000002625;CS716000000339;;;PA;NC;;71153/USZ/PT 601565;28/07/2023 00:00;;;;
PS716000002357;4;FO716000002590;FO716000002626;CS716000000339;;;PA;NC;;71153/USZ/PT 601565;28/07/2023 00:00;;;;
PS716000002358;5;FO716000002591;FO716000002627;CS716000000339;;;PA;NC;;71153/USZ/PT 601565;28/07/2023 00:00;;;;
PS716000002359;6;FO716000002592;FO716000002628;CS716000000339;;;PA;NC;;71153/USZ/PT 601565;28/07/2023 00:00;;;;
PS716000002360;1;FO716000002593;FO716000002629;CS716000000340;;;PA;NC;;71153/USZ/PT 601565;28/07/2023 00:00;;;;
PS716000002361;2;FO716000002594;FO716000002630;CS716000000340;;;PA;NC;;71153/USZ/PT 601565;28/07/2023 00:00;;;;
PS716000002362;3;FO716000002595;FO716000002631;CS716000000340;;;PA;NC;;71153/USZ/PT 601565;28/07/2023 00:00;;;;
PS716000002363;4;FO716000002596;FO716000002632;CS716000000340;;;PA;NC;;71153/USZ/PT 601565;28/07/2023 00:00;;;;
PS716000002364;5;FO716000002597;FO716000002633;CS716000000340;;;PA;NC;;71153/USZ/PT 601565;28/07/2023 00:00;;;;
PS716000002365;6;FO716000002598;FO716000002634;CS716000000340;;;PA;NC;;71153/USZ/PT 601565;28/07/2023 00:00;;;;
PS716000002366;7;FO716000002599;FO716000002635;CS716000000340;;;PA;NC;;71153/USZ/PT 601565;28/07/2023 00:00;;;;
PS716000002367;8;FO716000002600;FO716000002636;CS716000000340;;;PA;NC;;71153/USZ/PT 601565;28/07/2023 00:00;;;;
PS716000002368;9;FO716000002601;FO716000002637;CS716000000340;;;PA;NC;;71153/USZ/PT 601565;28/07/2023 00:00;;;;
PS716000002369;10;FO716000002602;FO716000002638;CS716000000340;;;PA;NC;;71153/USZ/PT 601565;28/07/2023 00:00;;;;
PS716000002370;11;FO716000002603;FO716000002639;CS716000000340;;;PA;NC;;71153/USZ/PT 601565;28/07/2023 00:00;;;;
PS716000002371;12;FO716000002604;FO716000002640;CS716000000340;;;PA;NC;;71153/USZ/PT 601565;28/07/2023 00:00;;;;
PS716000002372;13;FO716000002605;FO716000002641;CS716000000340;;;PA;NC;;71153/USZ/PT 601565;28/07/2023 00:00;;;;
PS716000002373;14;FO716000002606;FO716000002642;CS716000000340;;;PA;NC;;71153/USZ/PT 601565;28/07/2023 00:00;;;;
PS716000002374;15;FO716000002607;FO716000002643;CS716000000340;;;PA;NC;;71153/USZ/PT 601565;28/07/2023 00:00;;;;
PS716000002375;16;FO716000002608;FO716000002644;CS716000000340;;;PA;NC;;71153/USZ/PT 601565;28/07/2023 00:00;;;;
PS716000002376;17;FO716000002609;FO716000002645;CS716000000340;;;PA;NC;;71153/USZ/PT 601565;28/07/2023 00:00;;;;
PS716000002377;18;FO716000002610;FO716000002646;CS716000000340;;;PA;NC;;71153/USZ/PT 601565;28/07/2023 00:00;;;;
PS716000002378;19;FO716000002611;FO716000002647;CS716000000340;;;PA;NC;;71153/USZ/PT 601565;28/07/2023 00:00;;;;
PS716000002379;20;FO716000002612;FO716000002648;CS716000000340;;;PA;NC;;71153/USZ/PT 601565;28/07/2023 00:00;;;;
PS716000002380;21;FO716000002613;FO716000002649;CS716000000340;;;PA;NC;;71153/USZ/PT 601565;28/07/2023 00:00;;;;
PS716000002381;22;FO716000002614;FO716000002650;CS716000000340;;;PA;NC;;71153/USZ/PT 601565;28/07/2023 00:00;;;;
PS716000002382;23;FO716000002615;FO716000002651;CS716000000340;;;PA;NC;;71153/USZ/PT 601565;28/07/2023 00:00;;;;
PS716000002383;24;FO716000002616;FO716000002652;CS716000000340;;;PA;NC;;71153/USZ/PT 601565;28/07/2023 00:00;;;;
PS716000002384;1;FO716000002624;;CS716000000344;;;AT;NC;;71153/USZ/PT 601566;28/07/2023 00:00;;;;
PS716000002385;2;FO716000002625;;CS716000000344;;;AT;NC;;71153/USZ/PT 601566;28/07/2023 00:00;;;;
PS716000002386;3;FO716000002626;;CS716000000344;;;AT;NC;;71153/USZ/PT 601566;28/07/2023 00:00;;;;
PS716000002387;4;FO716000002627;;CS716000000344;;;AT;NC;;71153/USZ/PT 601566;28/07/2023 00:00;;;;
PS716000002388;5;FO716000002628;;CS716000000344;;;AT;NC;;RESERVEE;28/07/2023 00:00;;;;
PS716000002389;1;FO716000002629;FO716000002665;CS716000000345;;;EP;NC;;71153/USZ/PT 601566;28/07/2023 00:00;;;;
PS716000002390;2;FO716000002630;FO716000002666;CS716000000345;;;EP;NC;;71153/USZ/PT 601566;28/07/2023 00:00;;;;
PS716000002391;3;FO716000002631;FO716000002667;CS716000000345;;;EP;NC;;71153/USZ/PT 601566;28/07/2023 00:00;;;;
PS716000002392;4;FO716000002632;FO716000002668;CS716000000345;;;EP;NC;;71153/USZ/PT 601566;28/07/2023 00:00;;;;
PS716000002393;5;FO716000002633;FO716000002669;CS716000000345;;;EP;NC;;71153/USZ/PT 601566;28/07/2023 00:00;;;;
PS716000002394;6;FO716000002634;FO716000002670;CS716000000345;;;EP;NC;;71153/USZ/PT 601566;28/07/2023 00:00;;;;
PS716000002395;1;FO716000002635;FO716000002707;CS716000000346;;;PA;NC;;71153/USZ/PT 601566;28/07/2023 00:00;;;;
PS716000002396;2;FO716000002636;FO716000002708;CS716000000346;;;PA;NC;;71153/USZ/PT 601566;28/07/2023 00:00;;;;
PS716000002397;3;FO716000002637;FO716000002709;CS716000000346;;;PA;NC;;71153/USZ/PT 601566;28/07/2023 00:00;;;;
PS716000002398;4;FO716000002638;FO716000002710;CS716000000346;;;PA;NC;;71153/USZ/PT 601566;28/07/2023 00:00;;;;
PS716000002399;5;FO716000002639;FO716000002711;CS716000000346;;;PA;NC;;71153/USZ/PT 601566;28/07/2023 00:00;;;;
PS716000002400;6;FO716000002640;FO716000002712;CS716000000346;;;PA;NC;;71153/USZ/PT 601566;28/07/2023 00:00;;;;
PS716000002401;7;FO716000002641;FO716000002713;CS716000000346;;;PA;NC;;71153/USZ/PT 601566;28/07/2023 00:00;;;;
PS716000002402;8;FO716000002642;FO716000002714;CS716000000346;;;PA;NC;;71153/USZ/PT 601566;28/07/2023 00:00;;;;
PS716000002403;9;FO716000002643;FO716000002715;CS716000000346;;;PA;NC;;71153/USZ/PT 601566;28/07/2023 00:00;;;;
PS716000002404;10;FO716000002644;FO716000002716;CS716000000346;;;PA;NC;;71153/USZ/PT 601566;28/07/2023 00:00;;;;
PS716000002405;11;FO716000002645;FO716000002717;CS716000000346;;;PA;NC;;71153/USZ/PT 601566;28/07/2023 00:00;;;;
PS716000002406;12;FO716000002646;FO716000002718;CS716000000346;;;PA;NC;;71153/USZ/PT 601566;28/07/2023 00:00;;;;
PS716000002407;13;FO716000002647;FO716000002719;CS716000000346;;;PA;NC;;71153/USZ/PT 601566;28/07/2023 00:00;;;;
PS716000002408;14;FO716000002648;FO716000002720;CS716000000346;;;PA;NC;;71153/USZ/PT 601566;28/07/2023 00:00;;;;
PS716000002409;15;FO716000002649;FO716000002721;CS716000000346;;;PA;NC;;71153/USZ/PT 601566;28/07/2023 00:00;;;;
PS716000002410;16;FO716000002650;FO716000002722;CS716000000346;;;PA;NC;;71153/USZ/PT 601566;28/07/2023 00:00;;;;
PS716000002411;17;FO716000002651;FO716000002723;CS716000000346;;;PA;NC;;71153/USZ/PT 601566;28/07/2023 00:00;;;;
PS716000002412;18;FO716000002652;FO716000002724;CS716000000346;;;PA;NC;;71153/USZ/PT 601566;28/07/2023 00:00;;;;
PS716000002413;1;FO716000002665;;CS716000000349;;;AT;NC;;71153/USZ/PT 601567;28/07/2023 00:00;;;;
PS716000002414;2;FO716000002666;;CS716000000349;;;AT;NC;;71153/USZ/PT 601567;28/07/2023 00:00;;;;
PS716000002415;3;FO716000002667;;CS716000000349;;;AT;NC;;71153/USZ/PT 601567;28/07/2023 00:00;;;;
PS716000002416;4;FO716000002668;;CS716000000349;;;AT;NC;;RESERVEE;28/07/2023 00:00;;;;
PS716000002417;5;FO716000002669;;CS716000000349;;;AT;NC;;RESERVEE;28/07/2023 00:00;;;;
PS716000002418;6;FO716000002670;;CS716000000349;;;AT;NC;;RESERVEE;28/07/2023 00:00;;;;
PS716000002419;1;FO716000002707;;CS716000000353;;;AT;NC;;71153/USZ/PT 601568;28/07/2023 00:00;;;;
PS716000002420;2;FO716000002708;;CS716000000353;;;AT;NC;;71153/USZ/PT 601568;28/07/2023 00:00;;;;
PS716000002421;3;FO716000002709;;CS716000000353;;;AT;NC;;71153/USZ/PT 601568;28/07/2023 00:00;;;;
PS716000002422;4;FO716000002710;;CS716000000353;;;AT;NC;;71153/USZ/PT 601568;28/07/2023 00:00;;;;
PS716000002423;5;FO716000002711;;CS716000000353;;;AT;NC;;71153/USZ/PT 601568;28/07/2023 00:00;;;;
PS716000002424;6;FO716000002712;;CS716000000353;;;AT;NC;;RESERVEE;28/07/2023 00:00;;;;
PS716000002425;1;FO716000002713;FO716000002749;CS716000000354;;;PA;NC;;71153/USZ/PT 601568;28/07/2023 00:00;;;;
PS716000002426;2;FO716000002714;FO716000002750;CS716000000354;;;PA;NC;;71153/USZ/PT 601568;28/07/2023 00:00;;;;
PS716000002427;3;FO716000002715;FO716000002751;CS716000000354;;;PA;NC;;71153/USZ/PT 601568;28/07/2023 00:00;;;;
PS716000002428;4;FO716000002716;FO716000002752;CS716000000354;;;PA;NC;;71153/USZ/PT 601568;28/07/2023 00:00;;;;
PS716000002429;5;FO716000002717;FO716000002753;CS716000000354;;;PA;NC;;71153/USZ/PT 601568;28/07/2023 00:00;;;;
PS716000002430;6;FO716000002718;FO716000002754;CS716000000354;;;PA;NC;;71153/USZ/PT 601568;28/07/2023 00:00;;;;
PS716000002431;7;FO716000002719;FO716000002755;CS716000000354;;;PA;NC;;71153/USZ/PT 601568;28/07/2023 00:00;;;;
PS716000002432;8;FO716000002720;FO716000002756;CS716000000354;;;PA;NC;;71153/USZ/PT 601568;28/07/2023 00:00;;;;
PS716000002433;9;FO716000002721;FO716000002757;CS716000000354;;;PA;NC;;71153/USZ/PT 601568;28/07/2023 00:00;;;;
PS716000002434;10;FO716000002722;FO716000002758;CS716000000354;;;PA;NC;;71153/USZ/PT 601568;28/07/2023 00:00;;;;
PS716000002435;11;FO716000002723;FO716000002759;CS716000000354;;;PA;NC;;71153/USZ/PT 601568;28/07/2023 00:00;;;;
PS716000002436;12;FO716000002724;FO716000002760;CS716000000354;;;PA;NC;;71153/USZ/PT 601568;28/07/2023 00:00;;;;
PS716000002437;1;FO716000002749;;CS716000000356;;;AT;NC;;71153/USZ/PT 601569;28/07/2023 00:00;;;;
PS716000002438;2;FO716000002750;;CS716000000356;;;AT;NC;;71153/USZ/PT 601569;28/07/2023 00:00;;;;
PS716000002439;3;FO716000002751;FO716000002787;CS716000000356;;;PA;NC;;71153/USZ/PT 601569;28/07/2023 00:00;;;;
PS716000002440;4;FO716000002752;FO716000002788;CS716000000356;;;PA;NC;;71153/USZ/PT 601569;28/07/2023 00:00;;;;
PS716000002441;5;FO716000002753;FO716000002789;CS716000000356;;;PA;NC;;71153/USZ/PT 601569;28/07/2023 00:00;;;;
PS716000002442;6;FO716000002754;FO716000002790;CS716000000356;;;PA;NC;;71153/USZ/PT 601569;28/07/2023 00:00;;;;
PS716000002443;1;FO716000002755;FO716000002791;CS716000000357;;;PA;NC;;71153/USZ/PT 601569;28/07/2023 00:00;;;;
PS716000002444;2;FO716000002756;FO716000002792;CS716000000357;;;PA;NC;;71153/USZ/PT 601569;28/07/2023 00:00;;;;
PS716000002445;3;FO716000002757;FO716000002793;CS716000000357;;;PA;NC;;71153/USZ/PT 601569;28/07/2023 00:00;;;;
PS716000002446;4;FO716000002758;FO716000002794;CS716000000357;;;PA;NC;;71153/USZ/PT 601569;28/07/2023 00:00;;;;
PS716000002447;5;FO716000002759;FO716000002795;CS716000000357;;;PA;NC;;71153/USZ/PT 601569;28/07/2023 00:00;;;;
PS716000002448;6;FO716000002760;FO716000002796;CS716000000357;;;PA;NC;;71153/USZ/PT 601569;28/07/2023 00:00;;;;
PS716000002449;1;FO716000002787;;CS716000000358;;;AT;NC;;71153/USZ/PT 601570;28/07/2023 00:00;;;;
PS716000002450;2;FO716000002788;;CS716000000358;;;AT;NC;;71153/USZ/PT 601570;28/07/2023 00:00;;;;
PS716000002451;3;FO716000002789;;CS716000000358;;;AT;NC;;71153/USZ/PT 601570;28/07/2023 00:00;;;;
PS716000002452;4;FO716000002790;;CS716000000358;;;AT;NC;;RESERVEE;28/07/2023 00:00;;;;
PS716000002453;1;FO716000002791;FO716000002827;CS716000000359;;;PA;NC;;71153/USZ/PT 601570;28/07/2023 00:00;;;;
PS716000002454;2;FO716000002792;FO716000002828;CS716000000359;;;PA;NC;;71153/USZ/PT 601570;28/07/2023 00:00;;;;
PS716000002455;3;FO716000002793;FO716000002829;CS716000000359;;;PA;NC;;71153/USZ/PT 601570;28/07/2023 00:00;;;;
PS716000002456;4;FO716000002794;FO716000002830;CS716000000359;;;PA;NC;;71153/USZ/PT 601570;28/07/2023 00:00;;;;
PS716000002457;5;FO716000002795;FO716000002831;CS716000000359;;;PA;NC;;71153/USZ/PT 601570;28/07/2023 00:00;;;;
PS716000002458;6;FO716000002796;FO716000002832;CS716000000359;;;PA;NC;;71153/USZ/PT 601570;28/07/2023 00:00;;;;
PS716000002459;1;FO716000002827;;CS716000000360;;;AT;NC;;71153/USZ/PT 601571;28/07/2023 00:00;;;;
PS716000002460;2;FO716000002828;;CS716000000360;;;AT;NC;;RESERVEE;28/07/2023 00:00;;;;
PS716000002461;3;FO716000002829;;CS716000000360;;;AT;NC;;RESERVEE;28/07/2023 00:00;;;;
PS716000002462;4;FO716000002830;FO716000002866;CS716000000360;;;PA;NC;;71153/USZ/PT 601571;28/07/2023 00:00;;;;
PS716000002463;5;FO716000002831;FO716000002867;CS716000000360;;;PA;NC;;71153/USZ/PT 601571;28/07/2023 00:00;;;;
PS716000002464;6;FO716000002832;FO716000002868;CS716000000360;;;PA;NC;;71153/USZ/PT 601571;28/07/2023 00:00;;;;
PS716000002465;1;FO716000002866;;CS716000000361;;;AT;NC;;71153/USZ/PT 601572;28/07/2023 00:00;;;;
PS716000002466;2;FO716000002867;;CS716000000361;;;AT;NC;;RESERVEE;28/07/2023 00:00;;;;
PS716000002467;3;FO716000002868;;CS716000000361;;;AT;NC;;RESERVEE;28/07/2023 00:00;;;;
PS716000002468;1;FO716000002875;;CS716000000362;;;AT;NC;;71153/USZ/PT 601573;28/07/2023 00:00;;;;
PS716000002469;2;FO716000002876;;CS716000000362;;;AT;NC;;RESERVEE;28/07/2023 00:00;;;;
PS716000002470;3;FO716000002877;;CS716000000362;;;AT;NC;;RESERVEE;28/07/2023 00:00;;;;
PS716000002471;4;FO716000002878;;CS716000000362;;;AT;NC;;RESERVEE;28/07/2023 00:00;;;;
PS716000002472;5;FO716000002879;;CS716000000362;;;AT;NC;;RESERVEE;28/07/2023 00:00;;;;
PS716000002473;6;FO716000002880;;CS716000000362;;;AT;NC;;RESERVEE;28/07/2023 00:00;;;;
PS716000002474;1;FO716000002899;;CS716000000363;;;AT;NC;;71153/USZ/PT 601574;28/07/2023 00:00;;;;
PS716000002475;2;FO716000002900;;CS716000000363;;;AT;NC;;71153/USZ/PT 601574;28/07/2023 00:00;;;;
PS716000002476;3;FO716000002901;;CS716000000363;;;AT;NC;;71153/USZ/PT 601574;28/07/2023 00:00;;;;
PS716000002477;4;FO716000002902;;CS716000000363;;;AT;NC;;71153/USZ/PT 601574;28/07/2023 00:00;;;;
PS716000002478;5;FO716000002903;;CS716000000363;;;AT;NC;;71153/USZ/PT 601574;28/07/2023 00:00;;;;
PS716000002479;6;FO716000002904;;CS716000000363;;;AT;NC;;RESERVEE;28/07/2023 00:00;;;;
