fo_code;fo_code_ext;fo_cb_code;fo_nincab;fo_numtub;fo_nintub;fo_type;fo_etat;fo_color;fo_reper;fo_proptyp;fo_comment;fo_creadat;fo_majdate;fo_majsrc;fo_abddate;fo_abdsrc
FO716000000001;"71153/USZ/TR 60 1470;1;1";CB716000000001;1;1;1;G657A2;NC;1;1.1;CST;;29/08/2022 00:00;;;;
FO716000000002;"71153/USZ/TR 60 1470;1;2";CB716000000001;2;1;2;G657A2;NC;2;1.2;CST;;29/08/2022 00:00;;;;
FO716000000003;"71153/USZ/TR 60 1470;1;3";CB716000000001;3;1;3;G657A2;NC;3;1.3;CST;;29/08/2022 00:00;;;;
FO716000000004;"71153/USZ/TR 60 1470;1;4";CB716000000001;4;1;4;G657A2;NC;4;1.4;CST;;29/08/2022 00:00;;;;
FO716000000005;"71153/USZ/TR 60 1470;1;5";CB716000000001;5;1;5;G657A2;NC;5;1.5;CST;;29/08/2022 00:00;;;;
FO716000000006;"71153/USZ/TR 60 1470;1;6";CB716000000001;6;1;6;G657A2;NC;6;1.6;CST;;29/08/2022 00:00;;;;
FO716000000007;"71153/USZ/TR 60 1470;2;1";CB716000000001;7;2;1;G657A2;NC;1;1.1;CST;;29/08/2022 00:00;;;;
FO716000000008;"71153/USZ/TR 60 1470;2;2";CB716000000001;8;2;2;G657A2;NC;2;1.2;CST;;29/08/2022 00:00;;;;
FO716000000009;"71153/USZ/TR 60 1470;2;3";CB716000000001;9;2;3;G657A2;NC;3;1.3;CST;;29/08/2022 00:00;;;;
FO716000000010;"71153/USZ/TR 60 1470;2;4";CB716000000001;10;2;4;G657A2;NC;4;1.4;CST;;29/08/2022 00:00;;;;
FO716000000011;"71153/USZ/TR 60 1470;2;5";CB716000000001;11;2;5;G657A2;NC;5;1.5;CST;;29/08/2022 00:00;;;;
FO716000000012;"71153/USZ/TR 60 1470;2;6";CB716000000001;12;2;6;G657A2;NC;6;1.6;CST;;29/08/2022 00:00;;;;
FO716000000013;"71153/USZ/TR 60 1470;3;1";CB716000000001;13;3;1;G657A2;NC;1;1.1;CST;;29/08/2022 00:00;;;;
FO716000000014;"71153/USZ/TR 60 1470;3;2";CB716000000001;14;3;2;G657A2;NC;2;1.2;CST;;29/08/2022 00:00;;;;
FO716000000015;"71153/USZ/TR 60 1470;3;3";CB716000000001;15;3;3;G657A2;NC;3;1.3;CST;;29/08/2022 00:00;;;;
FO716000000016;"71153/USZ/TR 60 1470;3;4";CB716000000001;16;3;4;G657A2;NC;4;1.4;CST;;29/08/2022 00:00;;;;
FO716000000017;"71153/USZ/TR 60 1470;3;5";CB716000000001;17;3;5;G657A2;NC;5;1.5;CST;;29/08/2022 00:00;;;;
FO716000000018;"71153/USZ/TR 60 1470;3;6";CB716000000001;18;3;6;G657A2;NC;6;1.6;CST;;29/08/2022 00:00;;;;
FO716000000019;"71153/USZ/TR 60 1470;4;1";CB716000000001;19;4;1;G657A2;NC;1;1.1;CST;;29/08/2022 00:00;;;;
FO716000000020;"71153/USZ/TR 60 1470;4;2";CB716000000001;20;4;2;G657A2;NC;2;1.2;CST;;29/08/2022 00:00;;;;
FO716000000021;"71153/USZ/TR 60 1470;4;3";CB716000000001;21;4;3;G657A2;NC;3;1.3;CST;;29/08/2022 00:00;;;;
FO716000000022;"71153/USZ/TR 60 1470;4;4";CB716000000001;22;4;4;G657A2;NC;4;1.4;CST;;29/08/2022 00:00;;;;
FO716000000023;"71153/USZ/TR 60 1470;4;5";CB716000000001;23;4;5;G657A2;NC;5;1.5;CST;;29/08/2022 00:00;;;;
FO716000000024;"71153/USZ/TR 60 1470;4;6";CB716000000001;24;4;6;G657A2;NC;6;1.6;CST;;29/08/2022 00:00;;;;
FO716000000025;"71153/USZ/TR 60 1470;5;1";CB716000000001;25;5;1;G657A2;NC;1;1.1;CST;;29/08/2022 00:00;;;;
FO716000000026;"71153/USZ/TR 60 1470;5;2";CB716000000001;26;5;2;G657A2;NC;2;1.2;CST;;29/08/2022 00:00;;;;
FO716000000027;"71153/USZ/TR 60 1470;5;3";CB716000000001;27;5;3;G657A2;NC;3;1.3;CST;;29/08/2022 00:00;;;;
FO716000000028;"71153/USZ/TR 60 1470;5;4";CB716000000001;28;5;4;G657A2;NC;4;1.4;CST;;29/08/2022 00:00;;;;
FO716000000029;"71153/USZ/TR 60 1470;5;5";CB716000000001;29;5;5;G657A2;NC;5;1.5;CST;;29/08/2022 00:00;;;;
FO716000000030;"71153/USZ/TR 60 1470;5;6";CB716000000001;30;5;6;G657A2;NC;6;1.6;CST;;29/08/2022 00:00;;;;
FO716000000031;"71153/USZ/TR 60 1470;6;1";CB716000000001;31;6;1;G657A2;NC;1;1.1;CST;;29/08/2022 00:00;;;;
FO716000000032;"71153/USZ/TR 60 1470;6;2";CB716000000001;32;6;2;G657A2;NC;2;1.2;CST;;29/08/2022 00:00;;;;
FO716000000033;"71153/USZ/TR 60 1470;6;3";CB716000000001;33;6;3;G657A2;NC;3;1.3;CST;;29/08/2022 00:00;;;;
FO716000000034;"71153/USZ/TR 60 1470;6;4";CB716000000001;34;6;4;G657A2;NC;4;1.4;CST;;29/08/2022 00:00;;;;
FO716000000035;"71153/USZ/TR 60 1470;6;5";CB716000000001;35;6;5;G657A2;NC;5;1.5;CST;;29/08/2022 00:00;;;;
FO716000000036;"71153/USZ/TR 60 1470;6;6";CB716000000001;36;6;6;G657A2;NC;6;1.6;CST;;29/08/2022 00:00;;;;
FO716000000037;"71153/USZ/TR 60 1470;7;1";CB716000000001;37;7;1;G657A2;NC;1;1.1;CST;;29/08/2022 00:00;;;;
FO716000000038;"71153/USZ/TR 60 1470;7;2";CB716000000001;38;7;2;G657A2;NC;2;1.2;CST;;29/08/2022 00:00;;;;
FO716000000039;"71153/USZ/TR 60 1470;7;3";CB716000000001;39;7;3;G657A2;NC;3;1.3;CST;;29/08/2022 00:00;;;;
FO716000000040;"71153/USZ/TR 60 1470;7;4";CB716000000001;40;7;4;G657A2;NC;4;1.4;CST;;29/08/2022 00:00;;;;
FO716000000041;"71153/USZ/TR 60 1470;7;5";CB716000000001;41;7;5;G657A2;NC;5;1.5;CST;;29/08/2022 00:00;;;;
FO716000000042;"71153/USZ/TR 60 1470;7;6";CB716000000001;42;7;6;G657A2;NC;6;1.6;CST;;29/08/2022 00:00;;;;
FO716000000043;"71153/USZ/TR 60 1470;8;1";CB716000000001;43;8;1;G657A2;NC;1;1.1;CST;;29/08/2022 00:00;;;;
FO716000000044;"71153/USZ/TR 60 1470;8;2";CB716000000001;44;8;2;G657A2;NC;2;1.2;CST;;29/08/2022 00:00;;;;
FO716000000045;"71153/USZ/TR 60 1470;8;3";CB716000000001;45;8;3;G657A2;NC;3;1.3;CST;;29/08/2022 00:00;;;;
FO716000000046;"71153/USZ/TR 60 1470;8;4";CB716000000001;46;8;4;G657A2;NC;4;1.4;CST;;29/08/2022 00:00;;;;
FO716000000047;"71153/USZ/TR 60 1470;8;5";CB716000000001;47;8;5;G657A2;NC;5;1.5;CST;;29/08/2022 00:00;;;;
FO716000000048;"71153/USZ/TR 60 1470;8;6";CB716000000001;48;8;6;G657A2;NC;6;1.6;CST;;29/08/2022 00:00;;;;
FO716000000049;"71153/USZ/TR 60 1470;9;1";CB716000000001;49;9;1;G657A2;NC;1;1.1;CST;;29/08/2022 00:00;;;;
FO716000000050;"71153/USZ/TR 60 1470;9;2";CB716000000001;50;9;2;G657A2;NC;2;1.2;CST;;29/08/2022 00:00;;;;
FO716000000051;"71153/USZ/TR 60 1470;9;3";CB716000000001;51;9;3;G657A2;NC;3;1.3;CST;;29/08/2022 00:00;;;;
FO716000000052;"71153/USZ/TR 60 1470;9;4";CB716000000001;52;9;4;G657A2;NC;4;1.4;CST;;29/08/2022 00:00;;;;
FO716000000053;"71153/USZ/TR 60 1470;9;5";CB716000000001;53;9;5;G657A2;NC;5;1.5;CST;;29/08/2022 00:00;;;;
FO716000000054;"71153/USZ/TR 60 1470;9;6";CB716000000001;54;9;6;G657A2;NC;6;1.6;CST;;29/08/2022 00:00;;;;
FO716000000055;"71153/USZ/TR 60 1470;10;1";CB716000000001;55;10;1;G657A2;NC;1;1.1;CST;;29/08/2022 00:00;;;;
FO716000000056;"71153/USZ/TR 60 1470;10;2";CB716000000001;56;10;2;G657A2;NC;2;1.2;CST;;29/08/2022 00:00;;;;
FO716000000057;"71153/USZ/TR 60 1470;10;3";CB716000000001;57;10;3;G657A2;NC;3;1.3;CST;;29/08/2022 00:00;;;;
FO716000000058;"71153/USZ/TR 60 1470;10;4";CB716000000001;58;10;4;G657A2;NC;4;1.4;CST;;29/08/2022 00:00;;;;
FO716000000059;"71153/USZ/TR 60 1470;10;5";CB716000000001;59;10;5;G657A2;NC;5;1.5;CST;;29/08/2022 00:00;;;;
FO716000000060;"71153/USZ/TR 60 1470;10;6";CB716000000001;60;10;6;G657A2;NC;6;1.6;CST;;29/08/2022 00:00;;;;
FO716000000061;"71153/USZ/TR 60 1470;11;1";CB716000000001;61;11;1;G657A2;NC;1;1.1;CST;;29/08/2022 00:00;;;;
FO716000000062;"71153/USZ/TR 60 1470;11;2";CB716000000001;62;11;2;G657A2;NC;2;1.2;CST;;29/08/2022 00:00;;;;
FO716000000063;"71153/USZ/TR 60 1470;11;3";CB716000000001;63;11;3;G657A2;NC;3;1.3;CST;;29/08/2022 00:00;;;;
FO716000000064;"71153/USZ/TR 60 1470;11;4";CB716000000001;64;11;4;G657A2;NC;4;1.4;CST;;29/08/2022 00:00;;;;
FO716000000065;"71153/USZ/TR 60 1470;11;5";CB716000000001;65;11;5;G657A2;NC;5;1.5;CST;;29/08/2022 00:00;;;;
FO716000000066;"71153/USZ/TR 60 1470;11;6";CB716000000001;66;11;6;G657A2;NC;6;1.6;CST;;29/08/2022 00:00;;;;
FO716000000067;"71153/USZ/TR 60 1470;12;1";CB716000000001;67;12;1;G657A2;NC;1;1.1;CST;;29/08/2022 00:00;;;;
FO716000000068;"71153/USZ/TR 60 1470;12;2";CB716000000001;68;12;2;G657A2;NC;2;1.2;CST;;29/08/2022 00:00;;;;
FO716000000069;"71153/USZ/TR 60 1470;12;3";CB716000000001;69;12;3;G657A2;NC;3;1.3;CST;;29/08/2022 00:00;;;;
FO716000000070;"71153/USZ/TR 60 1470;12;4";CB716000000001;70;12;4;G657A2;NC;4;1.4;CST;;29/08/2022 00:00;;;;
FO716000000071;"71153/USZ/TR 60 1470;12;5";CB716000000001;71;12;5;G657A2;NC;5;1.5;CST;;29/08/2022 00:00;;;;
FO716000000072;"71153/USZ/TR 60 1470;12;6";CB716000000001;72;12;6;G657A2;NC;6;1.6;CST;;29/08/2022 00:00;;;;
FO716000000073;"71153/USZ/TR 60 1470;13;1";CB716000000001;73;13;1;G657A2;NC;1;1.1;CST;;29/08/2022 00:00;;;;
FO716000000074;"71153/USZ/TR 60 1470;13;2";CB716000000001;74;13;2;G657A2;NC;2;1.2;CST;;29/08/2022 00:00;;;;
FO716000000075;"71153/USZ/TR 60 1470;13;3";CB716000000001;75;13;3;G657A2;NC;3;1.3;CST;;29/08/2022 00:00;;;;
FO716000000076;"71153/USZ/TR 60 1470;13;4";CB716000000001;76;13;4;G657A2;NC;4;1.4;CST;;29/08/2022 00:00;;;;
FO716000000077;"71153/USZ/TR 60 1470;13;5";CB716000000001;77;13;5;G657A2;NC;5;1.5;CST;;29/08/2022 00:00;;;;
FO716000000078;"71153/USZ/TR 60 1470;13;6";CB716000000001;78;13;6;G657A2;NC;6;1.6;CST;;29/08/2022 00:00;;;;
FO716000000079;"71153/USZ/TR 60 1470;14;1";CB716000000001;79;14;1;G657A2;NC;1;1.1;CST;;29/08/2022 00:00;;;;
FO716000000080;"71153/USZ/TR 60 1470;14;2";CB716000000001;80;14;2;G657A2;NC;2;1.2;CST;;29/08/2022 00:00;;;;
FO716000000081;"71153/USZ/TR 60 1470;14;3";CB716000000001;81;14;3;G657A2;NC;3;1.3;CST;;29/08/2022 00:00;;;;
FO716000000082;"71153/USZ/TR 60 1470;14;4";CB716000000001;82;14;4;G657A2;NC;4;1.4;CST;;29/08/2022 00:00;;;;
FO716000000083;"71153/USZ/TR 60 1470;14;5";CB716000000001;83;14;5;G657A2;NC;5;1.5;CST;;29/08/2022 00:00;;;;
FO716000000084;"71153/USZ/TR 60 1470;14;6";CB716000000001;84;14;6;G657A2;NC;6;1.6;CST;;29/08/2022 00:00;;;;
FO716000000085;"71153/USZ/TR 60 1470;15;1";CB716000000001;85;15;1;G657A2;NC;1;1.1;CST;;29/08/2022 00:00;;;;
FO716000000086;"71153/USZ/TR 60 1470;15;2";CB716000000001;86;15;2;G657A2;NC;2;1.2;CST;;29/08/2022 00:00;;;;
FO716000000087;"71153/USZ/TR 60 1470;15;3";CB716000000001;87;15;3;G657A2;NC;3;1.3;CST;;29/08/2022 00:00;;;;
FO716000000088;"71153/USZ/TR 60 1470;15;4";CB716000000001;88;15;4;G657A2;NC;4;1.4;CST;;29/08/2022 00:00;;;;
FO716000000089;"71153/USZ/TR 60 1470;15;5";CB716000000001;89;15;5;G657A2;NC;5;1.5;CST;;29/08/2022 00:00;;;;
FO716000000090;"71153/USZ/TR 60 1470;15;6";CB716000000001;90;15;6;G657A2;NC;6;1.6;CST;;29/08/2022 00:00;;;;
FO716000000091;"71153/USZ/TR 60 1470;16;1";CB716000000001;91;16;1;G657A2;NC;1;1.1;CST;;29/08/2022 00:00;;;;
FO716000000092;"71153/USZ/TR 60 1470;16;2";CB716000000001;92;16;2;G657A2;NC;2;1.2;CST;;29/08/2022 00:00;;;;
FO716000000093;"71153/USZ/TR 60 1470;16;3";CB716000000001;93;16;3;G657A2;NC;3;1.3;CST;;29/08/2022 00:00;;;;
FO716000000094;"71153/USZ/TR 60 1470;16;4";CB716000000001;94;16;4;G657A2;NC;4;1.4;CST;;29/08/2022 00:00;;;;
FO716000000095;"71153/USZ/TR 60 1470;16;5";CB716000000001;95;16;5;G657A2;NC;5;1.5;CST;;29/08/2022 00:00;;;;
FO716000000096;"71153/USZ/TR 60 1470;16;6";CB716000000001;96;16;6;G657A2;NC;6;1.6;CST;;29/08/2022 00:00;;;;
FO716000000097;"71153/USZ/TR 60 1470;17;1";CB716000000001;97;17;1;G657A2;NC;1;1.1;CST;;29/08/2022 00:00;;;;
FO716000000098;"71153/USZ/TR 60 1470;17;2";CB716000000001;98;17;2;G657A2;NC;2;1.2;CST;;29/08/2022 00:00;;;;
FO716000000099;"71153/USZ/TR 60 1470;17;3";CB716000000001;99;17;3;G657A2;NC;3;1.3;CST;;29/08/2022 00:00;;;;
FO716000000100;"71153/USZ/TR 60 1470;17;4";CB716000000001;100;17;4;G657A2;NC;4;1.4;CST;;29/08/2022 00:00;;;;
FO716000000101;"71153/USZ/TR 60 1470;17;5";CB716000000001;101;17;5;G657A2;NC;5;1.5;CST;;29/08/2022 00:00;;;;
FO716000000102;"71153/USZ/TR 60 1470;17;6";CB716000000001;102;17;6;G657A2;NC;6;1.6;CST;;29/08/2022 00:00;;;;
FO716000000103;"71153/USZ/TR 60 1470;18;1";CB716000000001;103;18;1;G657A2;NC;1;1.1;CST;;29/08/2022 00:00;;;;
FO716000000104;"71153/USZ/TR 60 1470;18;2";CB716000000001;104;18;2;G657A2;NC;2;1.2;CST;;29/08/2022 00:00;;;;
FO716000000105;"71153/USZ/TR 60 1470;18;3";CB716000000001;105;18;3;G657A2;NC;3;1.3;CST;;29/08/2022 00:00;;;;
FO716000000106;"71153/USZ/TR 60 1470;18;4";CB716000000001;106;18;4;G657A2;NC;4;1.4;CST;;29/08/2022 00:00;;;;
FO716000000107;"71153/USZ/TR 60 1470;18;5";CB716000000001;107;18;5;G657A2;NC;5;1.5;CST;;29/08/2022 00:00;;;;
FO716000000108;"71153/USZ/TR 60 1470;18;6";CB716000000001;108;18;6;G657A2;NC;6;1.6;CST;;29/08/2022 00:00;;;;
FO716000000109;"71153/USZ/TR 60 1470;19;1";CB716000000001;109;19;1;G657A2;NC;1;1.1;CST;;29/08/2022 00:00;;;;
FO716000000110;"71153/USZ/TR 60 1470;19;2";CB716000000001;110;19;2;G657A2;NC;2;1.2;CST;;29/08/2022 00:00;;;;
FO716000000111;"71153/USZ/TR 60 1470;19;3";CB716000000001;111;19;3;G657A2;NC;3;1.3;CST;;29/08/2022 00:00;;;;
FO716000000112;"71153/USZ/TR 60 1470;19;4";CB716000000001;112;19;4;G657A2;NC;4;1.4;CST;;29/08/2022 00:00;;;;
FO716000000113;"71153/USZ/TR 60 1470;19;5";CB716000000001;113;19;5;G657A2;NC;5;1.5;CST;;29/08/2022 00:00;;;;
FO716000000114;"71153/USZ/TR 60 1470;19;6";CB716000000001;114;19;6;G657A2;NC;6;1.6;CST;;29/08/2022 00:00;;;;
FO716000000115;"71153/USZ/TR 60 1470;20;1";CB716000000001;115;20;1;G657A2;NC;1;1.1;CST;;29/08/2022 00:00;;;;
FO716000000116;"71153/USZ/TR 60 1470;20;2";CB716000000001;116;20;2;G657A2;NC;2;1.2;CST;;29/08/2022 00:00;;;;
FO716000000117;"71153/USZ/TR 60 1470;20;3";CB716000000001;117;20;3;G657A2;NC;3;1.3;CST;;29/08/2022 00:00;;;;
FO716000000118;"71153/USZ/TR 60 1470;20;4";CB716000000001;118;20;4;G657A2;NC;4;1.4;CST;;29/08/2022 00:00;;;;
FO716000000119;"71153/USZ/TR 60 1470;20;5";CB716000000001;119;20;5;G657A2;NC;5;1.5;CST;;29/08/2022 00:00;;;;
FO716000000120;"71153/USZ/TR 60 1470;20;6";CB716000000001;120;20;6;G657A2;NC;6;1.6;CST;;29/08/2022 00:00;;;;
FO716000000121;"71153/USZ/TR 60 1470;21;1";CB716000000001;121;21;1;G657A2;NC;1;1.1;CST;;29/08/2022 00:00;;;;
FO716000000122;"71153/USZ/TR 60 1470;21;2";CB716000000001;122;21;2;G657A2;NC;2;1.2;CST;;29/08/2022 00:00;;;;
FO716000000123;"71153/USZ/TR 60 1470;21;3";CB716000000001;123;21;3;G657A2;NC;3;1.3;CST;;29/08/2022 00:00;;;;
FO716000000124;"71153/USZ/TR 60 1470;21;4";CB716000000001;124;21;4;G657A2;NC;4;1.4;CST;;29/08/2022 00:00;;;;
FO716000000125;"71153/USZ/TR 60 1470;21;5";CB716000000001;125;21;5;G657A2;NC;5;1.5;CST;;29/08/2022 00:00;;;;
FO716000000126;"71153/USZ/TR 60 1470;21;6";CB716000000001;126;21;6;G657A2;NC;6;1.6;CST;;29/08/2022 00:00;;;;
FO716000000127;"71153/USZ/TR 60 1470;22;1";CB716000000001;127;22;1;G657A2;NC;1;1.1;CST;;29/08/2022 00:00;;;;
FO716000000128;"71153/USZ/TR 60 1470;22;2";CB716000000001;128;22;2;G657A2;NC;2;1.2;CST;;29/08/2022 00:00;;;;
FO716000000129;"71153/USZ/TR 60 1470;22;3";CB716000000001;129;22;3;G657A2;NC;3;1.3;CST;;29/08/2022 00:00;;;;
FO716000000130;"71153/USZ/TR 60 1470;22;4";CB716000000001;130;22;4;G657A2;NC;4;1.4;CST;;29/08/2022 00:00;;;;
FO716000000131;"71153/USZ/TR 60 1470;22;5";CB716000000001;131;22;5;G657A2;NC;5;1.5;CST;;29/08/2022 00:00;;;;
FO716000000132;"71153/USZ/TR 60 1470;22;6";CB716000000001;132;22;6;G657A2;NC;6;1.6;CST;;29/08/2022 00:00;;;;
FO716000000133;"71153/USZ/TR 60 1470;23;1";CB716000000001;133;23;1;G657A2;NC;1;1.1;CST;;29/08/2022 00:00;;;;
FO716000000134;"71153/USZ/TR 60 1470;23;2";CB716000000001;134;23;2;G657A2;NC;2;1.2;CST;;29/08/2022 00:00;;;;
FO716000000135;"71153/USZ/TR 60 1470;23;3";CB716000000001;135;23;3;G657A2;NC;3;1.3;CST;;29/08/2022 00:00;;;;
FO716000000136;"71153/USZ/TR 60 1470;23;4";CB716000000001;136;23;4;G657A2;NC;4;1.4;CST;;29/08/2022 00:00;;;;
FO716000000137;"71153/USZ/TR 60 1470;23;5";CB716000000001;137;23;5;G657A2;NC;5;1.5;CST;;29/08/2022 00:00;;;;
FO716000000138;"71153/USZ/TR 60 1470;23;6";CB716000000001;138;23;6;G657A2;NC;6;1.6;CST;;29/08/2022 00:00;;;;
FO716000000139;"71153/USZ/TR 60 1470;24;1";CB716000000001;139;24;1;G657A2;NC;1;1.1;CST;;29/08/2022 00:00;;;;
FO716000000140;"71153/USZ/TR 60 1470;24;2";CB716000000001;140;24;2;G657A2;NC;2;1.2;CST;;29/08/2022 00:00;;;;
FO716000000141;"71153/USZ/TR 60 1470;24;3";CB716000000001;141;24;3;G657A2;NC;3;1.3;CST;;29/08/2022 00:00;;;;
FO716000000142;"71153/USZ/TR 60 1470;24;4";CB716000000001;142;24;4;G657A2;NC;4;1.4;CST;;29/08/2022 00:00;;;;
FO716000000143;"71153/USZ/TR 60 1470;24;5";CB716000000001;143;24;5;G657A2;NC;5;1.5;CST;;29/08/2022 00:00;;;;
FO716000000144;"71153/USZ/TR 60 1470;24;6";CB716000000001;144;24;6;G657A2;NC;6;1.6;CST;;29/08/2022 00:00;;;;
FO716000000145;"71153/USZ/TR 60 1471;1;1";CB716000000002;1;1;1;G657A2;NC;1;1.1;CST;;29/08/2022 00:00;;;;
FO716000000146;"71153/USZ/TR 60 1471;1;2";CB716000000002;2;1;2;G657A2;NC;2;1.2;CST;;29/08/2022 00:00;;;;
FO716000000147;"71153/USZ/TR 60 1471;1;3";CB716000000002;3;1;3;G657A2;NC;3;1.3;CST;;29/08/2022 00:00;;;;
FO716000000148;"71153/USZ/TR 60 1471;1;4";CB716000000002;4;1;4;G657A2;NC;4;1.4;CST;;29/08/2022 00:00;;;;
FO716000000149;"71153/USZ/TR 60 1471;1;5";CB716000000002;5;1;5;G657A2;NC;5;1.5;CST;;29/08/2022 00:00;;;;
FO716000000150;"71153/USZ/TR 60 1471;1;6";CB716000000002;6;1;6;G657A2;NC;6;1.6;CST;;29/08/2022 00:00;;;;
FO716000000151;"71153/USZ/TR 60 1471;2;1";CB716000000002;7;2;1;G657A2;NC;1;1.1;CST;;29/08/2022 00:00;;;;
FO716000000152;"71153/USZ/TR 60 1471;2;2";CB716000000002;8;2;2;G657A2;NC;2;1.2;CST;;29/08/2022 00:00;;;;
FO716000000153;"71153/USZ/TR 60 1471;2;3";CB716000000002;9;2;3;G657A2;NC;3;1.3;CST;;29/08/2022 00:00;;;;
FO716000000154;"71153/USZ/TR 60 1471;2;4";CB716000000002;10;2;4;G657A2;NC;4;1.4;CST;;29/08/2022 00:00;;;;
FO716000000155;"71153/USZ/TR 60 1471;2;5";CB716000000002;11;2;5;G657A2;NC;5;1.5;CST;;29/08/2022 00:00;;;;
FO716000000156;"71153/USZ/TR 60 1471;2;6";CB716000000002;12;2;6;G657A2;NC;6;1.6;CST;;29/08/2022 00:00;;;;
FO716000000157;"71153/USZ/TR 60 1471;3;1";CB716000000002;13;3;1;G657A2;NC;1;1.1;CST;;29/08/2022 00:00;;;;
FO716000000158;"71153/USZ/TR 60 1471;3;2";CB716000000002;14;3;2;G657A2;NC;2;1.2;CST;;29/08/2022 00:00;;;;
FO716000000159;"71153/USZ/TR 60 1471;3;3";CB716000000002;15;3;3;G657A2;NC;3;1.3;CST;;29/08/2022 00:00;;;;
FO716000000160;"71153/USZ/TR 60 1471;3;4";CB716000000002;16;3;4;G657A2;NC;4;1.4;CST;;29/08/2022 00:00;;;;
FO716000000161;"71153/USZ/TR 60 1471;3;5";CB716000000002;17;3;5;G657A2;NC;5;1.5;CST;;29/08/2022 00:00;;;;
FO716000000162;"71153/USZ/TR 60 1471;3;6";CB716000000002;18;3;6;G657A2;NC;6;1.6;CST;;29/08/2022 00:00;;;;
FO716000000163;"71153/USZ/TR 60 1471;4;1";CB716000000002;19;4;1;G657A2;NC;1;1.1;CST;;29/08/2022 00:00;;;;
FO716000000164;"71153/USZ/TR 60 1471;4;2";CB716000000002;20;4;2;G657A2;NC;2;1.2;CST;;29/08/2022 00:00;;;;
FO716000000165;"71153/USZ/TR 60 1471;4;3";CB716000000002;21;4;3;G657A2;NC;3;1.3;CST;;29/08/2022 00:00;;;;
FO716000000166;"71153/USZ/TR 60 1471;4;4";CB716000000002;22;4;4;G657A2;NC;4;1.4;CST;;29/08/2022 00:00;;;;
FO716000000167;"71153/USZ/TR 60 1471;4;5";CB716000000002;23;4;5;G657A2;NC;5;1.5;CST;;29/08/2022 00:00;;;;
FO716000000168;"71153/USZ/TR 60 1471;4;6";CB716000000002;24;4;6;G657A2;NC;6;1.6;CST;;29/08/2022 00:00;;;;
FO716000000169;"71153/USZ/TR 60 1471;5;1";CB716000000002;25;5;1;G657A2;NC;1;1.1;CST;;29/08/2022 00:00;;;;
FO716000000170;"71153/USZ/TR 60 1471;5;2";CB716000000002;26;5;2;G657A2;NC;2;1.2;CST;;29/08/2022 00:00;;;;
FO716000000171;"71153/USZ/TR 60 1471;5;3";CB716000000002;27;5;3;G657A2;NC;3;1.3;CST;;29/08/2022 00:00;;;;
FO716000000172;"71153/USZ/TR 60 1471;5;4";CB716000000002;28;5;4;G657A2;NC;4;1.4;CST;;29/08/2022 00:00;;;;
FO716000000173;"71153/USZ/TR 60 1471;5;5";CB716000000002;29;5;5;G657A2;NC;5;1.5;CST;;29/08/2022 00:00;;;;
FO716000000174;"71153/USZ/TR 60 1471;5;6";CB716000000002;30;5;6;G657A2;NC;6;1.6;CST;;29/08/2022 00:00;;;;
FO716000000175;"71153/USZ/TR 60 1471;6;1";CB716000000002;31;6;1;G657A2;NC;1;1.1;CST;;29/08/2022 00:00;;;;
FO716000000176;"71153/USZ/TR 60 1471;6;2";CB716000000002;32;6;2;G657A2;NC;2;1.2;CST;;29/08/2022 00:00;;;;
FO716000000177;"71153/USZ/TR 60 1471;6;3";CB716000000002;33;6;3;G657A2;NC;3;1.3;CST;;29/08/2022 00:00;;;;
FO716000000178;"71153/USZ/TR 60 1471;6;4";CB716000000002;34;6;4;G657A2;NC;4;1.4;CST;;29/08/2022 00:00;;;;
FO716000000179;"71153/USZ/TR 60 1471;6;5";CB716000000002;35;6;5;G657A2;NC;5;1.5;CST;;29/08/2022 00:00;;;;
FO716000000180;"71153/USZ/TR 60 1471;6;6";CB716000000002;36;6;6;G657A2;NC;6;1.6;CST;;29/08/2022 00:00;;;;
FO716000000181;"71153/USZ/TR 60 1471;7;1";CB716000000002;37;7;1;G657A2;NC;1;1.1;CST;;29/08/2022 00:00;;;;
FO716000000182;"71153/USZ/TR 60 1471;7;2";CB716000000002;38;7;2;G657A2;NC;2;1.2;CST;;29/08/2022 00:00;;;;
FO716000000183;"71153/USZ/TR 60 1471;7;3";CB716000000002;39;7;3;G657A2;NC;3;1.3;CST;;29/08/2022 00:00;;;;
FO716000000184;"71153/USZ/TR 60 1471;7;4";CB716000000002;40;7;4;G657A2;NC;4;1.4;CST;;29/08/2022 00:00;;;;
FO716000000185;"71153/USZ/TR 60 1471;7;5";CB716000000002;41;7;5;G657A2;NC;5;1.5;CST;;29/08/2022 00:00;;;;
FO716000000186;"71153/USZ/TR 60 1471;7;6";CB716000000002;42;7;6;G657A2;NC;6;1.6;CST;;29/08/2022 00:00;;;;
FO716000000187;"71153/USZ/TR 60 1471;8;1";CB716000000002;43;8;1;G657A2;NC;1;1.1;CST;;29/08/2022 00:00;;;;
FO716000000188;"71153/USZ/TR 60 1471;8;2";CB716000000002;44;8;2;G657A2;NC;2;1.2;CST;;29/08/2022 00:00;;;;
FO716000000189;"71153/USZ/TR 60 1471;8;3";CB716000000002;45;8;3;G657A2;NC;3;1.3;CST;;29/08/2022 00:00;;;;
FO716000000190;"71153/USZ/TR 60 1471;8;4";CB716000000002;46;8;4;G657A2;NC;4;1.4;CST;;29/08/2022 00:00;;;;
FO716000000191;"71153/USZ/TR 60 1471;8;5";CB716000000002;47;8;5;G657A2;NC;5;1.5;CST;;29/08/2022 00:00;;;;
FO716000000192;"71153/USZ/TR 60 1471;8;6";CB716000000002;48;8;6;G657A2;NC;6;1.6;CST;;29/08/2022 00:00;;;;
FO716000000193;"71153/USZ/TR 60 1471;9;1";CB716000000002;49;9;1;G657A2;NC;1;1.1;CST;;29/08/2022 00:00;;;;
FO716000000194;"71153/USZ/TR 60 1471;9;2";CB716000000002;50;9;2;G657A2;NC;2;1.2;CST;;29/08/2022 00:00;;;;
FO716000000195;"71153/USZ/TR 60 1471;9;3";CB716000000002;51;9;3;G657A2;NC;3;1.3;CST;;29/08/2022 00:00;;;;
FO716000000196;"71153/USZ/TR 60 1471;9;4";CB716000000002;52;9;4;G657A2;NC;4;1.4;CST;;29/08/2022 00:00;;;;
FO716000000197;"71153/USZ/TR 60 1471;9;5";CB716000000002;53;9;5;G657A2;NC;5;1.5;CST;;29/08/2022 00:00;;;;
FO716000000198;"71153/USZ/TR 60 1471;9;6";CB716000000002;54;9;6;G657A2;NC;6;1.6;CST;;29/08/2022 00:00;;;;
FO716000000199;"71153/USZ/TR 60 1471;10;1";CB716000000002;55;10;1;G657A2;NC;1;1.1;CST;;29/08/2022 00:00;;;;
FO716000000200;"71153/USZ/TR 60 1471;10;2";CB716000000002;56;10;2;G657A2;NC;2;1.2;CST;;29/08/2022 00:00;;;;
FO716000000201;"71153/USZ/TR 60 1471;10;3";CB716000000002;57;10;3;G657A2;NC;3;1.3;CST;;29/08/2022 00:00;;;;
FO716000000202;"71153/USZ/TR 60 1471;10;4";CB716000000002;58;10;4;G657A2;NC;4;1.4;CST;;29/08/2022 00:00;;;;
FO716000000203;"71153/USZ/TR 60 1471;10;5";CB716000000002;59;10;5;G657A2;NC;5;1.5;CST;;29/08/2022 00:00;;;;
FO716000000204;"71153/USZ/TR 60 1471;10;6";CB716000000002;60;10;6;G657A2;NC;6;1.6;CST;;29/08/2022 00:00;;;;
FO716000000205;"71153/USZ/TR 60 1471;11;1";CB716000000002;61;11;1;G657A2;NC;1;1.1;CST;;29/08/2022 00:00;;;;
FO716000000206;"71153/USZ/TR 60 1471;11;2";CB716000000002;62;11;2;G657A2;NC;2;1.2;CST;;29/08/2022 00:00;;;;
FO716000000207;"71153/USZ/TR 60 1471;11;3";CB716000000002;63;11;3;G657A2;NC;3;1.3;CST;;29/08/2022 00:00;;;;
FO716000000208;"71153/USZ/TR 60 1471;11;4";CB716000000002;64;11;4;G657A2;NC;4;1.4;CST;;29/08/2022 00:00;;;;
FO716000000209;"71153/USZ/TR 60 1471;11;5";CB716000000002;65;11;5;G657A2;NC;5;1.5;CST;;29/08/2022 00:00;;;;
FO716000000210;"71153/USZ/TR 60 1471;11;6";CB716000000002;66;11;6;G657A2;NC;6;1.6;CST;;29/08/2022 00:00;;;;
FO716000000211;"71153/USZ/TR 60 1471;12;1";CB716000000002;67;12;1;G657A2;NC;1;1.1;CST;;29/08/2022 00:00;;;;
FO716000000212;"71153/USZ/TR 60 1471;12;2";CB716000000002;68;12;2;G657A2;NC;2;1.2;CST;;29/08/2022 00:00;;;;
FO716000000213;"71153/USZ/TR 60 1471;12;3";CB716000000002;69;12;3;G657A2;NC;3;1.3;CST;;29/08/2022 00:00;;;;
FO716000000214;"71153/USZ/TR 60 1471;12;4";CB716000000002;70;12;4;G657A2;NC;4;1.4;CST;;29/08/2022 00:00;;;;
FO716000000215;"71153/USZ/TR 60 1471;12;5";CB716000000002;71;12;5;G657A2;NC;5;1.5;CST;;29/08/2022 00:00;;;;
FO716000000216;"71153/USZ/TR 60 1471;12;6";CB716000000002;72;12;6;G657A2;NC;6;1.6;CST;;29/08/2022 00:00;;;;
FO716000000217;"71153/USZ/TR 60 1471;13;1";CB716000000002;73;13;1;G657A2;NC;1;1.1;CST;;29/08/2022 00:00;;;;
FO716000000218;"71153/USZ/TR 60 1471;13;2";CB716000000002;74;13;2;G657A2;NC;2;1.2;CST;;29/08/2022 00:00;;;;
FO716000000219;"71153/USZ/TR 60 1471;13;3";CB716000000002;75;13;3;G657A2;NC;3;1.3;CST;;29/08/2022 00:00;;;;
FO716000000220;"71153/USZ/TR 60 1471;13;4";CB716000000002;76;13;4;G657A2;NC;4;1.4;CST;;29/08/2022 00:00;;;;
FO716000000221;"71153/USZ/TR 60 1471;13;5";CB716000000002;77;13;5;G657A2;NC;5;1.5;CST;;29/08/2022 00:00;;;;
FO716000000222;"71153/USZ/TR 60 1471;13;6";CB716000000002;78;13;6;G657A2;NC;6;1.6;CST;;29/08/2022 00:00;;;;
FO716000000223;"71153/USZ/TR 60 1471;14;1";CB716000000002;79;14;1;G657A2;NC;1;1.1;CST;;29/08/2022 00:00;;;;
FO716000000224;"71153/USZ/TR 60 1471;14;2";CB716000000002;80;14;2;G657A2;NC;2;1.2;CST;;29/08/2022 00:00;;;;
FO716000000225;"71153/USZ/TR 60 1471;14;3";CB716000000002;81;14;3;G657A2;NC;3;1.3;CST;;29/08/2022 00:00;;;;
FO716000000226;"71153/USZ/TR 60 1471;14;4";CB716000000002;82;14;4;G657A2;NC;4;1.4;CST;;29/08/2022 00:00;;;;
FO716000000227;"71153/USZ/TR 60 1471;14;5";CB716000000002;83;14;5;G657A2;NC;5;1.5;CST;;29/08/2022 00:00;;;;
FO716000000228;"71153/USZ/TR 60 1471;14;6";CB716000000002;84;14;6;G657A2;NC;6;1.6;CST;;29/08/2022 00:00;;;;
FO716000000229;"71153/USZ/TR 60 1471;15;1";CB716000000002;85;15;1;G657A2;NC;1;1.1;CST;;29/08/2022 00:00;;;;
FO716000000230;"71153/USZ/TR 60 1471;15;2";CB716000000002;86;15;2;G657A2;NC;2;1.2;CST;;29/08/2022 00:00;;;;
FO716000000231;"71153/USZ/TR 60 1471;15;3";CB716000000002;87;15;3;G657A2;NC;3;1.3;CST;;29/08/2022 00:00;;;;
FO716000000232;"71153/USZ/TR 60 1471;15;4";CB716000000002;88;15;4;G657A2;NC;4;1.4;CST;;29/08/2022 00:00;;;;
FO716000000233;"71153/USZ/TR 60 1471;15;5";CB716000000002;89;15;5;G657A2;NC;5;1.5;CST;;29/08/2022 00:00;;;;
FO716000000234;"71153/USZ/TR 60 1471;15;6";CB716000000002;90;15;6;G657A2;NC;6;1.6;CST;;29/08/2022 00:00;;;;
FO716000000235;"71153/USZ/TR 60 1471;16;1";CB716000000002;91;16;1;G657A2;NC;1;1.1;CST;;29/08/2022 00:00;;;;
FO716000000236;"71153/USZ/TR 60 1471;16;2";CB716000000002;92;16;2;G657A2;NC;2;1.2;CST;;29/08/2022 00:00;;;;
FO716000000237;"71153/USZ/TR 60 1471;16;3";CB716000000002;93;16;3;G657A2;NC;3;1.3;CST;;29/08/2022 00:00;;;;
FO716000000238;"71153/USZ/TR 60 1471;16;4";CB716000000002;94;16;4;G657A2;NC;4;1.4;CST;;29/08/2022 00:00;;;;
FO716000000239;"71153/USZ/TR 60 1471;16;5";CB716000000002;95;16;5;G657A2;NC;5;1.5;CST;;29/08/2022 00:00;;;;
FO716000000240;"71153/USZ/TR 60 1471;16;6";CB716000000002;96;16;6;G657A2;NC;6;1.6;CST;;29/08/2022 00:00;;;;
FO716000000241;"71153/USZ/TR 60 1471;17;1";CB716000000002;97;17;1;G657A2;NC;1;1.1;CST;;29/08/2022 00:00;;;;
FO716000000242;"71153/USZ/TR 60 1471;17;2";CB716000000002;98;17;2;G657A2;NC;2;1.2;CST;;29/08/2022 00:00;;;;
FO716000000243;"71153/USZ/TR 60 1471;17;3";CB716000000002;99;17;3;G657A2;NC;3;1.3;CST;;29/08/2022 00:00;;;;
FO716000000244;"71153/USZ/TR 60 1471;17;4";CB716000000002;100;17;4;G657A2;NC;4;1.4;CST;;29/08/2022 00:00;;;;
FO716000000245;"71153/USZ/TR 60 1471;17;5";CB716000000002;101;17;5;G657A2;NC;5;1.5;CST;;29/08/2022 00:00;;;;
FO716000000246;"71153/USZ/TR 60 1471;17;6";CB716000000002;102;17;6;G657A2;NC;6;1.6;CST;;29/08/2022 00:00;;;;
FO716000000247;"71153/USZ/TR 60 1471;18;1";CB716000000002;103;18;1;G657A2;NC;1;1.1;CST;;29/08/2022 00:00;;;;
FO716000000248;"71153/USZ/TR 60 1471;18;2";CB716000000002;104;18;2;G657A2;NC;2;1.2;CST;;29/08/2022 00:00;;;;
FO716000000249;"71153/USZ/TR 60 1471;18;3";CB716000000002;105;18;3;G657A2;NC;3;1.3;CST;;29/08/2022 00:00;;;;
FO716000000250;"71153/USZ/TR 60 1471;18;4";CB716000000002;106;18;4;G657A2;NC;4;1.4;CST;;29/08/2022 00:00;;;;
FO716000000251;"71153/USZ/TR 60 1471;18;5";CB716000000002;107;18;5;G657A2;NC;5;1.5;CST;;29/08/2022 00:00;;;;
FO716000000252;"71153/USZ/TR 60 1471;18;6";CB716000000002;108;18;6;G657A2;NC;6;1.6;CST;;29/08/2022 00:00;;;;
FO716000000253;"71153/USZ/TR 60 1471;19;1";CB716000000002;109;19;1;G657A2;NC;1;1.1;CST;;29/08/2022 00:00;;;;
FO716000000254;"71153/USZ/TR 60 1471;19;2";CB716000000002;110;19;2;G657A2;NC;2;1.2;CST;;29/08/2022 00:00;;;;
FO716000000255;"71153/USZ/TR 60 1471;19;3";CB716000000002;111;19;3;G657A2;NC;3;1.3;CST;;29/08/2022 00:00;;;;
FO716000000256;"71153/USZ/TR 60 1471;19;4";CB716000000002;112;19;4;G657A2;NC;4;1.4;CST;;29/08/2022 00:00;;;;
FO716000000257;"71153/USZ/TR 60 1471;19;5";CB716000000002;113;19;5;G657A2;NC;5;1.5;CST;;29/08/2022 00:00;;;;
FO716000000258;"71153/USZ/TR 60 1471;19;6";CB716000000002;114;19;6;G657A2;NC;6;1.6;CST;;29/08/2022 00:00;;;;
FO716000000259;"71153/USZ/TR 60 1471;20;1";CB716000000002;115;20;1;G657A2;NC;1;1.1;CST;;29/08/2022 00:00;;;;
FO716000000260;"71153/USZ/TR 60 1471;20;2";CB716000000002;116;20;2;G657A2;NC;2;1.2;CST;;29/08/2022 00:00;;;;
FO716000000261;"71153/USZ/TR 60 1471;20;3";CB716000000002;117;20;3;G657A2;NC;3;1.3;CST;;29/08/2022 00:00;;;;
FO716000000262;"71153/USZ/TR 60 1471;20;4";CB716000000002;118;20;4;G657A2;NC;4;1.4;CST;;29/08/2022 00:00;;;;
FO716000000263;"71153/USZ/TR 60 1471;20;5";CB716000000002;119;20;5;G657A2;NC;5;1.5;CST;;29/08/2022 00:00;;;;
FO716000000264;"71153/USZ/TR 60 1471;20;6";CB716000000002;120;20;6;G657A2;NC;6;1.6;CST;;29/08/2022 00:00;;;;
FO716000000265;"71153/USZ/TR 60 1471;21;1";CB716000000002;121;21;1;G657A2;NC;1;1.1;CST;;29/08/2022 00:00;;;;
FO716000000266;"71153/USZ/TR 60 1471;21;2";CB716000000002;122;21;2;G657A2;NC;2;1.2;CST;;29/08/2022 00:00;;;;
FO716000000267;"71153/USZ/TR 60 1471;21;3";CB716000000002;123;21;3;G657A2;NC;3;1.3;CST;;29/08/2022 00:00;;;;
FO716000000268;"71153/USZ/TR 60 1471;21;4";CB716000000002;124;21;4;G657A2;NC;4;1.4;CST;;29/08/2022 00:00;;;;
FO716000000269;"71153/USZ/TR 60 1471;21;5";CB716000000002;125;21;5;G657A2;NC;5;1.5;CST;;29/08/2022 00:00;;;;
FO716000000270;"71153/USZ/TR 60 1471;21;6";CB716000000002;126;21;6;G657A2;NC;6;1.6;CST;;29/08/2022 00:00;;;;
FO716000000271;"71153/USZ/TR 60 1471;22;1";CB716000000002;127;22;1;G657A2;NC;1;1.1;CST;;29/08/2022 00:00;;;;
FO716000000272;"71153/USZ/TR 60 1471;22;2";CB716000000002;128;22;2;G657A2;NC;2;1.2;CST;;29/08/2022 00:00;;;;
FO716000000273;"71153/USZ/TR 60 1471;22;3";CB716000000002;129;22;3;G657A2;NC;3;1.3;CST;;29/08/2022 00:00;;;;
FO716000000274;"71153/USZ/TR 60 1471;22;4";CB716000000002;130;22;4;G657A2;NC;4;1.4;CST;;29/08/2022 00:00;;;;
FO716000000275;"71153/USZ/TR 60 1471;22;5";CB716000000002;131;22;5;G657A2;NC;5;1.5;CST;;29/08/2022 00:00;;;;
FO716000000276;"71153/USZ/TR 60 1471;22;6";CB716000000002;132;22;6;G657A2;NC;6;1.6;CST;;29/08/2022 00:00;;;;
FO716000000277;"71153/USZ/TR 60 1471;23;1";CB716000000002;133;23;1;G657A2;NC;1;1.1;CST;;29/08/2022 00:00;;;;
FO716000000278;"71153/USZ/TR 60 1471;23;2";CB716000000002;134;23;2;G657A2;NC;2;1.2;CST;;29/08/2022 00:00;;;;
FO716000000279;"71153/USZ/TR 60 1471;23;3";CB716000000002;135;23;3;G657A2;NC;3;1.3;CST;;29/08/2022 00:00;;;;
FO716000000280;"71153/USZ/TR 60 1471;23;4";CB716000000002;136;23;4;G657A2;NC;4;1.4;CST;;29/08/2022 00:00;;;;
FO716000000281;"71153/USZ/TR 60 1471;23;5";CB716000000002;137;23;5;G657A2;NC;5;1.5;CST;;29/08/2022 00:00;;;;
FO716000000282;"71153/USZ/TR 60 1471;23;6";CB716000000002;138;23;6;G657A2;NC;6;1.6;CST;;29/08/2022 00:00;;;;
FO716000000283;"71153/USZ/TR 60 1471;24;1";CB716000000002;139;24;1;G657A2;NC;1;1.1;CST;;29/08/2022 00:00;;;;
FO716000000284;"71153/USZ/TR 60 1471;24;2";CB716000000002;140;24;2;G657A2;NC;2;1.2;CST;;29/08/2022 00:00;;;;
FO716000000285;"71153/USZ/TR 60 1471;24;3";CB716000000002;141;24;3;G657A2;NC;3;1.3;CST;;29/08/2022 00:00;;;;
FO716000000286;"71153/USZ/TR 60 1471;24;4";CB716000000002;142;24;4;G657A2;NC;4;1.4;CST;;29/08/2022 00:00;;;;
FO716000000287;"71153/USZ/TR 60 1471;24;5";CB716000000002;143;24;5;G657A2;NC;5;1.5;CST;;29/08/2022 00:00;;;;
FO716000000288;"71153/USZ/TR 60 1471;24;6";CB716000000002;144;24;6;G657A2;NC;6;1.6;CST;;29/08/2022 00:00;;;;
FO716000000289;"71153/USZ/TR 60 1472;1;1";CB716000000003;1;1;1;G657A2;NC;1;1.1;CST;;29/08/2022 00:00;;;;
FO716000000290;"71153/USZ/TR 60 1472;1;2";CB716000000003;2;1;2;G657A2;NC;2;1.2;CST;;29/08/2022 00:00;;;;
FO716000000291;"71153/USZ/TR 60 1472;1;3";CB716000000003;3;1;3;G657A2;NC;3;1.3;CST;;29/08/2022 00:00;;;;
FO716000000292;"71153/USZ/TR 60 1472;1;4";CB716000000003;4;1;4;G657A2;NC;4;1.4;CST;;29/08/2022 00:00;;;;
FO716000000293;"71153/USZ/TR 60 1472;1;5";CB716000000003;5;1;5;G657A2;NC;5;1.5;CST;;29/08/2022 00:00;;;;
FO716000000294;"71153/USZ/TR 60 1472;1;6";CB716000000003;6;1;6;G657A2;NC;6;1.6;CST;;29/08/2022 00:00;;;;
FO716000000295;"71153/USZ/TR 60 1472;2;1";CB716000000003;7;2;1;G657A2;NC;1;1.1;CST;;29/08/2022 00:00;;;;
FO716000000296;"71153/USZ/TR 60 1472;2;2";CB716000000003;8;2;2;G657A2;NC;2;1.2;CST;;29/08/2022 00:00;;;;
FO716000000297;"71153/USZ/TR 60 1472;2;3";CB716000000003;9;2;3;G657A2;NC;3;1.3;CST;;29/08/2022 00:00;;;;
FO716000000298;"71153/USZ/TR 60 1472;2;4";CB716000000003;10;2;4;G657A2;NC;4;1.4;CST;;29/08/2022 00:00;;;;
FO716000000299;"71153/USZ/TR 60 1472;2;5";CB716000000003;11;2;5;G657A2;NC;5;1.5;CST;;29/08/2022 00:00;;;;
FO716000000300;"71153/USZ/TR 60 1472;2;6";CB716000000003;12;2;6;G657A2;NC;6;1.6;CST;;29/08/2022 00:00;;;;
FO716000000301;"71153/USZ/TR 60 1472;3;1";CB716000000003;13;3;1;G657A2;NC;1;1.1;CST;;29/08/2022 00:00;;;;
FO716000000302;"71153/USZ/TR 60 1472;3;2";CB716000000003;14;3;2;G657A2;NC;2;1.2;CST;;29/08/2022 00:00;;;;
FO716000000303;"71153/USZ/TR 60 1472;3;3";CB716000000003;15;3;3;G657A2;NC;3;1.3;CST;;29/08/2022 00:00;;;;
FO716000000304;"71153/USZ/TR 60 1472;3;4";CB716000000003;16;3;4;G657A2;NC;4;1.4;CST;;29/08/2022 00:00;;;;
FO716000000305;"71153/USZ/TR 60 1472;3;5";CB716000000003;17;3;5;G657A2;NC;5;1.5;CST;;29/08/2022 00:00;;;;
FO716000000306;"71153/USZ/TR 60 1472;3;6";CB716000000003;18;3;6;G657A2;NC;6;1.6;CST;;29/08/2022 00:00;;;;
FO716000000307;"71153/USZ/TR 60 1472;4;1";CB716000000003;19;4;1;G657A2;NC;1;1.1;CST;;29/08/2022 00:00;;;;
FO716000000308;"71153/USZ/TR 60 1472;4;2";CB716000000003;20;4;2;G657A2;NC;2;1.2;CST;;29/08/2022 00:00;;;;
FO716000000309;"71153/USZ/TR 60 1472;4;3";CB716000000003;21;4;3;G657A2;NC;3;1.3;CST;;29/08/2022 00:00;;;;
FO716000000310;"71153/USZ/TR 60 1472;4;4";CB716000000003;22;4;4;G657A2;NC;4;1.4;CST;;29/08/2022 00:00;;;;
FO716000000311;"71153/USZ/TR 60 1472;4;5";CB716000000003;23;4;5;G657A2;NC;5;1.5;CST;;29/08/2022 00:00;;;;
FO716000000312;"71153/USZ/TR 60 1472;4;6";CB716000000003;24;4;6;G657A2;NC;6;1.6;CST;;29/08/2022 00:00;;;;
FO716000000313;"71153/USZ/TR 60 1473;1;1";CB716000000004;1;1;1;G657A2;NC;1;1.1;CST;;29/08/2022 00:00;;;;
FO716000000314;"71153/USZ/TR 60 1473;1;2";CB716000000004;2;1;2;G657A2;NC;2;1.2;CST;;29/08/2022 00:00;;;;
FO716000000315;"71153/USZ/TR 60 1473;1;3";CB716000000004;3;1;3;G657A2;NC;3;1.3;CST;;29/08/2022 00:00;;;;
FO716000000316;"71153/USZ/TR 60 1473;1;4";CB716000000004;4;1;4;G657A2;NC;4;1.4;CST;;29/08/2022 00:00;;;;
FO716000000317;"71153/USZ/TR 60 1473;1;5";CB716000000004;5;1;5;G657A2;NC;5;1.5;CST;;29/08/2022 00:00;;;;
FO716000000318;"71153/USZ/TR 60 1473;1;6";CB716000000004;6;1;6;G657A2;NC;6;1.6;CST;;29/08/2022 00:00;;;;
FO716000000319;"71153/USZ/TR 60 1473;2;1";CB716000000004;7;2;1;G657A2;NC;1;1.1;CST;;29/08/2022 00:00;;;;
FO716000000320;"71153/USZ/TR 60 1473;2;2";CB716000000004;8;2;2;G657A2;NC;2;1.2;CST;;29/08/2022 00:00;;;;
FO716000000321;"71153/USZ/TR 60 1473;2;3";CB716000000004;9;2;3;G657A2;NC;3;1.3;CST;;29/08/2022 00:00;;;;
FO716000000322;"71153/USZ/TR 60 1473;2;4";CB716000000004;10;2;4;G657A2;NC;4;1.4;CST;;29/08/2022 00:00;;;;
FO716000000323;"71153/USZ/TR 60 1473;2;5";CB716000000004;11;2;5;G657A2;NC;5;1.5;CST;;29/08/2022 00:00;;;;
FO716000000324;"71153/USZ/TR 60 1473;2;6";CB716000000004;12;2;6;G657A2;NC;6;1.6;CST;;29/08/2022 00:00;;;;
FO716000000325;"71153/USZ/TR 60 1473;3;1";CB716000000004;13;3;1;G657A2;NC;1;1.1;CST;;29/08/2022 00:00;;;;
FO716000000326;"71153/USZ/TR 60 1473;3;2";CB716000000004;14;3;2;G657A2;NC;2;1.2;CST;;29/08/2022 00:00;;;;
FO716000000327;"71153/USZ/TR 60 1473;3;3";CB716000000004;15;3;3;G657A2;NC;3;1.3;CST;;29/08/2022 00:00;;;;
FO716000000328;"71153/USZ/TR 60 1473;3;4";CB716000000004;16;3;4;G657A2;NC;4;1.4;CST;;29/08/2022 00:00;;;;
FO716000000329;"71153/USZ/TR 60 1473;3;5";CB716000000004;17;3;5;G657A2;NC;5;1.5;CST;;29/08/2022 00:00;;;;
FO716000000330;"71153/USZ/TR 60 1473;3;6";CB716000000004;18;3;6;G657A2;NC;6;1.6;CST;;29/08/2022 00:00;;;;
FO716000000331;"71153/USZ/TR 60 1473;4;1";CB716000000004;19;4;1;G657A2;NC;1;1.1;CST;;29/08/2022 00:00;;;;
FO716000000332;"71153/USZ/TR 60 1473;4;2";CB716000000004;20;4;2;G657A2;NC;2;1.2;CST;;29/08/2022 00:00;;;;
FO716000000333;"71153/USZ/TR 60 1473;4;3";CB716000000004;21;4;3;G657A2;NC;3;1.3;CST;;29/08/2022 00:00;;;;
FO716000000334;"71153/USZ/TR 60 1473;4;4";CB716000000004;22;4;4;G657A2;NC;4;1.4;CST;;29/08/2022 00:00;;;;
FO716000000335;"71153/USZ/TR 60 1473;4;5";CB716000000004;23;4;5;G657A2;NC;5;1.5;CST;;29/08/2022 00:00;;;;
FO716000000336;"71153/USZ/TR 60 1473;4;6";CB716000000004;24;4;6;G657A2;NC;6;1.6;CST;;29/08/2022 00:00;;;;
FO716000000337;"71153/USZ/TR 60 1474;1;1";CB716000000005;1;1;1;G657A2;NC;1;1.1;CST;;29/08/2022 00:00;;;;
FO716000000338;"71153/USZ/TR 60 1474;1;2";CB716000000005;2;1;2;G657A2;NC;2;1.2;CST;;29/08/2022 00:00;;;;
FO716000000339;"71153/USZ/TR 60 1474;1;3";CB716000000005;3;1;3;G657A2;NC;3;1.3;CST;;29/08/2022 00:00;;;;
FO716000000340;"71153/USZ/TR 60 1474;1;4";CB716000000005;4;1;4;G657A2;NC;4;1.4;CST;;29/08/2022 00:00;;;;
FO716000000341;"71153/USZ/TR 60 1474;1;5";CB716000000005;5;1;5;G657A2;NC;5;1.5;CST;;29/08/2022 00:00;;;;
FO716000000342;"71153/USZ/TR 60 1474;1;6";CB716000000005;6;1;6;G657A2;NC;6;1.6;CST;;29/08/2022 00:00;;;;
FO716000000343;"71153/USZ/TR 60 1474;2;1";CB716000000005;7;2;1;G657A2;NC;1;1.1;CST;;29/08/2022 00:00;;;;
FO716000000344;"71153/USZ/TR 60 1474;2;2";CB716000000005;8;2;2;G657A2;NC;2;1.2;CST;;29/08/2022 00:00;;;;
FO716000000345;"71153/USZ/TR 60 1474;2;3";CB716000000005;9;2;3;G657A2;NC;3;1.3;CST;;29/08/2022 00:00;;;;
FO716000000346;"71153/USZ/TR 60 1474;2;4";CB716000000005;10;2;4;G657A2;NC;4;1.4;CST;;29/08/2022 00:00;;;;
FO716000000347;"71153/USZ/TR 60 1474;2;5";CB716000000005;11;2;5;G657A2;NC;5;1.5;CST;;29/08/2022 00:00;;;;
FO716000000348;"71153/USZ/TR 60 1474;2;6";CB716000000005;12;2;6;G657A2;NC;6;1.6;CST;;29/08/2022 00:00;;;;
FO716000000349;"71153/USZ/TR 60 1474;3;1";CB716000000005;13;3;1;G657A2;NC;1;1.1;CST;;29/08/2022 00:00;;;;
FO716000000350;"71153/USZ/TR 60 1474;3;2";CB716000000005;14;3;2;G657A2;NC;2;1.2;CST;;29/08/2022 00:00;;;;
FO716000000351;"71153/USZ/TR 60 1474;3;3";CB716000000005;15;3;3;G657A2;NC;3;1.3;CST;;29/08/2022 00:00;;;;
FO716000000352;"71153/USZ/TR 60 1474;3;4";CB716000000005;16;3;4;G657A2;NC;4;1.4;CST;;29/08/2022 00:00;;;;
FO716000000353;"71153/USZ/TR 60 1474;3;5";CB716000000005;17;3;5;G657A2;NC;5;1.5;CST;;29/08/2022 00:00;;;;
FO716000000354;"71153/USZ/TR 60 1474;3;6";CB716000000005;18;3;6;G657A2;NC;6;1.6;CST;;29/08/2022 00:00;;;;
FO716000000355;"71153/USZ/TR 60 1474;4;1";CB716000000005;19;4;1;G657A2;NC;1;1.1;CST;;29/08/2022 00:00;;;;
FO716000000356;"71153/USZ/TR 60 1474;4;2";CB716000000005;20;4;2;G657A2;NC;2;1.2;CST;;29/08/2022 00:00;;;;
FO716000000357;"71153/USZ/TR 60 1474;4;3";CB716000000005;21;4;3;G657A2;NC;3;1.3;CST;;29/08/2022 00:00;;;;
FO716000000358;"71153/USZ/TR 60 1474;4;4";CB716000000005;22;4;4;G657A2;NC;4;1.4;CST;;29/08/2022 00:00;;;;
FO716000000359;"71153/USZ/TR 60 1474;4;5";CB716000000005;23;4;5;G657A2;NC;5;1.5;CST;;29/08/2022 00:00;;;;
FO716000000360;"71153/USZ/TR 60 1474;4;6";CB716000000005;24;4;6;G657A2;NC;6;1.6;CST;;29/08/2022 00:00;;;;
FO716000000361;"71153/USZ/TR 60 1475;1;1";CB716000000009;1;1;1;G657A2;NC;1;1.1;CST;;29/08/2022 00:00;;;;
FO716000000362;"71153/USZ/TR 60 1475;1;2";CB716000000009;2;1;2;G657A2;NC;2;1.2;CST;;29/08/2022 00:00;;;;
FO716000000363;"71153/USZ/TR 60 1475;1;3";CB716000000009;3;1;3;G657A2;NC;3;1.3;CST;;29/08/2022 00:00;;;;
FO716000000364;"71153/USZ/TR 60 1475;1;4";CB716000000009;4;1;4;G657A2;NC;4;1.4;CST;;29/08/2022 00:00;;;;
FO716000000365;"71153/USZ/TR 60 1475;1;5";CB716000000009;5;1;5;G657A2;NC;5;1.5;CST;;29/08/2022 00:00;;;;
FO716000000366;"71153/USZ/TR 60 1475;1;6";CB716000000009;6;1;6;G657A2;NC;6;1.6;CST;;29/08/2022 00:00;;;;
FO716000000367;"71153/USZ/TR 60 1475;2;1";CB716000000009;7;2;1;G657A2;NC;1;1.1;CST;;29/08/2022 00:00;;;;
FO716000000368;"71153/USZ/TR 60 1475;2;2";CB716000000009;8;2;2;G657A2;NC;2;1.2;CST;;29/08/2022 00:00;;;;
FO716000000369;"71153/USZ/TR 60 1475;2;3";CB716000000009;9;2;3;G657A2;NC;3;1.3;CST;;29/08/2022 00:00;;;;
FO716000000370;"71153/USZ/TR 60 1475;2;4";CB716000000009;10;2;4;G657A2;NC;4;1.4;CST;;29/08/2022 00:00;;;;
FO716000000371;"71153/USZ/TR 60 1475;2;5";CB716000000009;11;2;5;G657A2;NC;5;1.5;CST;;29/08/2022 00:00;;;;
FO716000000372;"71153/USZ/TR 60 1475;2;6";CB716000000009;12;2;6;G657A2;NC;6;1.6;CST;;29/08/2022 00:00;;;;
FO716000000373;"71153/USZ/TR 60 1475;3;1";CB716000000009;13;3;1;G657A2;NC;1;1.1;CST;;29/08/2022 00:00;;;;
FO716000000374;"71153/USZ/TR 60 1475;3;2";CB716000000009;14;3;2;G657A2;NC;2;1.2;CST;;29/08/2022 00:00;;;;
FO716000000375;"71153/USZ/TR 60 1475;3;3";CB716000000009;15;3;3;G657A2;NC;3;1.3;CST;;29/08/2022 00:00;;;;
FO716000000376;"71153/USZ/TR 60 1475;3;4";CB716000000009;16;3;4;G657A2;NC;4;1.4;CST;;29/08/2022 00:00;;;;
FO716000000377;"71153/USZ/TR 60 1475;3;5";CB716000000009;17;3;5;G657A2;NC;5;1.5;CST;;29/08/2022 00:00;;;;
FO716000000378;"71153/USZ/TR 60 1475;3;6";CB716000000009;18;3;6;G657A2;NC;6;1.6;CST;;29/08/2022 00:00;;;;
FO716000000379;"71153/USZ/TR 60 1475;4;1";CB716000000009;19;4;1;G657A2;NC;1;1.1;CST;;29/08/2022 00:00;;;;
FO716000000380;"71153/USZ/TR 60 1475;4;2";CB716000000009;20;4;2;G657A2;NC;2;1.2;CST;;29/08/2022 00:00;;;;
FO716000000381;"71153/USZ/TR 60 1475;4;3";CB716000000009;21;4;3;G657A2;NC;3;1.3;CST;;29/08/2022 00:00;;;;
FO716000000382;"71153/USZ/TR 60 1475;4;4";CB716000000009;22;4;4;G657A2;NC;4;1.4;CST;;29/08/2022 00:00;;;;
FO716000000383;"71153/USZ/TR 60 1475;4;5";CB716000000009;23;4;5;G657A2;NC;5;1.5;CST;;29/08/2022 00:00;;;;
FO716000000384;"71153/USZ/TR 60 1475;4;6";CB716000000009;24;4;6;G657A2;NC;6;1.6;CST;;29/08/2022 00:00;;;;
FO716000000385;"71153/USZ/TR 60 1476;1;1";CB716000000010;1;1;1;G657A2;NC;1;1.1;CST;;29/08/2022 00:00;;;;
FO716000000386;"71153/USZ/TR 60 1476;1;2";CB716000000010;2;1;2;G657A2;NC;2;1.2;CST;;29/08/2022 00:00;;;;
FO716000000387;"71153/USZ/TR 60 1476;1;3";CB716000000010;3;1;3;G657A2;NC;3;1.3;CST;;29/08/2022 00:00;;;;
FO716000000388;"71153/USZ/TR 60 1476;1;4";CB716000000010;4;1;4;G657A2;NC;4;1.4;CST;;29/08/2022 00:00;;;;
FO716000000389;"71153/USZ/TR 60 1476;1;5";CB716000000010;5;1;5;G657A2;NC;5;1.5;CST;;29/08/2022 00:00;;;;
FO716000000390;"71153/USZ/TR 60 1476;1;6";CB716000000010;6;1;6;G657A2;NC;6;1.6;CST;;29/08/2022 00:00;;;;
FO716000000391;"71153/USZ/TR 60 1476;2;1";CB716000000010;7;2;1;G657A2;NC;1;1.1;CST;;29/08/2022 00:00;;;;
FO716000000392;"71153/USZ/TR 60 1476;2;2";CB716000000010;8;2;2;G657A2;NC;2;1.2;CST;;29/08/2022 00:00;;;;
FO716000000393;"71153/USZ/TR 60 1476;2;3";CB716000000010;9;2;3;G657A2;NC;3;1.3;CST;;29/08/2022 00:00;;;;
FO716000000394;"71153/USZ/TR 60 1476;2;4";CB716000000010;10;2;4;G657A2;NC;4;1.4;CST;;29/08/2022 00:00;;;;
FO716000000395;"71153/USZ/TR 60 1476;2;5";CB716000000010;11;2;5;G657A2;NC;5;1.5;CST;;29/08/2022 00:00;;;;
FO716000000396;"71153/USZ/TR 60 1476;2;6";CB716000000010;12;2;6;G657A2;NC;6;1.6;CST;;29/08/2022 00:00;;;;
FO716000000397;"71153/USZ/TR 60 1476;3;1";CB716000000010;13;3;1;G657A2;NC;1;1.1;CST;;29/08/2022 00:00;;;;
FO716000000398;"71153/USZ/TR 60 1476;3;2";CB716000000010;14;3;2;G657A2;NC;2;1.2;CST;;29/08/2022 00:00;;;;
FO716000000399;"71153/USZ/TR 60 1476;3;3";CB716000000010;15;3;3;G657A2;NC;3;1.3;CST;;29/08/2022 00:00;;;;
FO716000000400;"71153/USZ/TR 60 1476;3;4";CB716000000010;16;3;4;G657A2;NC;4;1.4;CST;;29/08/2022 00:00;;;;
FO716000000401;"71153/USZ/TR 60 1476;3;5";CB716000000010;17;3;5;G657A2;NC;5;1.5;CST;;29/08/2022 00:00;;;;
FO716000000402;"71153/USZ/TR 60 1476;3;6";CB716000000010;18;3;6;G657A2;NC;6;1.6;CST;;29/08/2022 00:00;;;;
FO716000000403;"71153/USZ/TR 60 1476;4;1";CB716000000010;19;4;1;G657A2;NC;1;1.1;CST;;29/08/2022 00:00;;;;
FO716000000404;"71153/USZ/TR 60 1476;4;2";CB716000000010;20;4;2;G657A2;NC;2;1.2;CST;;29/08/2022 00:00;;;;
FO716000000405;"71153/USZ/TR 60 1476;4;3";CB716000000010;21;4;3;G657A2;NC;3;1.3;CST;;29/08/2022 00:00;;;;
FO716000000406;"71153/USZ/TR 60 1476;4;4";CB716000000010;22;4;4;G657A2;NC;4;1.4;CST;;29/08/2022 00:00;;;;
FO716000000407;"71153/USZ/TR 60 1476;4;5";CB716000000010;23;4;5;G657A2;NC;5;1.5;CST;;29/08/2022 00:00;;;;
FO716000000408;"71153/USZ/TR 60 1476;4;6";CB716000000010;24;4;6;G657A2;NC;6;1.6;CST;;29/08/2022 00:00;;;;
FO716000000409;"71153/USZ/TR 60 1477;1;1";CB716000000011;1;1;1;G657A2;NC;1;1.1;CST;;29/08/2022 00:00;;;;
FO716000000410;"71153/USZ/TR 60 1477;1;2";CB716000000011;2;1;2;G657A2;NC;2;1.2;CST;;29/08/2022 00:00;;;;
FO716000000411;"71153/USZ/TR 60 1477;1;3";CB716000000011;3;1;3;G657A2;NC;3;1.3;CST;;29/08/2022 00:00;;;;
FO716000000412;"71153/USZ/TR 60 1477;1;4";CB716000000011;4;1;4;G657A2;NC;4;1.4;CST;;29/08/2022 00:00;;;;
FO716000000413;"71153/USZ/TR 60 1477;1;5";CB716000000011;5;1;5;G657A2;NC;5;1.5;CST;;29/08/2022 00:00;;;;
FO716000000414;"71153/USZ/TR 60 1477;1;6";CB716000000011;6;1;6;G657A2;NC;6;1.6;CST;;29/08/2022 00:00;;;;
FO716000000415;"71153/USZ/TR 60 1477;2;1";CB716000000011;7;2;1;G657A2;NC;1;1.1;CST;;29/08/2022 00:00;;;;
FO716000000416;"71153/USZ/TR 60 1477;2;2";CB716000000011;8;2;2;G657A2;NC;2;1.2;CST;;29/08/2022 00:00;;;;
FO716000000417;"71153/USZ/TR 60 1477;2;3";CB716000000011;9;2;3;G657A2;NC;3;1.3;CST;;29/08/2022 00:00;;;;
FO716000000418;"71153/USZ/TR 60 1477;2;4";CB716000000011;10;2;4;G657A2;NC;4;1.4;CST;;29/08/2022 00:00;;;;
FO716000000419;"71153/USZ/TR 60 1477;2;5";CB716000000011;11;2;5;G657A2;NC;5;1.5;CST;;29/08/2022 00:00;;;;
FO716000000420;"71153/USZ/TR 60 1477;2;6";CB716000000011;12;2;6;G657A2;NC;6;1.6;CST;;29/08/2022 00:00;;;;
FO716000000421;"71153/USZ/TR 60 1477;3;1";CB716000000011;13;3;1;G657A2;NC;1;1.1;CST;;29/08/2022 00:00;;;;
FO716000000422;"71153/USZ/TR 60 1477;3;2";CB716000000011;14;3;2;G657A2;NC;2;1.2;CST;;29/08/2022 00:00;;;;
FO716000000423;"71153/USZ/TR 60 1477;3;3";CB716000000011;15;3;3;G657A2;NC;3;1.3;CST;;29/08/2022 00:00;;;;
FO716000000424;"71153/USZ/TR 60 1477;3;4";CB716000000011;16;3;4;G657A2;NC;4;1.4;CST;;29/08/2022 00:00;;;;
FO716000000425;"71153/USZ/TR 60 1477;3;5";CB716000000011;17;3;5;G657A2;NC;5;1.5;CST;;29/08/2022 00:00;;;;
FO716000000426;"71153/USZ/TR 60 1477;3;6";CB716000000011;18;3;6;G657A2;NC;6;1.6;CST;;29/08/2022 00:00;;;;
FO716000000427;"71153/USZ/TR 60 1477;4;1";CB716000000011;19;4;1;G657A2;NC;1;1.1;CST;;29/08/2022 00:00;;;;
FO716000000428;"71153/USZ/TR 60 1477;4;2";CB716000000011;20;4;2;G657A2;NC;2;1.2;CST;;29/08/2022 00:00;;;;
FO716000000429;"71153/USZ/TR 60 1477;4;3";CB716000000011;21;4;3;G657A2;NC;3;1.3;CST;;29/08/2022 00:00;;;;
FO716000000430;"71153/USZ/TR 60 1477;4;4";CB716000000011;22;4;4;G657A2;NC;4;1.4;CST;;29/08/2022 00:00;;;;
FO716000000431;"71153/USZ/TR 60 1477;4;5";CB716000000011;23;4;5;G657A2;NC;5;1.5;CST;;29/08/2022 00:00;;;;
FO716000000432;"71153/USZ/TR 60 1477;4;6";CB716000000011;24;4;6;G657A2;NC;6;1.6;CST;;29/08/2022 00:00;;;;
FO716000000433;"71153/USZ/TR 60 1478;1;1";CB716000000012;1;1;1;G657A2;NC;1;1.1;CST;;29/08/2022 00:00;;;;
FO716000000434;"71153/USZ/TR 60 1478;1;2";CB716000000012;2;1;2;G657A2;NC;2;1.2;CST;;29/08/2022 00:00;;;;
FO716000000435;"71153/USZ/TR 60 1478;1;3";CB716000000012;3;1;3;G657A2;NC;3;1.3;CST;;29/08/2022 00:00;;;;
FO716000000436;"71153/USZ/TR 60 1478;1;4";CB716000000012;4;1;4;G657A2;NC;4;1.4;CST;;29/08/2022 00:00;;;;
FO716000000437;"71153/USZ/TR 60 1478;1;5";CB716000000012;5;1;5;G657A2;NC;5;1.5;CST;;29/08/2022 00:00;;;;
FO716000000438;"71153/USZ/TR 60 1478;1;6";CB716000000012;6;1;6;G657A2;NC;6;1.6;CST;;29/08/2022 00:00;;;;
FO716000000439;"71153/USZ/TR 60 1478;2;1";CB716000000012;7;2;1;G657A2;NC;1;1.1;CST;;29/08/2022 00:00;;;;
FO716000000440;"71153/USZ/TR 60 1478;2;2";CB716000000012;8;2;2;G657A2;NC;2;1.2;CST;;29/08/2022 00:00;;;;
FO716000000441;"71153/USZ/TR 60 1478;2;3";CB716000000012;9;2;3;G657A2;NC;3;1.3;CST;;29/08/2022 00:00;;;;
FO716000000442;"71153/USZ/TR 60 1478;2;4";CB716000000012;10;2;4;G657A2;NC;4;1.4;CST;;29/08/2022 00:00;;;;
FO716000000443;"71153/USZ/TR 60 1478;2;5";CB716000000012;11;2;5;G657A2;NC;5;1.5;CST;;29/08/2022 00:00;;;;
FO716000000444;"71153/USZ/TR 60 1478;2;6";CB716000000012;12;2;6;G657A2;NC;6;1.6;CST;;29/08/2022 00:00;;;;
FO716000000445;"71153/USZ/TR 60 1478;3;1";CB716000000012;13;3;1;G657A2;NC;1;1.1;CST;;29/08/2022 00:00;;;;
FO716000000446;"71153/USZ/TR 60 1478;3;2";CB716000000012;14;3;2;G657A2;NC;2;1.2;CST;;29/08/2022 00:00;;;;
FO716000000447;"71153/USZ/TR 60 1478;3;3";CB716000000012;15;3;3;G657A2;NC;3;1.3;CST;;29/08/2022 00:00;;;;
FO716000000448;"71153/USZ/TR 60 1478;3;4";CB716000000012;16;3;4;G657A2;NC;4;1.4;CST;;29/08/2022 00:00;;;;
FO716000000449;"71153/USZ/TR 60 1478;3;5";CB716000000012;17;3;5;G657A2;NC;5;1.5;CST;;29/08/2022 00:00;;;;
FO716000000450;"71153/USZ/TR 60 1478;3;6";CB716000000012;18;3;6;G657A2;NC;6;1.6;CST;;29/08/2022 00:00;;;;
FO716000000451;"71153/USZ/TR 60 1478;4;1";CB716000000012;19;4;1;G657A2;NC;1;1.1;CST;;29/08/2022 00:00;;;;
FO716000000452;"71153/USZ/TR 60 1478;4;2";CB716000000012;20;4;2;G657A2;NC;2;1.2;CST;;29/08/2022 00:00;;;;
FO716000000453;"71153/USZ/TR 60 1478;4;3";CB716000000012;21;4;3;G657A2;NC;3;1.3;CST;;29/08/2022 00:00;;;;
FO716000000454;"71153/USZ/TR 60 1478;4;4";CB716000000012;22;4;4;G657A2;NC;4;1.4;CST;;29/08/2022 00:00;;;;
FO716000000455;"71153/USZ/TR 60 1478;4;5";CB716000000012;23;4;5;G657A2;NC;5;1.5;CST;;29/08/2022 00:00;;;;
FO716000000456;"71153/USZ/TR 60 1478;4;6";CB716000000012;24;4;6;G657A2;NC;6;1.6;CST;;29/08/2022 00:00;;;;
FO716000000457;"71153/USZ/TR 60 1479;1;1";CB716000000013;1;1;1;G657A2;NC;1;1.1;CST;;29/08/2022 00:00;;;;
FO716000000458;"71153/USZ/TR 60 1479;1;2";CB716000000013;2;1;2;G657A2;NC;2;1.2;CST;;29/08/2022 00:00;;;;
FO716000000459;"71153/USZ/TR 60 1479;1;3";CB716000000013;3;1;3;G657A2;NC;3;1.3;CST;;29/08/2022 00:00;;;;
FO716000000460;"71153/USZ/TR 60 1479;1;4";CB716000000013;4;1;4;G657A2;NC;4;1.4;CST;;29/08/2022 00:00;;;;
FO716000000461;"71153/USZ/TR 60 1479;1;5";CB716000000013;5;1;5;G657A2;NC;5;1.5;CST;;29/08/2022 00:00;;;;
FO716000000462;"71153/USZ/TR 60 1479;1;6";CB716000000013;6;1;6;G657A2;NC;6;1.6;CST;;29/08/2022 00:00;;;;
FO716000000463;"71153/USZ/TR 60 1479;2;1";CB716000000013;7;2;1;G657A2;NC;1;1.1;CST;;29/08/2022 00:00;;;;
FO716000000464;"71153/USZ/TR 60 1479;2;2";CB716000000013;8;2;2;G657A2;NC;2;1.2;CST;;29/08/2022 00:00;;;;
FO716000000465;"71153/USZ/TR 60 1479;2;3";CB716000000013;9;2;3;G657A2;NC;3;1.3;CST;;29/08/2022 00:00;;;;
FO716000000466;"71153/USZ/TR 60 1479;2;4";CB716000000013;10;2;4;G657A2;NC;4;1.4;CST;;29/08/2022 00:00;;;;
FO716000000467;"71153/USZ/TR 60 1479;2;5";CB716000000013;11;2;5;G657A2;NC;5;1.5;CST;;29/08/2022 00:00;;;;
FO716000000468;"71153/USZ/TR 60 1479;2;6";CB716000000013;12;2;6;G657A2;NC;6;1.6;CST;;29/08/2022 00:00;;;;
FO716000000469;"71153/USZ/TR 60 1480;1;1";CB716000000014;1;1;1;G657A2;NC;1;1.1;CST;;29/08/2022 00:00;;;;
FO716000000470;"71153/USZ/TR 60 1480;1;2";CB716000000014;2;1;2;G657A2;NC;2;1.2;CST;;29/08/2022 00:00;;;;
FO716000000471;"71153/USZ/TR 60 1480;1;3";CB716000000014;3;1;3;G657A2;NC;3;1.3;CST;;29/08/2022 00:00;;;;
FO716000000472;"71153/USZ/TR 60 1480;1;4";CB716000000014;4;1;4;G657A2;NC;4;1.4;CST;;29/08/2022 00:00;;;;
FO716000000473;"71153/USZ/TR 60 1480;1;5";CB716000000014;5;1;5;G657A2;NC;5;1.5;CST;;29/08/2022 00:00;;;;
FO716000000474;"71153/USZ/TR 60 1480;1;6";CB716000000014;6;1;6;G657A2;NC;6;1.6;CST;;29/08/2022 00:00;;;;
FO716000000475;"71153/USZ/TR 60 1480;2;1";CB716000000014;7;2;1;G657A2;NC;1;1.1;CST;;29/08/2022 00:00;;;;
FO716000000476;"71153/USZ/TR 60 1480;2;2";CB716000000014;8;2;2;G657A2;NC;2;1.2;CST;;29/08/2022 00:00;;;;
FO716000000477;"71153/USZ/TR 60 1480;2;3";CB716000000014;9;2;3;G657A2;NC;3;1.3;CST;;29/08/2022 00:00;;;;
FO716000000478;"71153/USZ/TR 60 1480;2;4";CB716000000014;10;2;4;G657A2;NC;4;1.4;CST;;29/08/2022 00:00;;;;
FO716000000479;"71153/USZ/TR 60 1480;2;5";CB716000000014;11;2;5;G657A2;NC;5;1.5;CST;;29/08/2022 00:00;;;;
FO716000000480;"71153/USZ/TR 60 1480;2;6";CB716000000014;12;2;6;G657A2;NC;6;1.6;CST;;29/08/2022 00:00;;;;
FO716000000481;"71153/USZ/TR 60 1481;1;1";CB716000000015;1;1;1;G657A2;NC;1;1.1;CST;;29/08/2022 00:00;;;;
FO716000000482;"71153/USZ/TR 60 1481;1;2";CB716000000015;2;1;2;G657A2;NC;2;1.2;CST;;29/08/2022 00:00;;;;
FO716000000483;"71153/USZ/TR 60 1481;1;3";CB716000000015;3;1;3;G657A2;NC;3;1.3;CST;;29/08/2022 00:00;;;;
FO716000000484;"71153/USZ/TR 60 1481;1;4";CB716000000015;4;1;4;G657A2;NC;4;1.4;CST;;29/08/2022 00:00;;;;
FO716000000485;"71153/USZ/TR 60 1481;1;5";CB716000000015;5;1;5;G657A2;NC;5;1.5;CST;;29/08/2022 00:00;;;;
FO716000000486;"71153/USZ/TR 60 1481;1;6";CB716000000015;6;1;6;G657A2;NC;6;1.6;CST;;29/08/2022 00:00;;;;
FO716000000487;"71153/USZ/TR 60 1481;2;1";CB716000000015;7;2;1;G657A2;NC;1;1.1;CST;;29/08/2022 00:00;;;;
FO716000000488;"71153/USZ/TR 60 1481;2;2";CB716000000015;8;2;2;G657A2;NC;2;1.2;CST;;29/08/2022 00:00;;;;
FO716000000489;"71153/USZ/TR 60 1481;2;3";CB716000000015;9;2;3;G657A2;NC;3;1.3;CST;;29/08/2022 00:00;;;;
FO716000000490;"71153/USZ/TR 60 1481;2;4";CB716000000015;10;2;4;G657A2;NC;4;1.4;CST;;29/08/2022 00:00;;;;
FO716000000491;"71153/USZ/TR 60 1481;2;5";CB716000000015;11;2;5;G657A2;NC;5;1.5;CST;;29/08/2022 00:00;;;;
FO716000000492;"71153/USZ/TR 60 1481;2;6";CB716000000015;12;2;6;G657A2;NC;6;1.6;CST;;29/08/2022 00:00;;;;
FO716000000493;"71153/USZ/TR 60 1482;1;1";CB716000000016;1;1;1;G657A2;NC;1;1.1;CST;;29/08/2022 00:00;;;;
FO716000000494;"71153/USZ/TR 60 1482;1;2";CB716000000016;2;1;2;G657A2;NC;2;1.2;CST;;29/08/2022 00:00;;;;
FO716000000495;"71153/USZ/TR 60 1482;1;3";CB716000000016;3;1;3;G657A2;NC;3;1.3;CST;;29/08/2022 00:00;;;;
FO716000000496;"71153/USZ/TR 60 1482;1;4";CB716000000016;4;1;4;G657A2;NC;4;1.4;CST;;29/08/2022 00:00;;;;
FO716000000497;"71153/USZ/TR 60 1482;1;5";CB716000000016;5;1;5;G657A2;NC;5;1.5;CST;;29/08/2022 00:00;;;;
FO716000000498;"71153/USZ/TR 60 1482;1;6";CB716000000016;6;1;6;G657A2;NC;6;1.6;CST;;29/08/2022 00:00;;;;
FO716000000499;"71153/USZ/TR 60 1482;2;1";CB716000000016;7;2;1;G657A2;NC;1;1.1;CST;;29/08/2022 00:00;;;;
FO716000000500;"71153/USZ/TR 60 1482;2;2";CB716000000016;8;2;2;G657A2;NC;2;1.2;CST;;29/08/2022 00:00;;;;
FO716000000501;"71153/USZ/TR 60 1482;2;3";CB716000000016;9;2;3;G657A2;NC;3;1.3;CST;;29/08/2022 00:00;;;;
FO716000000502;"71153/USZ/TR 60 1482;2;4";CB716000000016;10;2;4;G657A2;NC;4;1.4;CST;;29/08/2022 00:00;;;;
FO716000000503;"71153/USZ/TR 60 1482;2;5";CB716000000016;11;2;5;G657A2;NC;5;1.5;CST;;29/08/2022 00:00;;;;
FO716000000504;"71153/USZ/TR 60 1482;2;6";CB716000000016;12;2;6;G657A2;NC;6;1.6;CST;;29/08/2022 00:00;;;;
FO716000000505;"71153/USZ/TR 60 1483;1;1";CB716000000007;1;1;1;G657A2;NC;1;1.1;CST;;29/08/2022 00:00;;;;
FO716000000506;"71153/USZ/TR 60 1483;1;2";CB716000000007;2;1;2;G657A2;NC;2;1.2;CST;;29/08/2022 00:00;;;;
FO716000000507;"71153/USZ/TR 60 1483;1;3";CB716000000007;3;1;3;G657A2;NC;3;1.3;CST;;29/08/2022 00:00;;;;
FO716000000508;"71153/USZ/TR 60 1483;1;4";CB716000000007;4;1;4;G657A2;NC;4;1.4;CST;;29/08/2022 00:00;;;;
FO716000000509;"71153/USZ/TR 60 1483;1;5";CB716000000007;5;1;5;G657A2;NC;5;1.5;CST;;29/08/2022 00:00;;;;
FO716000000510;"71153/USZ/TR 60 1483;1;6";CB716000000007;6;1;6;G657A2;NC;6;1.6;CST;;29/08/2022 00:00;;;;
FO716000000511;"71153/USZ/TR 60 1483;2;1";CB716000000007;7;2;1;G657A2;NC;1;1.1;CST;;29/08/2022 00:00;;;;
FO716000000512;"71153/USZ/TR 60 1483;2;2";CB716000000007;8;2;2;G657A2;NC;2;1.2;CST;;29/08/2022 00:00;;;;
FO716000000513;"71153/USZ/TR 60 1483;2;3";CB716000000007;9;2;3;G657A2;NC;3;1.3;CST;;29/08/2022 00:00;;;;
FO716000000514;"71153/USZ/TR 60 1483;2;4";CB716000000007;10;2;4;G657A2;NC;4;1.4;CST;;29/08/2022 00:00;;;;
FO716000000515;"71153/USZ/TR 60 1483;2;5";CB716000000007;11;2;5;G657A2;NC;5;1.5;CST;;29/08/2022 00:00;;;;
FO716000000516;"71153/USZ/TR 60 1483;2;6";CB716000000007;12;2;6;G657A2;NC;6;1.6;CST;;29/08/2022 00:00;;;;
FO716000000517;"71153/USZ/TR 60 1484;1;1";CB716000000008;1;1;1;G657A2;NC;1;1.1;CST;;29/08/2022 00:00;;;;
FO716000000518;"71153/USZ/TR 60 1484;1;2";CB716000000008;2;1;2;G657A2;NC;2;1.2;CST;;29/08/2022 00:00;;;;
FO716000000519;"71153/USZ/TR 60 1484;1;3";CB716000000008;3;1;3;G657A2;NC;3;1.3;CST;;29/08/2022 00:00;;;;
FO716000000520;"71153/USZ/TR 60 1484;1;4";CB716000000008;4;1;4;G657A2;NC;4;1.4;CST;;29/08/2022 00:00;;;;
FO716000000521;"71153/USZ/TR 60 1484;1;5";CB716000000008;5;1;5;G657A2;NC;5;1.5;CST;;29/08/2022 00:00;;;;
FO716000000522;"71153/USZ/TR 60 1484;1;6";CB716000000008;6;1;6;G657A2;NC;6;1.6;CST;;29/08/2022 00:00;;;;
FO716000000523;"71153/USZ/TR 60 1484;2;1";CB716000000008;7;2;1;G657A2;NC;1;1.1;CST;;29/08/2022 00:00;;;;
FO716000000524;"71153/USZ/TR 60 1484;2;2";CB716000000008;8;2;2;G657A2;NC;2;1.2;CST;;29/08/2022 00:00;;;;
FO716000000525;"71153/USZ/TR 60 1484;2;3";CB716000000008;9;2;3;G657A2;NC;3;1.3;CST;;29/08/2022 00:00;;;;
FO716000000526;"71153/USZ/TR 60 1484;2;4";CB716000000008;10;2;4;G657A2;NC;4;1.4;CST;;29/08/2022 00:00;;;;
FO716000000527;"71153/USZ/TR 60 1484;2;5";CB716000000008;11;2;5;G657A2;NC;5;1.5;CST;;29/08/2022 00:00;;;;
FO716000000528;"71153/USZ/TR 60 1484;2;6";CB716000000008;12;2;6;G657A2;NC;6;1.6;CST;;29/08/2022 00:00;;;;
FO716000000529;"71153/USZ/TR 60 1485;1;1";CB716000000017;1;1;1;G657A2;NC;1;1.1;CST;;29/08/2022 00:00;;;;
FO716000000530;"71153/USZ/TR 60 1485;1;2";CB716000000017;2;1;2;G657A2;NC;2;1.2;CST;;29/08/2022 00:00;;;;
FO716000000531;"71153/USZ/TR 60 1485;1;3";CB716000000017;3;1;3;G657A2;NC;3;1.3;CST;;29/08/2022 00:00;;;;
FO716000000532;"71153/USZ/TR 60 1485;1;4";CB716000000017;4;1;4;G657A2;NC;4;1.4;CST;;29/08/2022 00:00;;;;
FO716000000533;"71153/USZ/TR 60 1485;1;5";CB716000000017;5;1;5;G657A2;NC;5;1.5;CST;;29/08/2022 00:00;;;;
FO716000000534;"71153/USZ/TR 60 1485;1;6";CB716000000017;6;1;6;G657A2;NC;6;1.6;CST;;29/08/2022 00:00;;;;
FO716000000535;"71153/USZ/TR 60 1485;2;1";CB716000000017;7;2;1;G657A2;NC;1;1.1;CST;;29/08/2022 00:00;;;;
FO716000000536;"71153/USZ/TR 60 1485;2;2";CB716000000017;8;2;2;G657A2;NC;2;1.2;CST;;29/08/2022 00:00;;;;
FO716000000537;"71153/USZ/TR 60 1485;2;3";CB716000000017;9;2;3;G657A2;NC;3;1.3;CST;;29/08/2022 00:00;;;;
FO716000000538;"71153/USZ/TR 60 1485;2;4";CB716000000017;10;2;4;G657A2;NC;4;1.4;CST;;29/08/2022 00:00;;;;
FO716000000539;"71153/USZ/TR 60 1485;2;5";CB716000000017;11;2;5;G657A2;NC;5;1.5;CST;;29/08/2022 00:00;;;;
FO716000000540;"71153/USZ/TR 60 1485;2;6";CB716000000017;12;2;6;G657A2;NC;6;1.6;CST;;29/08/2022 00:00;;;;
FO716000000541;"71153/USZ/TR 60 1485;3;1";CB716000000017;13;3;1;G657A2;NC;1;1.1;CST;;29/08/2022 00:00;;;;
FO716000000542;"71153/USZ/TR 60 1485;3;2";CB716000000017;14;3;2;G657A2;NC;2;1.2;CST;;29/08/2022 00:00;;;;
FO716000000543;"71153/USZ/TR 60 1485;3;3";CB716000000017;15;3;3;G657A2;NC;3;1.3;CST;;29/08/2022 00:00;;;;
FO716000000544;"71153/USZ/TR 60 1485;3;4";CB716000000017;16;3;4;G657A2;NC;4;1.4;CST;;29/08/2022 00:00;;;;
FO716000000545;"71153/USZ/TR 60 1485;3;5";CB716000000017;17;3;5;G657A2;NC;5;1.5;CST;;29/08/2022 00:00;;;;
FO716000000546;"71153/USZ/TR 60 1485;3;6";CB716000000017;18;3;6;G657A2;NC;6;1.6;CST;;29/08/2022 00:00;;;;
FO716000000547;"71153/USZ/TR 60 1485;4;1";CB716000000017;19;4;1;G657A2;NC;1;1.1;CST;;29/08/2022 00:00;;;;
FO716000000548;"71153/USZ/TR 60 1485;4;2";CB716000000017;20;4;2;G657A2;NC;2;1.2;CST;;29/08/2022 00:00;;;;
FO716000000549;"71153/USZ/TR 60 1485;4;3";CB716000000017;21;4;3;G657A2;NC;3;1.3;CST;;29/08/2022 00:00;;;;
FO716000000550;"71153/USZ/TR 60 1485;4;4";CB716000000017;22;4;4;G657A2;NC;4;1.4;CST;;29/08/2022 00:00;;;;
FO716000000551;"71153/USZ/TR 60 1485;4;5";CB716000000017;23;4;5;G657A2;NC;5;1.5;CST;;29/08/2022 00:00;;;;
FO716000000552;"71153/USZ/TR 60 1485;4;6";CB716000000017;24;4;6;G657A2;NC;6;1.6;CST;;29/08/2022 00:00;;;;
FO716000000553;"71153/USZ/TR 60 1486;1;1";CB716000000018;1;1;1;G657A2;NC;1;1.1;CST;;29/08/2022 00:00;;;;
FO716000000554;"71153/USZ/TR 60 1486;1;2";CB716000000018;2;1;2;G657A2;NC;2;1.2;CST;;29/08/2022 00:00;;;;
FO716000000555;"71153/USZ/TR 60 1486;1;3";CB716000000018;3;1;3;G657A2;NC;3;1.3;CST;;29/08/2022 00:00;;;;
FO716000000556;"71153/USZ/TR 60 1486;1;4";CB716000000018;4;1;4;G657A2;NC;4;1.4;CST;;29/08/2022 00:00;;;;
FO716000000557;"71153/USZ/TR 60 1486;1;5";CB716000000018;5;1;5;G657A2;NC;5;1.5;CST;;29/08/2022 00:00;;;;
FO716000000558;"71153/USZ/TR 60 1486;1;6";CB716000000018;6;1;6;G657A2;NC;6;1.6;CST;;29/08/2022 00:00;;;;
FO716000000559;"71153/USZ/TR 60 1486;2;1";CB716000000018;7;2;1;G657A2;NC;1;1.1;CST;;29/08/2022 00:00;;;;
FO716000000560;"71153/USZ/TR 60 1486;2;2";CB716000000018;8;2;2;G657A2;NC;2;1.2;CST;;29/08/2022 00:00;;;;
FO716000000561;"71153/USZ/TR 60 1486;2;3";CB716000000018;9;2;3;G657A2;NC;3;1.3;CST;;29/08/2022 00:00;;;;
FO716000000562;"71153/USZ/TR 60 1486;2;4";CB716000000018;10;2;4;G657A2;NC;4;1.4;CST;;29/08/2022 00:00;;;;
FO716000000563;"71153/USZ/TR 60 1486;2;5";CB716000000018;11;2;5;G657A2;NC;5;1.5;CST;;29/08/2022 00:00;;;;
FO716000000564;"71153/USZ/TR 60 1486;2;6";CB716000000018;12;2;6;G657A2;NC;6;1.6;CST;;29/08/2022 00:00;;;;
FO716000000565;"71153/USZ/TR 60 1486;3;1";CB716000000018;13;3;1;G657A2;NC;1;1.1;CST;;29/08/2022 00:00;;;;
FO716000000566;"71153/USZ/TR 60 1486;3;2";CB716000000018;14;3;2;G657A2;NC;2;1.2;CST;;29/08/2022 00:00;;;;
FO716000000567;"71153/USZ/TR 60 1486;3;3";CB716000000018;15;3;3;G657A2;NC;3;1.3;CST;;29/08/2022 00:00;;;;
FO716000000568;"71153/USZ/TR 60 1486;3;4";CB716000000018;16;3;4;G657A2;NC;4;1.4;CST;;29/08/2022 00:00;;;;
FO716000000569;"71153/USZ/TR 60 1486;3;5";CB716000000018;17;3;5;G657A2;NC;5;1.5;CST;;29/08/2022 00:00;;;;
FO716000000570;"71153/USZ/TR 60 1486;3;6";CB716000000018;18;3;6;G657A2;NC;6;1.6;CST;;29/08/2022 00:00;;;;
FO716000000571;"71153/USZ/TR 60 1486;4;1";CB716000000018;19;4;1;G657A2;NC;1;1.1;CST;;29/08/2022 00:00;;;;
FO716000000572;"71153/USZ/TR 60 1486;4;2";CB716000000018;20;4;2;G657A2;NC;2;1.2;CST;;29/08/2022 00:00;;;;
FO716000000573;"71153/USZ/TR 60 1486;4;3";CB716000000018;21;4;3;G657A2;NC;3;1.3;CST;;29/08/2022 00:00;;;;
FO716000000574;"71153/USZ/TR 60 1486;4;4";CB716000000018;22;4;4;G657A2;NC;4;1.4;CST;;29/08/2022 00:00;;;;
FO716000000575;"71153/USZ/TR 60 1486;4;5";CB716000000018;23;4;5;G657A2;NC;5;1.5;CST;;29/08/2022 00:00;;;;
FO716000000576;"71153/USZ/TR 60 1486;4;6";CB716000000018;24;4;6;G657A2;NC;6;1.6;CST;;29/08/2022 00:00;;;;
FO716000000577;"71153/USZ/TR 60 1487;1;1";CB716000000019;1;1;1;G657A2;NC;1;1.1;CST;;29/08/2022 00:00;;;;
FO716000000578;"71153/USZ/TR 60 1487;1;2";CB716000000019;2;1;2;G657A2;NC;2;1.2;CST;;29/08/2022 00:00;;;;
FO716000000579;"71153/USZ/TR 60 1487;1;3";CB716000000019;3;1;3;G657A2;NC;3;1.3;CST;;29/08/2022 00:00;;;;
FO716000000580;"71153/USZ/TR 60 1487;1;4";CB716000000019;4;1;4;G657A2;NC;4;1.4;CST;;29/08/2022 00:00;;;;
FO716000000581;"71153/USZ/TR 60 1487;1;5";CB716000000019;5;1;5;G657A2;NC;5;1.5;CST;;29/08/2022 00:00;;;;
FO716000000582;"71153/USZ/TR 60 1487;1;6";CB716000000019;6;1;6;G657A2;NC;6;1.6;CST;;29/08/2022 00:00;;;;
FO716000000583;"71153/USZ/TR 60 1487;2;1";CB716000000019;7;2;1;G657A2;NC;1;1.1;CST;;29/08/2022 00:00;;;;
FO716000000584;"71153/USZ/TR 60 1487;2;2";CB716000000019;8;2;2;G657A2;NC;2;1.2;CST;;29/08/2022 00:00;;;;
FO716000000585;"71153/USZ/TR 60 1487;2;3";CB716000000019;9;2;3;G657A2;NC;3;1.3;CST;;29/08/2022 00:00;;;;
FO716000000586;"71153/USZ/TR 60 1487;2;4";CB716000000019;10;2;4;G657A2;NC;4;1.4;CST;;29/08/2022 00:00;;;;
FO716000000587;"71153/USZ/TR 60 1487;2;5";CB716000000019;11;2;5;G657A2;NC;5;1.5;CST;;29/08/2022 00:00;;;;
FO716000000588;"71153/USZ/TR 60 1487;2;6";CB716000000019;12;2;6;G657A2;NC;6;1.6;CST;;29/08/2022 00:00;;;;
FO716000000589;"71153/USZ/TR 60 1487;3;1";CB716000000019;13;3;1;G657A2;NC;1;1.1;CST;;29/08/2022 00:00;;;;
FO716000000590;"71153/USZ/TR 60 1487;3;2";CB716000000019;14;3;2;G657A2;NC;2;1.2;CST;;29/08/2022 00:00;;;;
FO716000000591;"71153/USZ/TR 60 1487;3;3";CB716000000019;15;3;3;G657A2;NC;3;1.3;CST;;29/08/2022 00:00;;;;
FO716000000592;"71153/USZ/TR 60 1487;3;4";CB716000000019;16;3;4;G657A2;NC;4;1.4;CST;;29/08/2022 00:00;;;;
FO716000000593;"71153/USZ/TR 60 1487;3;5";CB716000000019;17;3;5;G657A2;NC;5;1.5;CST;;29/08/2022 00:00;;;;
FO716000000594;"71153/USZ/TR 60 1487;3;6";CB716000000019;18;3;6;G657A2;NC;6;1.6;CST;;29/08/2022 00:00;;;;
FO716000000595;"71153/USZ/TR 60 1487;4;1";CB716000000019;19;4;1;G657A2;NC;1;1.1;CST;;29/08/2022 00:00;;;;
FO716000000596;"71153/USZ/TR 60 1487;4;2";CB716000000019;20;4;2;G657A2;NC;2;1.2;CST;;29/08/2022 00:00;;;;
FO716000000597;"71153/USZ/TR 60 1487;4;3";CB716000000019;21;4;3;G657A2;NC;3;1.3;CST;;29/08/2022 00:00;;;;
FO716000000598;"71153/USZ/TR 60 1487;4;4";CB716000000019;22;4;4;G657A2;NC;4;1.4;CST;;29/08/2022 00:00;;;;
FO716000000599;"71153/USZ/TR 60 1487;4;5";CB716000000019;23;4;5;G657A2;NC;5;1.5;CST;;29/08/2022 00:00;;;;
FO716000000600;"71153/USZ/TR 60 1487;4;6";CB716000000019;24;4;6;G657A2;NC;6;1.6;CST;;29/08/2022 00:00;;;;
FO716000000601;"71153/USZ/TR 60 1488;1;1";CB716000000020;1;1;1;G657A2;NC;1;1.1;CST;;29/08/2022 00:00;;;;
FO716000000602;"71153/USZ/TR 60 1488;1;2";CB716000000020;2;1;2;G657A2;NC;2;1.2;CST;;29/08/2022 00:00;;;;
FO716000000603;"71153/USZ/TR 60 1488;1;3";CB716000000020;3;1;3;G657A2;NC;3;1.3;CST;;29/08/2022 00:00;;;;
FO716000000604;"71153/USZ/TR 60 1488;1;4";CB716000000020;4;1;4;G657A2;NC;4;1.4;CST;;29/08/2022 00:00;;;;
FO716000000605;"71153/USZ/TR 60 1488;1;5";CB716000000020;5;1;5;G657A2;NC;5;1.5;CST;;29/08/2022 00:00;;;;
FO716000000606;"71153/USZ/TR 60 1488;1;6";CB716000000020;6;1;6;G657A2;NC;6;1.6;CST;;29/08/2022 00:00;;;;
FO716000000607;"71153/USZ/TR 60 1488;2;1";CB716000000020;7;2;1;G657A2;NC;1;1.1;CST;;29/08/2022 00:00;;;;
FO716000000608;"71153/USZ/TR 60 1488;2;2";CB716000000020;8;2;2;G657A2;NC;2;1.2;CST;;29/08/2022 00:00;;;;
FO716000000609;"71153/USZ/TR 60 1488;2;3";CB716000000020;9;2;3;G657A2;NC;3;1.3;CST;;29/08/2022 00:00;;;;
FO716000000610;"71153/USZ/TR 60 1488;2;4";CB716000000020;10;2;4;G657A2;NC;4;1.4;CST;;29/08/2022 00:00;;;;
FO716000000611;"71153/USZ/TR 60 1488;2;5";CB716000000020;11;2;5;G657A2;NC;5;1.5;CST;;29/08/2022 00:00;;;;
FO716000000612;"71153/USZ/TR 60 1488;2;6";CB716000000020;12;2;6;G657A2;NC;6;1.6;CST;;29/08/2022 00:00;;;;
FO716000000613;"71153/USZ/TR 60 1488;3;1";CB716000000020;13;3;1;G657A2;NC;1;1.1;CST;;29/08/2022 00:00;;;;
FO716000000614;"71153/USZ/TR 60 1488;3;2";CB716000000020;14;3;2;G657A2;NC;2;1.2;CST;;29/08/2022 00:00;;;;
FO716000000615;"71153/USZ/TR 60 1488;3;3";CB716000000020;15;3;3;G657A2;NC;3;1.3;CST;;29/08/2022 00:00;;;;
FO716000000616;"71153/USZ/TR 60 1488;3;4";CB716000000020;16;3;4;G657A2;NC;4;1.4;CST;;29/08/2022 00:00;;;;
FO716000000617;"71153/USZ/TR 60 1488;3;5";CB716000000020;17;3;5;G657A2;NC;5;1.5;CST;;29/08/2022 00:00;;;;
FO716000000618;"71153/USZ/TR 60 1488;3;6";CB716000000020;18;3;6;G657A2;NC;6;1.6;CST;;29/08/2022 00:00;;;;
FO716000000619;"71153/USZ/TR 60 1488;4;1";CB716000000020;19;4;1;G657A2;NC;1;1.1;CST;;29/08/2022 00:00;;;;
FO716000000620;"71153/USZ/TR 60 1488;4;2";CB716000000020;20;4;2;G657A2;NC;2;1.2;CST;;29/08/2022 00:00;;;;
FO716000000621;"71153/USZ/TR 60 1488;4;3";CB716000000020;21;4;3;G657A2;NC;3;1.3;CST;;29/08/2022 00:00;;;;
FO716000000622;"71153/USZ/TR 60 1488;4;4";CB716000000020;22;4;4;G657A2;NC;4;1.4;CST;;29/08/2022 00:00;;;;
FO716000000623;"71153/USZ/TR 60 1488;4;5";CB716000000020;23;4;5;G657A2;NC;5;1.5;CST;;29/08/2022 00:00;;;;
FO716000000624;"71153/USZ/TR 60 1488;4;6";CB716000000020;24;4;6;G657A2;NC;6;1.6;CST;;29/08/2022 00:00;;;;
FO716000000625;"71153/USZ/TR 60 1489;1;1";CB716000000021;1;1;1;G657A2;NC;1;1.1;CST;;29/08/2022 00:00;;;;
FO716000000626;"71153/USZ/TR 60 1489;1;2";CB716000000021;2;1;2;G657A2;NC;2;1.2;CST;;29/08/2022 00:00;;;;
FO716000000627;"71153/USZ/TR 60 1489;1;3";CB716000000021;3;1;3;G657A2;NC;3;1.3;CST;;29/08/2022 00:00;;;;
FO716000000628;"71153/USZ/TR 60 1489;1;4";CB716000000021;4;1;4;G657A2;NC;4;1.4;CST;;29/08/2022 00:00;;;;
FO716000000629;"71153/USZ/TR 60 1489;1;5";CB716000000021;5;1;5;G657A2;NC;5;1.5;CST;;29/08/2022 00:00;;;;
FO716000000630;"71153/USZ/TR 60 1489;1;6";CB716000000021;6;1;6;G657A2;NC;6;1.6;CST;;29/08/2022 00:00;;;;
FO716000000631;"71153/USZ/TR 60 1489;2;1";CB716000000021;7;2;1;G657A2;NC;1;1.1;CST;;29/08/2022 00:00;;;;
FO716000000632;"71153/USZ/TR 60 1489;2;2";CB716000000021;8;2;2;G657A2;NC;2;1.2;CST;;29/08/2022 00:00;;;;
FO716000000633;"71153/USZ/TR 60 1489;2;3";CB716000000021;9;2;3;G657A2;NC;3;1.3;CST;;29/08/2022 00:00;;;;
FO716000000634;"71153/USZ/TR 60 1489;2;4";CB716000000021;10;2;4;G657A2;NC;4;1.4;CST;;29/08/2022 00:00;;;;
FO716000000635;"71153/USZ/TR 60 1489;2;5";CB716000000021;11;2;5;G657A2;NC;5;1.5;CST;;29/08/2022 00:00;;;;
FO716000000636;"71153/USZ/TR 60 1489;2;6";CB716000000021;12;2;6;G657A2;NC;6;1.6;CST;;29/08/2022 00:00;;;;
FO716000000637;"71153/USZ/TR 60 1490;1;1";CB716000000022;1;1;1;G657A2;NC;1;1.1;CST;;29/08/2022 00:00;;;;
FO716000000638;"71153/USZ/TR 60 1490;1;2";CB716000000022;2;1;2;G657A2;NC;2;1.2;CST;;29/08/2022 00:00;;;;
FO716000000639;"71153/USZ/TR 60 1490;1;3";CB716000000022;3;1;3;G657A2;NC;3;1.3;CST;;29/08/2022 00:00;;;;
FO716000000640;"71153/USZ/TR 60 1490;1;4";CB716000000022;4;1;4;G657A2;NC;4;1.4;CST;;29/08/2022 00:00;;;;
FO716000000641;"71153/USZ/TR 60 1490;1;5";CB716000000022;5;1;5;G657A2;NC;5;1.5;CST;;29/08/2022 00:00;;;;
FO716000000642;"71153/USZ/TR 60 1490;1;6";CB716000000022;6;1;6;G657A2;NC;6;1.6;CST;;29/08/2022 00:00;;;;
FO716000000643;"71153/USZ/TR 60 1490;2;1";CB716000000022;7;2;1;G657A2;NC;1;1.1;CST;;29/08/2022 00:00;;;;
FO716000000644;"71153/USZ/TR 60 1490;2;2";CB716000000022;8;2;2;G657A2;NC;2;1.2;CST;;29/08/2022 00:00;;;;
FO716000000645;"71153/USZ/TR 60 1490;2;3";CB716000000022;9;2;3;G657A2;NC;3;1.3;CST;;29/08/2022 00:00;;;;
FO716000000646;"71153/USZ/TR 60 1490;2;4";CB716000000022;10;2;4;G657A2;NC;4;1.4;CST;;29/08/2022 00:00;;;;
FO716000000647;"71153/USZ/TR 60 1490;2;5";CB716000000022;11;2;5;G657A2;NC;5;1.5;CST;;29/08/2022 00:00;;;;
FO716000000648;"71153/USZ/TR 60 1490;2;6";CB716000000022;12;2;6;G657A2;NC;6;1.6;CST;;29/08/2022 00:00;;;;
FO716000000649;"71153/USZ/TR 60 1491;1;1";CB716000000023;1;1;1;G657A2;NC;1;1.1;CST;;29/08/2022 00:00;;;;
FO716000000650;"71153/USZ/TR 60 1491;1;2";CB716000000023;2;1;2;G657A2;NC;2;1.2;CST;;29/08/2022 00:00;;;;
FO716000000651;"71153/USZ/TR 60 1491;1;3";CB716000000023;3;1;3;G657A2;NC;3;1.3;CST;;29/08/2022 00:00;;;;
FO716000000652;"71153/USZ/TR 60 1491;1;4";CB716000000023;4;1;4;G657A2;NC;4;1.4;CST;;29/08/2022 00:00;;;;
FO716000000653;"71153/USZ/TR 60 1491;1;5";CB716000000023;5;1;5;G657A2;NC;5;1.5;CST;;29/08/2022 00:00;;;;
FO716000000654;"71153/USZ/TR 60 1491;1;6";CB716000000023;6;1;6;G657A2;NC;6;1.6;CST;;29/08/2022 00:00;;;;
FO716000000655;"71153/USZ/TR 60 1492;1;1";CB716000000024;1;1;1;G657A2;NC;1;1.1;CST;;29/08/2022 00:00;;;;
FO716000000656;"71153/USZ/TR 60 1492;1;2";CB716000000024;2;1;2;G657A2;NC;2;1.2;CST;;29/08/2022 00:00;;;;
FO716000000657;"71153/USZ/TR 60 1492;1;3";CB716000000024;3;1;3;G657A2;NC;3;1.3;CST;;29/08/2022 00:00;;;;
FO716000000658;"71153/USZ/TR 60 1492;1;4";CB716000000024;4;1;4;G657A2;NC;4;1.4;CST;;29/08/2022 00:00;;;;
FO716000000659;"71153/USZ/TR 60 1492;1;5";CB716000000024;5;1;5;G657A2;NC;5;1.5;CST;;29/08/2022 00:00;;;;
FO716000000660;"71153/USZ/TR 60 1492;1;6";CB716000000024;6;1;6;G657A2;NC;6;1.6;CST;;29/08/2022 00:00;;;;
FO716000000661;"71153/USZ/TR 60 1493;1;1";CB716000000025;1;1;1;G657A2;NC;1;1.1;CST;;29/08/2022 00:00;;;;
FO716000000662;"71153/USZ/TR 60 1493;1;2";CB716000000025;2;1;2;G657A2;NC;2;1.2;CST;;29/08/2022 00:00;;;;
FO716000000663;"71153/USZ/TR 60 1493;1;3";CB716000000025;3;1;3;G657A2;NC;3;1.3;CST;;29/08/2022 00:00;;;;
FO716000000664;"71153/USZ/TR 60 1493;1;4";CB716000000025;4;1;4;G657A2;NC;4;1.4;CST;;29/08/2022 00:00;;;;
FO716000000665;"71153/USZ/TR 60 1493;1;5";CB716000000025;5;1;5;G657A2;NC;5;1.5;CST;;29/08/2022 00:00;;;;
FO716000000666;"71153/USZ/TR 60 1493;1;6";CB716000000025;6;1;6;G657A2;NC;6;1.6;CST;;29/08/2022 00:00;;;;
FO716000000667;"71153/USZ/TR 60 1493;2;1";CB716000000025;7;2;1;G657A2;NC;1;1.1;CST;;29/08/2022 00:00;;;;
FO716000000668;"71153/USZ/TR 60 1493;2;2";CB716000000025;8;2;2;G657A2;NC;2;1.2;CST;;29/08/2022 00:00;;;;
FO716000000669;"71153/USZ/TR 60 1493;2;3";CB716000000025;9;2;3;G657A2;NC;3;1.3;CST;;29/08/2022 00:00;;;;
FO716000000670;"71153/USZ/TR 60 1493;2;4";CB716000000025;10;2;4;G657A2;NC;4;1.4;CST;;29/08/2022 00:00;;;;
FO716000000671;"71153/USZ/TR 60 1493;2;5";CB716000000025;11;2;5;G657A2;NC;5;1.5;CST;;29/08/2022 00:00;;;;
FO716000000672;"71153/USZ/TR 60 1493;2;6";CB716000000025;12;2;6;G657A2;NC;6;1.6;CST;;29/08/2022 00:00;;;;
FO716000000673;"71153/USZ/TR 60 1493;3;1";CB716000000025;13;3;1;G657A2;NC;1;1.1;CST;;29/08/2022 00:00;;;;
FO716000000674;"71153/USZ/TR 60 1493;3;2";CB716000000025;14;3;2;G657A2;NC;2;1.2;CST;;29/08/2022 00:00;;;;
FO716000000675;"71153/USZ/TR 60 1493;3;3";CB716000000025;15;3;3;G657A2;NC;3;1.3;CST;;29/08/2022 00:00;;;;
FO716000000676;"71153/USZ/TR 60 1493;3;4";CB716000000025;16;3;4;G657A2;NC;4;1.4;CST;;29/08/2022 00:00;;;;
FO716000000677;"71153/USZ/TR 60 1493;3;5";CB716000000025;17;3;5;G657A2;NC;5;1.5;CST;;29/08/2022 00:00;;;;
FO716000000678;"71153/USZ/TR 60 1493;3;6";CB716000000025;18;3;6;G657A2;NC;6;1.6;CST;;29/08/2022 00:00;;;;
FO716000000679;"71153/USZ/TR 60 1493;4;1";CB716000000025;19;4;1;G657A2;NC;1;1.1;CST;;29/08/2022 00:00;;;;
FO716000000680;"71153/USZ/TR 60 1493;4;2";CB716000000025;20;4;2;G657A2;NC;2;1.2;CST;;29/08/2022 00:00;;;;
FO716000000681;"71153/USZ/TR 60 1493;4;3";CB716000000025;21;4;3;G657A2;NC;3;1.3;CST;;29/08/2022 00:00;;;;
FO716000000682;"71153/USZ/TR 60 1493;4;4";CB716000000025;22;4;4;G657A2;NC;4;1.4;CST;;29/08/2022 00:00;;;;
FO716000000683;"71153/USZ/TR 60 1493;4;5";CB716000000025;23;4;5;G657A2;NC;5;1.5;CST;;29/08/2022 00:00;;;;
FO716000000684;"71153/USZ/TR 60 1493;4;6";CB716000000025;24;4;6;G657A2;NC;6;1.6;CST;;29/08/2022 00:00;;;;
FO716000000685;"71153/USZ/TR 60 1493;5;1";CB716000000025;25;5;1;G657A2;NC;1;1.1;CST;;29/08/2022 00:00;;;;
FO716000000686;"71153/USZ/TR 60 1493;5;2";CB716000000025;26;5;2;G657A2;NC;2;1.2;CST;;29/08/2022 00:00;;;;
FO716000000687;"71153/USZ/TR 60 1493;5;3";CB716000000025;27;5;3;G657A2;NC;3;1.3;CST;;29/08/2022 00:00;;;;
FO716000000688;"71153/USZ/TR 60 1493;5;4";CB716000000025;28;5;4;G657A2;NC;4;1.4;CST;;29/08/2022 00:00;;;;
FO716000000689;"71153/USZ/TR 60 1493;5;5";CB716000000025;29;5;5;G657A2;NC;5;1.5;CST;;29/08/2022 00:00;;;;
FO716000000690;"71153/USZ/TR 60 1493;5;6";CB716000000025;30;5;6;G657A2;NC;6;1.6;CST;;29/08/2022 00:00;;;;
FO716000000691;"71153/USZ/TR 60 1493;6;1";CB716000000025;31;6;1;G657A2;NC;1;1.1;CST;;29/08/2022 00:00;;;;
FO716000000692;"71153/USZ/TR 60 1493;6;2";CB716000000025;32;6;2;G657A2;NC;2;1.2;CST;;29/08/2022 00:00;;;;
FO716000000693;"71153/USZ/TR 60 1493;6;3";CB716000000025;33;6;3;G657A2;NC;3;1.3;CST;;29/08/2022 00:00;;;;
FO716000000694;"71153/USZ/TR 60 1493;6;4";CB716000000025;34;6;4;G657A2;NC;4;1.4;CST;;29/08/2022 00:00;;;;
FO716000000695;"71153/USZ/TR 60 1493;6;5";CB716000000025;35;6;5;G657A2;NC;5;1.5;CST;;29/08/2022 00:00;;;;
FO716000000696;"71153/USZ/TR 60 1493;6;6";CB716000000025;36;6;6;G657A2;NC;6;1.6;CST;;29/08/2022 00:00;;;;
FO716000000697;"71153/USZ/TR 60 1493;7;1";CB716000000025;37;7;1;G657A2;NC;1;1.1;CST;;29/08/2022 00:00;;;;
FO716000000698;"71153/USZ/TR 60 1493;7;2";CB716000000025;38;7;2;G657A2;NC;2;1.2;CST;;29/08/2022 00:00;;;;
FO716000000699;"71153/USZ/TR 60 1493;7;3";CB716000000025;39;7;3;G657A2;NC;3;1.3;CST;;29/08/2022 00:00;;;;
FO716000000700;"71153/USZ/TR 60 1493;7;4";CB716000000025;40;7;4;G657A2;NC;4;1.4;CST;;29/08/2022 00:00;;;;
FO716000000701;"71153/USZ/TR 60 1493;7;5";CB716000000025;41;7;5;G657A2;NC;5;1.5;CST;;29/08/2022 00:00;;;;
FO716000000702;"71153/USZ/TR 60 1493;7;6";CB716000000025;42;7;6;G657A2;NC;6;1.6;CST;;29/08/2022 00:00;;;;
FO716000000703;"71153/USZ/TR 60 1493;8;1";CB716000000025;43;8;1;G657A2;NC;1;1.1;CST;;29/08/2022 00:00;;;;
FO716000000704;"71153/USZ/TR 60 1493;8;2";CB716000000025;44;8;2;G657A2;NC;2;1.2;CST;;29/08/2022 00:00;;;;
FO716000000705;"71153/USZ/TR 60 1493;8;3";CB716000000025;45;8;3;G657A2;NC;3;1.3;CST;;29/08/2022 00:00;;;;
FO716000000706;"71153/USZ/TR 60 1493;8;4";CB716000000025;46;8;4;G657A2;NC;4;1.4;CST;;29/08/2022 00:00;;;;
FO716000000707;"71153/USZ/TR 60 1493;8;5";CB716000000025;47;8;5;G657A2;NC;5;1.5;CST;;29/08/2022 00:00;;;;
FO716000000708;"71153/USZ/TR 60 1493;8;6";CB716000000025;48;8;6;G657A2;NC;6;1.6;CST;;29/08/2022 00:00;;;;
FO716000000709;"71153/USZ/TR 60 1493;9;1";CB716000000025;49;9;1;G657A2;NC;1;1.1;CST;;29/08/2022 00:00;;;;
FO716000000710;"71153/USZ/TR 60 1493;9;2";CB716000000025;50;9;2;G657A2;NC;2;1.2;CST;;29/08/2022 00:00;;;;
FO716000000711;"71153/USZ/TR 60 1493;9;3";CB716000000025;51;9;3;G657A2;NC;3;1.3;CST;;29/08/2022 00:00;;;;
FO716000000712;"71153/USZ/TR 60 1493;9;4";CB716000000025;52;9;4;G657A2;NC;4;1.4;CST;;29/08/2022 00:00;;;;
FO716000000713;"71153/USZ/TR 60 1493;9;5";CB716000000025;53;9;5;G657A2;NC;5;1.5;CST;;29/08/2022 00:00;;;;
FO716000000714;"71153/USZ/TR 60 1493;9;6";CB716000000025;54;9;6;G657A2;NC;6;1.6;CST;;29/08/2022 00:00;;;;
FO716000000715;"71153/USZ/TR 60 1493;10;1";CB716000000025;55;10;1;G657A2;NC;1;1.1;CST;;29/08/2022 00:00;;;;
FO716000000716;"71153/USZ/TR 60 1493;10;2";CB716000000025;56;10;2;G657A2;NC;2;1.2;CST;;29/08/2022 00:00;;;;
FO716000000717;"71153/USZ/TR 60 1493;10;3";CB716000000025;57;10;3;G657A2;NC;3;1.3;CST;;29/08/2022 00:00;;;;
FO716000000718;"71153/USZ/TR 60 1493;10;4";CB716000000025;58;10;4;G657A2;NC;4;1.4;CST;;29/08/2022 00:00;;;;
FO716000000719;"71153/USZ/TR 60 1493;10;5";CB716000000025;59;10;5;G657A2;NC;5;1.5;CST;;29/08/2022 00:00;;;;
FO716000000720;"71153/USZ/TR 60 1493;10;6";CB716000000025;60;10;6;G657A2;NC;6;1.6;CST;;29/08/2022 00:00;;;;
FO716000000721;"71153/USZ/TR 60 1493;11;1";CB716000000025;61;11;1;G657A2;NC;1;1.1;CST;;29/08/2022 00:00;;;;
FO716000000722;"71153/USZ/TR 60 1493;11;2";CB716000000025;62;11;2;G657A2;NC;2;1.2;CST;;29/08/2022 00:00;;;;
FO716000000723;"71153/USZ/TR 60 1493;11;3";CB716000000025;63;11;3;G657A2;NC;3;1.3;CST;;29/08/2022 00:00;;;;
FO716000000724;"71153/USZ/TR 60 1493;11;4";CB716000000025;64;11;4;G657A2;NC;4;1.4;CST;;29/08/2022 00:00;;;;
FO716000000725;"71153/USZ/TR 60 1493;11;5";CB716000000025;65;11;5;G657A2;NC;5;1.5;CST;;29/08/2022 00:00;;;;
FO716000000726;"71153/USZ/TR 60 1493;11;6";CB716000000025;66;11;6;G657A2;NC;6;1.6;CST;;29/08/2022 00:00;;;;
FO716000000727;"71153/USZ/TR 60 1493;12;1";CB716000000025;67;12;1;G657A2;NC;1;1.1;CST;;29/08/2022 00:00;;;;
FO716000000728;"71153/USZ/TR 60 1493;12;2";CB716000000025;68;12;2;G657A2;NC;2;1.2;CST;;29/08/2022 00:00;;;;
FO716000000729;"71153/USZ/TR 60 1493;12;3";CB716000000025;69;12;3;G657A2;NC;3;1.3;CST;;29/08/2022 00:00;;;;
FO716000000730;"71153/USZ/TR 60 1493;12;4";CB716000000025;70;12;4;G657A2;NC;4;1.4;CST;;29/08/2022 00:00;;;;
FO716000000731;"71153/USZ/TR 60 1493;12;5";CB716000000025;71;12;5;G657A2;NC;5;1.5;CST;;29/08/2022 00:00;;;;
FO716000000732;"71153/USZ/TR 60 1493;12;6";CB716000000025;72;12;6;G657A2;NC;6;1.6;CST;;29/08/2022 00:00;;;;
FO716000000733;"71153/USZ/TR 60 1493;13;1";CB716000000025;73;13;1;G657A2;NC;1;1.1;CST;;29/08/2022 00:00;;;;
FO716000000734;"71153/USZ/TR 60 1493;13;2";CB716000000025;74;13;2;G657A2;NC;2;1.2;CST;;29/08/2022 00:00;;;;
FO716000000735;"71153/USZ/TR 60 1493;13;3";CB716000000025;75;13;3;G657A2;NC;3;1.3;CST;;29/08/2022 00:00;;;;
FO716000000736;"71153/USZ/TR 60 1493;13;4";CB716000000025;76;13;4;G657A2;NC;4;1.4;CST;;29/08/2022 00:00;;;;
FO716000000737;"71153/USZ/TR 60 1493;13;5";CB716000000025;77;13;5;G657A2;NC;5;1.5;CST;;29/08/2022 00:00;;;;
FO716000000738;"71153/USZ/TR 60 1493;13;6";CB716000000025;78;13;6;G657A2;NC;6;1.6;CST;;29/08/2022 00:00;;;;
FO716000000739;"71153/USZ/TR 60 1493;14;1";CB716000000025;79;14;1;G657A2;NC;1;1.1;CST;;29/08/2022 00:00;;;;
FO716000000740;"71153/USZ/TR 60 1493;14;2";CB716000000025;80;14;2;G657A2;NC;2;1.2;CST;;29/08/2022 00:00;;;;
FO716000000741;"71153/USZ/TR 60 1493;14;3";CB716000000025;81;14;3;G657A2;NC;3;1.3;CST;;29/08/2022 00:00;;;;
FO716000000742;"71153/USZ/TR 60 1493;14;4";CB716000000025;82;14;4;G657A2;NC;4;1.4;CST;;29/08/2022 00:00;;;;
FO716000000743;"71153/USZ/TR 60 1493;14;5";CB716000000025;83;14;5;G657A2;NC;5;1.5;CST;;29/08/2022 00:00;;;;
FO716000000744;"71153/USZ/TR 60 1493;14;6";CB716000000025;84;14;6;G657A2;NC;6;1.6;CST;;29/08/2022 00:00;;;;
FO716000000745;"71153/USZ/TR 60 1493;15;1";CB716000000025;85;15;1;G657A2;NC;1;1.1;CST;;29/08/2022 00:00;;;;
FO716000000746;"71153/USZ/TR 60 1493;15;2";CB716000000025;86;15;2;G657A2;NC;2;1.2;CST;;29/08/2022 00:00;;;;
FO716000000747;"71153/USZ/TR 60 1493;15;3";CB716000000025;87;15;3;G657A2;NC;3;1.3;CST;;29/08/2022 00:00;;;;
FO716000000748;"71153/USZ/TR 60 1493;15;4";CB716000000025;88;15;4;G657A2;NC;4;1.4;CST;;29/08/2022 00:00;;;;
FO716000000749;"71153/USZ/TR 60 1493;15;5";CB716000000025;89;15;5;G657A2;NC;5;1.5;CST;;29/08/2022 00:00;;;;
FO716000000750;"71153/USZ/TR 60 1493;15;6";CB716000000025;90;15;6;G657A2;NC;6;1.6;CST;;29/08/2022 00:00;;;;
FO716000000751;"71153/USZ/TR 60 1493;16;1";CB716000000025;91;16;1;G657A2;NC;1;1.1;CST;;29/08/2022 00:00;;;;
FO716000000752;"71153/USZ/TR 60 1493;16;2";CB716000000025;92;16;2;G657A2;NC;2;1.2;CST;;29/08/2022 00:00;;;;
FO716000000753;"71153/USZ/TR 60 1493;16;3";CB716000000025;93;16;3;G657A2;NC;3;1.3;CST;;29/08/2022 00:00;;;;
FO716000000754;"71153/USZ/TR 60 1493;16;4";CB716000000025;94;16;4;G657A2;NC;4;1.4;CST;;29/08/2022 00:00;;;;
FO716000000755;"71153/USZ/TR 60 1493;16;5";CB716000000025;95;16;5;G657A2;NC;5;1.5;CST;;29/08/2022 00:00;;;;
FO716000000756;"71153/USZ/TR 60 1493;16;6";CB716000000025;96;16;6;G657A2;NC;6;1.6;CST;;29/08/2022 00:00;;;;
FO716000000757;"71153/USZ/TR 60 1493;17;1";CB716000000025;97;17;1;G657A2;NC;1;1.1;CST;;29/08/2022 00:00;;;;
FO716000000758;"71153/USZ/TR 60 1493;17;2";CB716000000025;98;17;2;G657A2;NC;2;1.2;CST;;29/08/2022 00:00;;;;
FO716000000759;"71153/USZ/TR 60 1493;17;3";CB716000000025;99;17;3;G657A2;NC;3;1.3;CST;;29/08/2022 00:00;;;;
FO716000000760;"71153/USZ/TR 60 1493;17;4";CB716000000025;100;17;4;G657A2;NC;4;1.4;CST;;29/08/2022 00:00;;;;
FO716000000761;"71153/USZ/TR 60 1493;17;5";CB716000000025;101;17;5;G657A2;NC;5;1.5;CST;;29/08/2022 00:00;;;;
FO716000000762;"71153/USZ/TR 60 1493;17;6";CB716000000025;102;17;6;G657A2;NC;6;1.6;CST;;29/08/2022 00:00;;;;
FO716000000763;"71153/USZ/TR 60 1493;18;1";CB716000000025;103;18;1;G657A2;NC;1;1.1;CST;;29/08/2022 00:00;;;;
FO716000000764;"71153/USZ/TR 60 1493;18;2";CB716000000025;104;18;2;G657A2;NC;2;1.2;CST;;29/08/2022 00:00;;;;
FO716000000765;"71153/USZ/TR 60 1493;18;3";CB716000000025;105;18;3;G657A2;NC;3;1.3;CST;;29/08/2022 00:00;;;;
FO716000000766;"71153/USZ/TR 60 1493;18;4";CB716000000025;106;18;4;G657A2;NC;4;1.4;CST;;29/08/2022 00:00;;;;
FO716000000767;"71153/USZ/TR 60 1493;18;5";CB716000000025;107;18;5;G657A2;NC;5;1.5;CST;;29/08/2022 00:00;;;;
FO716000000768;"71153/USZ/TR 60 1493;18;6";CB716000000025;108;18;6;G657A2;NC;6;1.6;CST;;29/08/2022 00:00;;;;
FO716000000769;"71153/USZ/TR 60 1493;19;1";CB716000000025;109;19;1;G657A2;NC;1;1.1;CST;;29/08/2022 00:00;;;;
FO716000000770;"71153/USZ/TR 60 1493;19;2";CB716000000025;110;19;2;G657A2;NC;2;1.2;CST;;29/08/2022 00:00;;;;
FO716000000771;"71153/USZ/TR 60 1493;19;3";CB716000000025;111;19;3;G657A2;NC;3;1.3;CST;;29/08/2022 00:00;;;;
FO716000000772;"71153/USZ/TR 60 1493;19;4";CB716000000025;112;19;4;G657A2;NC;4;1.4;CST;;29/08/2022 00:00;;;;
FO716000000773;"71153/USZ/TR 60 1493;19;5";CB716000000025;113;19;5;G657A2;NC;5;1.5;CST;;29/08/2022 00:00;;;;
FO716000000774;"71153/USZ/TR 60 1493;19;6";CB716000000025;114;19;6;G657A2;NC;6;1.6;CST;;29/08/2022 00:00;;;;
FO716000000775;"71153/USZ/TR 60 1493;20;1";CB716000000025;115;20;1;G657A2;NC;1;1.1;CST;;29/08/2022 00:00;;;;
FO716000000776;"71153/USZ/TR 60 1493;20;2";CB716000000025;116;20;2;G657A2;NC;2;1.2;CST;;29/08/2022 00:00;;;;
FO716000000777;"71153/USZ/TR 60 1493;20;3";CB716000000025;117;20;3;G657A2;NC;3;1.3;CST;;29/08/2022 00:00;;;;
FO716000000778;"71153/USZ/TR 60 1493;20;4";CB716000000025;118;20;4;G657A2;NC;4;1.4;CST;;29/08/2022 00:00;;;;
FO716000000779;"71153/USZ/TR 60 1493;20;5";CB716000000025;119;20;5;G657A2;NC;5;1.5;CST;;29/08/2022 00:00;;;;
FO716000000780;"71153/USZ/TR 60 1493;20;6";CB716000000025;120;20;6;G657A2;NC;6;1.6;CST;;29/08/2022 00:00;;;;
FO716000000781;"71153/USZ/TR 60 1493;21;1";CB716000000025;121;21;1;G657A2;NC;1;1.1;CST;;29/08/2022 00:00;;;;
FO716000000782;"71153/USZ/TR 60 1493;21;2";CB716000000025;122;21;2;G657A2;NC;2;1.2;CST;;29/08/2022 00:00;;;;
FO716000000783;"71153/USZ/TR 60 1493;21;3";CB716000000025;123;21;3;G657A2;NC;3;1.3;CST;;29/08/2022 00:00;;;;
FO716000000784;"71153/USZ/TR 60 1493;21;4";CB716000000025;124;21;4;G657A2;NC;4;1.4;CST;;29/08/2022 00:00;;;;
FO716000000785;"71153/USZ/TR 60 1493;21;5";CB716000000025;125;21;5;G657A2;NC;5;1.5;CST;;29/08/2022 00:00;;;;
FO716000000786;"71153/USZ/TR 60 1493;21;6";CB716000000025;126;21;6;G657A2;NC;6;1.6;CST;;29/08/2022 00:00;;;;
FO716000000787;"71153/USZ/TR 60 1493;22;1";CB716000000025;127;22;1;G657A2;NC;1;1.1;CST;;29/08/2022 00:00;;;;
FO716000000788;"71153/USZ/TR 60 1493;22;2";CB716000000025;128;22;2;G657A2;NC;2;1.2;CST;;29/08/2022 00:00;;;;
FO716000000789;"71153/USZ/TR 60 1493;22;3";CB716000000025;129;22;3;G657A2;NC;3;1.3;CST;;29/08/2022 00:00;;;;
FO716000000790;"71153/USZ/TR 60 1493;22;4";CB716000000025;130;22;4;G657A2;NC;4;1.4;CST;;29/08/2022 00:00;;;;
FO716000000791;"71153/USZ/TR 60 1493;22;5";CB716000000025;131;22;5;G657A2;NC;5;1.5;CST;;29/08/2022 00:00;;;;
FO716000000792;"71153/USZ/TR 60 1493;22;6";CB716000000025;132;22;6;G657A2;NC;6;1.6;CST;;29/08/2022 00:00;;;;
FO716000000793;"71153/USZ/TR 60 1493;23;1";CB716000000025;133;23;1;G657A2;NC;1;1.1;CST;;29/08/2022 00:00;;;;
FO716000000794;"71153/USZ/TR 60 1493;23;2";CB716000000025;134;23;2;G657A2;NC;2;1.2;CST;;29/08/2022 00:00;;;;
FO716000000795;"71153/USZ/TR 60 1493;23;3";CB716000000025;135;23;3;G657A2;NC;3;1.3;CST;;29/08/2022 00:00;;;;
FO716000000796;"71153/USZ/TR 60 1493;23;4";CB716000000025;136;23;4;G657A2;NC;4;1.4;CST;;29/08/2022 00:00;;;;
FO716000000797;"71153/USZ/TR 60 1493;23;5";CB716000000025;137;23;5;G657A2;NC;5;1.5;CST;;29/08/2022 00:00;;;;
FO716000000798;"71153/USZ/TR 60 1493;23;6";CB716000000025;138;23;6;G657A2;NC;6;1.6;CST;;29/08/2022 00:00;;;;
FO716000000799;"71153/USZ/TR 60 1493;24;1";CB716000000025;139;24;1;G657A2;NC;1;1.1;CST;;29/08/2022 00:00;;;;
FO716000000800;"71153/USZ/TR 60 1493;24;2";CB716000000025;140;24;2;G657A2;NC;2;1.2;CST;;29/08/2022 00:00;;;;
FO716000000801;"71153/USZ/TR 60 1493;24;3";CB716000000025;141;24;3;G657A2;NC;3;1.3;CST;;29/08/2022 00:00;;;;
FO716000000802;"71153/USZ/TR 60 1493;24;4";CB716000000025;142;24;4;G657A2;NC;4;1.4;CST;;29/08/2022 00:00;;;;
FO716000000803;"71153/USZ/TR 60 1493;24;5";CB716000000025;143;24;5;G657A2;NC;5;1.5;CST;;29/08/2022 00:00;;;;
FO716000000804;"71153/USZ/TR 60 1493;24;6";CB716000000025;144;24;6;G657A2;NC;6;1.6;CST;;29/08/2022 00:00;;;;
FO716000000805;"71153/USZ/TR 60 1494;1;1";CB716000000026;1;1;1;G657A2;NC;1;1.1;CST;;29/08/2022 00:00;;;;
FO716000000806;"71153/USZ/TR 60 1494;1;2";CB716000000026;2;1;2;G657A2;NC;2;1.2;CST;;29/08/2022 00:00;;;;
FO716000000807;"71153/USZ/TR 60 1494;1;3";CB716000000026;3;1;3;G657A2;NC;3;1.3;CST;;29/08/2022 00:00;;;;
FO716000000808;"71153/USZ/TR 60 1494;1;4";CB716000000026;4;1;4;G657A2;NC;4;1.4;CST;;29/08/2022 00:00;;;;
FO716000000809;"71153/USZ/TR 60 1494;1;5";CB716000000026;5;1;5;G657A2;NC;5;1.5;CST;;29/08/2022 00:00;;;;
FO716000000810;"71153/USZ/TR 60 1494;1;6";CB716000000026;6;1;6;G657A2;NC;6;1.6;CST;;29/08/2022 00:00;;;;
FO716000000811;"71153/USZ/TR 60 1494;2;1";CB716000000026;7;2;1;G657A2;NC;1;1.1;CST;;29/08/2022 00:00;;;;
FO716000000812;"71153/USZ/TR 60 1494;2;2";CB716000000026;8;2;2;G657A2;NC;2;1.2;CST;;29/08/2022 00:00;;;;
FO716000000813;"71153/USZ/TR 60 1494;2;3";CB716000000026;9;2;3;G657A2;NC;3;1.3;CST;;29/08/2022 00:00;;;;
FO716000000814;"71153/USZ/TR 60 1494;2;4";CB716000000026;10;2;4;G657A2;NC;4;1.4;CST;;29/08/2022 00:00;;;;
FO716000000815;"71153/USZ/TR 60 1494;2;5";CB716000000026;11;2;5;G657A2;NC;5;1.5;CST;;29/08/2022 00:00;;;;
FO716000000816;"71153/USZ/TR 60 1494;2;6";CB716000000026;12;2;6;G657A2;NC;6;1.6;CST;;29/08/2022 00:00;;;;
FO716000000817;"71153/USZ/TR 60 1494;3;1";CB716000000026;13;3;1;G657A2;NC;1;1.1;CST;;29/08/2022 00:00;;;;
FO716000000818;"71153/USZ/TR 60 1494;3;2";CB716000000026;14;3;2;G657A2;NC;2;1.2;CST;;29/08/2022 00:00;;;;
FO716000000819;"71153/USZ/TR 60 1494;3;3";CB716000000026;15;3;3;G657A2;NC;3;1.3;CST;;29/08/2022 00:00;;;;
FO716000000820;"71153/USZ/TR 60 1494;3;4";CB716000000026;16;3;4;G657A2;NC;4;1.4;CST;;29/08/2022 00:00;;;;
FO716000000821;"71153/USZ/TR 60 1494;3;5";CB716000000026;17;3;5;G657A2;NC;5;1.5;CST;;29/08/2022 00:00;;;;
FO716000000822;"71153/USZ/TR 60 1494;3;6";CB716000000026;18;3;6;G657A2;NC;6;1.6;CST;;29/08/2022 00:00;;;;
FO716000000823;"71153/USZ/TR 60 1494;4;1";CB716000000026;19;4;1;G657A2;NC;1;1.1;CST;;29/08/2022 00:00;;;;
FO716000000824;"71153/USZ/TR 60 1494;4;2";CB716000000026;20;4;2;G657A2;NC;2;1.2;CST;;29/08/2022 00:00;;;;
FO716000000825;"71153/USZ/TR 60 1494;4;3";CB716000000026;21;4;3;G657A2;NC;3;1.3;CST;;29/08/2022 00:00;;;;
FO716000000826;"71153/USZ/TR 60 1494;4;4";CB716000000026;22;4;4;G657A2;NC;4;1.4;CST;;29/08/2022 00:00;;;;
FO716000000827;"71153/USZ/TR 60 1494;4;5";CB716000000026;23;4;5;G657A2;NC;5;1.5;CST;;29/08/2022 00:00;;;;
FO716000000828;"71153/USZ/TR 60 1494;4;6";CB716000000026;24;4;6;G657A2;NC;6;1.6;CST;;29/08/2022 00:00;;;;
FO716000000829;"71153/USZ/TR 60 1494;5;1";CB716000000026;25;5;1;G657A2;NC;1;1.1;CST;;29/08/2022 00:00;;;;
FO716000000830;"71153/USZ/TR 60 1494;5;2";CB716000000026;26;5;2;G657A2;NC;2;1.2;CST;;29/08/2022 00:00;;;;
FO716000000831;"71153/USZ/TR 60 1494;5;3";CB716000000026;27;5;3;G657A2;NC;3;1.3;CST;;29/08/2022 00:00;;;;
FO716000000832;"71153/USZ/TR 60 1494;5;4";CB716000000026;28;5;4;G657A2;NC;4;1.4;CST;;29/08/2022 00:00;;;;
FO716000000833;"71153/USZ/TR 60 1494;5;5";CB716000000026;29;5;5;G657A2;NC;5;1.5;CST;;29/08/2022 00:00;;;;
FO716000000834;"71153/USZ/TR 60 1494;5;6";CB716000000026;30;5;6;G657A2;NC;6;1.6;CST;;29/08/2022 00:00;;;;
FO716000000835;"71153/USZ/TR 60 1494;6;1";CB716000000026;31;6;1;G657A2;NC;1;1.1;CST;;29/08/2022 00:00;;;;
FO716000000836;"71153/USZ/TR 60 1494;6;2";CB716000000026;32;6;2;G657A2;NC;2;1.2;CST;;29/08/2022 00:00;;;;
FO716000000837;"71153/USZ/TR 60 1494;6;3";CB716000000026;33;6;3;G657A2;NC;3;1.3;CST;;29/08/2022 00:00;;;;
FO716000000838;"71153/USZ/TR 60 1494;6;4";CB716000000026;34;6;4;G657A2;NC;4;1.4;CST;;29/08/2022 00:00;;;;
FO716000000839;"71153/USZ/TR 60 1494;6;5";CB716000000026;35;6;5;G657A2;NC;5;1.5;CST;;29/08/2022 00:00;;;;
FO716000000840;"71153/USZ/TR 60 1494;6;6";CB716000000026;36;6;6;G657A2;NC;6;1.6;CST;;29/08/2022 00:00;;;;
FO716000000841;"71153/USZ/TR 60 1495;1;1";CB716000000027;1;1;1;G657A2;NC;1;1.1;CST;;29/08/2022 00:00;;;;
FO716000000842;"71153/USZ/TR 60 1495;1;2";CB716000000027;2;1;2;G657A2;NC;2;1.2;CST;;29/08/2022 00:00;;;;
FO716000000843;"71153/USZ/TR 60 1495;1;3";CB716000000027;3;1;3;G657A2;NC;3;1.3;CST;;29/08/2022 00:00;;;;
FO716000000844;"71153/USZ/TR 60 1495;1;4";CB716000000027;4;1;4;G657A2;NC;4;1.4;CST;;29/08/2022 00:00;;;;
FO716000000845;"71153/USZ/TR 60 1495;1;5";CB716000000027;5;1;5;G657A2;NC;5;1.5;CST;;29/08/2022 00:00;;;;
FO716000000846;"71153/USZ/TR 60 1495;1;6";CB716000000027;6;1;6;G657A2;NC;6;1.6;CST;;29/08/2022 00:00;;;;
FO716000000847;"71153/USZ/TR 60 1495;2;1";CB716000000027;7;2;1;G657A2;NC;1;1.1;CST;;29/08/2022 00:00;;;;
FO716000000848;"71153/USZ/TR 60 1495;2;2";CB716000000027;8;2;2;G657A2;NC;2;1.2;CST;;29/08/2022 00:00;;;;
FO716000000849;"71153/USZ/TR 60 1495;2;3";CB716000000027;9;2;3;G657A2;NC;3;1.3;CST;;29/08/2022 00:00;;;;
FO716000000850;"71153/USZ/TR 60 1495;2;4";CB716000000027;10;2;4;G657A2;NC;4;1.4;CST;;29/08/2022 00:00;;;;
FO716000000851;"71153/USZ/TR 60 1495;2;5";CB716000000027;11;2;5;G657A2;NC;5;1.5;CST;;29/08/2022 00:00;;;;
FO716000000852;"71153/USZ/TR 60 1495;2;6";CB716000000027;12;2;6;G657A2;NC;6;1.6;CST;;29/08/2022 00:00;;;;
FO716000000853;"71153/USZ/TR 60 1495;3;1";CB716000000027;13;3;1;G657A2;NC;1;1.1;CST;;29/08/2022 00:00;;;;
FO716000000854;"71153/USZ/TR 60 1495;3;2";CB716000000027;14;3;2;G657A2;NC;2;1.2;CST;;29/08/2022 00:00;;;;
FO716000000855;"71153/USZ/TR 60 1495;3;3";CB716000000027;15;3;3;G657A2;NC;3;1.3;CST;;29/08/2022 00:00;;;;
FO716000000856;"71153/USZ/TR 60 1495;3;4";CB716000000027;16;3;4;G657A2;NC;4;1.4;CST;;29/08/2022 00:00;;;;
FO716000000857;"71153/USZ/TR 60 1495;3;5";CB716000000027;17;3;5;G657A2;NC;5;1.5;CST;;29/08/2022 00:00;;;;
FO716000000858;"71153/USZ/TR 60 1495;3;6";CB716000000027;18;3;6;G657A2;NC;6;1.6;CST;;29/08/2022 00:00;;;;
FO716000000859;"71153/USZ/TR 60 1495;4;1";CB716000000027;19;4;1;G657A2;NC;1;1.1;CST;;29/08/2022 00:00;;;;
FO716000000860;"71153/USZ/TR 60 1495;4;2";CB716000000027;20;4;2;G657A2;NC;2;1.2;CST;;29/08/2022 00:00;;;;
FO716000000861;"71153/USZ/TR 60 1495;4;3";CB716000000027;21;4;3;G657A2;NC;3;1.3;CST;;29/08/2022 00:00;;;;
FO716000000862;"71153/USZ/TR 60 1495;4;4";CB716000000027;22;4;4;G657A2;NC;4;1.4;CST;;29/08/2022 00:00;;;;
FO716000000863;"71153/USZ/TR 60 1495;4;5";CB716000000027;23;4;5;G657A2;NC;5;1.5;CST;;29/08/2022 00:00;;;;
FO716000000864;"71153/USZ/TR 60 1495;4;6";CB716000000027;24;4;6;G657A2;NC;6;1.6;CST;;29/08/2022 00:00;;;;
FO716000000865;"71153/USZ/TR 60 1495;5;1";CB716000000027;25;5;1;G657A2;NC;1;1.1;CST;;29/08/2022 00:00;;;;
FO716000000866;"71153/USZ/TR 60 1495;5;2";CB716000000027;26;5;2;G657A2;NC;2;1.2;CST;;29/08/2022 00:00;;;;
FO716000000867;"71153/USZ/TR 60 1495;5;3";CB716000000027;27;5;3;G657A2;NC;3;1.3;CST;;29/08/2022 00:00;;;;
FO716000000868;"71153/USZ/TR 60 1495;5;4";CB716000000027;28;5;4;G657A2;NC;4;1.4;CST;;29/08/2022 00:00;;;;
FO716000000869;"71153/USZ/TR 60 1495;5;5";CB716000000027;29;5;5;G657A2;NC;5;1.5;CST;;29/08/2022 00:00;;;;
FO716000000870;"71153/USZ/TR 60 1495;5;6";CB716000000027;30;5;6;G657A2;NC;6;1.6;CST;;29/08/2022 00:00;;;;
FO716000000871;"71153/USZ/TR 60 1495;6;1";CB716000000027;31;6;1;G657A2;NC;1;1.1;CST;;29/08/2022 00:00;;;;
FO716000000872;"71153/USZ/TR 60 1495;6;2";CB716000000027;32;6;2;G657A2;NC;2;1.2;CST;;29/08/2022 00:00;;;;
FO716000000873;"71153/USZ/TR 60 1495;6;3";CB716000000027;33;6;3;G657A2;NC;3;1.3;CST;;29/08/2022 00:00;;;;
FO716000000874;"71153/USZ/TR 60 1495;6;4";CB716000000027;34;6;4;G657A2;NC;4;1.4;CST;;29/08/2022 00:00;;;;
FO716000000875;"71153/USZ/TR 60 1495;6;5";CB716000000027;35;6;5;G657A2;NC;5;1.5;CST;;29/08/2022 00:00;;;;
FO716000000876;"71153/USZ/TR 60 1495;6;6";CB716000000027;36;6;6;G657A2;NC;6;1.6;CST;;29/08/2022 00:00;;;;
FO716000000877;"71153/USZ/TR 60 1496;1;1";CB716000000028;1;1;1;G657A2;NC;1;1.1;CST;;29/08/2022 00:00;;;;
FO716000000878;"71153/USZ/TR 60 1496;1;2";CB716000000028;2;1;2;G657A2;NC;2;1.2;CST;;29/08/2022 00:00;;;;
FO716000000879;"71153/USZ/TR 60 1496;1;3";CB716000000028;3;1;3;G657A2;NC;3;1.3;CST;;29/08/2022 00:00;;;;
FO716000000880;"71153/USZ/TR 60 1496;1;4";CB716000000028;4;1;4;G657A2;NC;4;1.4;CST;;29/08/2022 00:00;;;;
FO716000000881;"71153/USZ/TR 60 1496;1;5";CB716000000028;5;1;5;G657A2;NC;5;1.5;CST;;29/08/2022 00:00;;;;
FO716000000882;"71153/USZ/TR 60 1496;1;6";CB716000000028;6;1;6;G657A2;NC;6;1.6;CST;;29/08/2022 00:00;;;;
FO716000000883;"71153/USZ/TR 60 1496;2;1";CB716000000028;7;2;1;G657A2;NC;1;1.1;CST;;29/08/2022 00:00;;;;
FO716000000884;"71153/USZ/TR 60 1496;2;2";CB716000000028;8;2;2;G657A2;NC;2;1.2;CST;;29/08/2022 00:00;;;;
FO716000000885;"71153/USZ/TR 60 1496;2;3";CB716000000028;9;2;3;G657A2;NC;3;1.3;CST;;29/08/2022 00:00;;;;
FO716000000886;"71153/USZ/TR 60 1496;2;4";CB716000000028;10;2;4;G657A2;NC;4;1.4;CST;;29/08/2022 00:00;;;;
FO716000000887;"71153/USZ/TR 60 1496;2;5";CB716000000028;11;2;5;G657A2;NC;5;1.5;CST;;29/08/2022 00:00;;;;
FO716000000888;"71153/USZ/TR 60 1496;2;6";CB716000000028;12;2;6;G657A2;NC;6;1.6;CST;;29/08/2022 00:00;;;;
FO716000000889;"71153/USZ/TR 60 1496;3;1";CB716000000028;13;3;1;G657A2;NC;1;1.1;CST;;29/08/2022 00:00;;;;
FO716000000890;"71153/USZ/TR 60 1496;3;2";CB716000000028;14;3;2;G657A2;NC;2;1.2;CST;;29/08/2022 00:00;;;;
FO716000000891;"71153/USZ/TR 60 1496;3;3";CB716000000028;15;3;3;G657A2;NC;3;1.3;CST;;29/08/2022 00:00;;;;
FO716000000892;"71153/USZ/TR 60 1496;3;4";CB716000000028;16;3;4;G657A2;NC;4;1.4;CST;;29/08/2022 00:00;;;;
FO716000000893;"71153/USZ/TR 60 1496;3;5";CB716000000028;17;3;5;G657A2;NC;5;1.5;CST;;29/08/2022 00:00;;;;
FO716000000894;"71153/USZ/TR 60 1496;3;6";CB716000000028;18;3;6;G657A2;NC;6;1.6;CST;;29/08/2022 00:00;;;;
FO716000000895;"71153/USZ/TR 60 1496;4;1";CB716000000028;19;4;1;G657A2;NC;1;1.1;CST;;29/08/2022 00:00;;;;
FO716000000896;"71153/USZ/TR 60 1496;4;2";CB716000000028;20;4;2;G657A2;NC;2;1.2;CST;;29/08/2022 00:00;;;;
FO716000000897;"71153/USZ/TR 60 1496;4;3";CB716000000028;21;4;3;G657A2;NC;3;1.3;CST;;29/08/2022 00:00;;;;
FO716000000898;"71153/USZ/TR 60 1496;4;4";CB716000000028;22;4;4;G657A2;NC;4;1.4;CST;;29/08/2022 00:00;;;;
FO716000000899;"71153/USZ/TR 60 1496;4;5";CB716000000028;23;4;5;G657A2;NC;5;1.5;CST;;29/08/2022 00:00;;;;
FO716000000900;"71153/USZ/TR 60 1496;4;6";CB716000000028;24;4;6;G657A2;NC;6;1.6;CST;;29/08/2022 00:00;;;;
FO716000000901;"71153/USZ/TR 60 1496;5;1";CB716000000028;25;5;1;G657A2;NC;1;1.1;CST;;29/08/2022 00:00;;;;
FO716000000902;"71153/USZ/TR 60 1496;5;2";CB716000000028;26;5;2;G657A2;NC;2;1.2;CST;;29/08/2022 00:00;;;;
FO716000000903;"71153/USZ/TR 60 1496;5;3";CB716000000028;27;5;3;G657A2;NC;3;1.3;CST;;29/08/2022 00:00;;;;
FO716000000904;"71153/USZ/TR 60 1496;5;4";CB716000000028;28;5;4;G657A2;NC;4;1.4;CST;;29/08/2022 00:00;;;;
FO716000000905;"71153/USZ/TR 60 1496;5;5";CB716000000028;29;5;5;G657A2;NC;5;1.5;CST;;29/08/2022 00:00;;;;
FO716000000906;"71153/USZ/TR 60 1496;5;6";CB716000000028;30;5;6;G657A2;NC;6;1.6;CST;;29/08/2022 00:00;;;;
FO716000000907;"71153/USZ/TR 60 1496;6;1";CB716000000028;31;6;1;G657A2;NC;1;1.1;CST;;29/08/2022 00:00;;;;
FO716000000908;"71153/USZ/TR 60 1496;6;2";CB716000000028;32;6;2;G657A2;NC;2;1.2;CST;;29/08/2022 00:00;;;;
FO716000000909;"71153/USZ/TR 60 1496;6;3";CB716000000028;33;6;3;G657A2;NC;3;1.3;CST;;29/08/2022 00:00;;;;
FO716000000910;"71153/USZ/TR 60 1496;6;4";CB716000000028;34;6;4;G657A2;NC;4;1.4;CST;;29/08/2022 00:00;;;;
FO716000000911;"71153/USZ/TR 60 1496;6;5";CB716000000028;35;6;5;G657A2;NC;5;1.5;CST;;29/08/2022 00:00;;;;
FO716000000912;"71153/USZ/TR 60 1496;6;6";CB716000000028;36;6;6;G657A2;NC;6;1.6;CST;;29/08/2022 00:00;;;;
FO716000000913;"71153/USZ/TR 60 1497;1;1";CB716000000029;1;1;1;G657A2;NC;1;1.1;CST;;29/08/2022 00:00;;;;
FO716000000914;"71153/USZ/TR 60 1497;1;2";CB716000000029;2;1;2;G657A2;NC;2;1.2;CST;;29/08/2022 00:00;;;;
FO716000000915;"71153/USZ/TR 60 1497;1;3";CB716000000029;3;1;3;G657A2;NC;3;1.3;CST;;29/08/2022 00:00;;;;
FO716000000916;"71153/USZ/TR 60 1497;1;4";CB716000000029;4;1;4;G657A2;NC;4;1.4;CST;;29/08/2022 00:00;;;;
FO716000000917;"71153/USZ/TR 60 1497;1;5";CB716000000029;5;1;5;G657A2;NC;5;1.5;CST;;29/08/2022 00:00;;;;
FO716000000918;"71153/USZ/TR 60 1497;1;6";CB716000000029;6;1;6;G657A2;NC;6;1.6;CST;;29/08/2022 00:00;;;;
FO716000000919;"71153/USZ/TR 60 1497;2;1";CB716000000029;7;2;1;G657A2;NC;1;1.1;CST;;29/08/2022 00:00;;;;
FO716000000920;"71153/USZ/TR 60 1497;2;2";CB716000000029;8;2;2;G657A2;NC;2;1.2;CST;;29/08/2022 00:00;;;;
FO716000000921;"71153/USZ/TR 60 1497;2;3";CB716000000029;9;2;3;G657A2;NC;3;1.3;CST;;29/08/2022 00:00;;;;
FO716000000922;"71153/USZ/TR 60 1497;2;4";CB716000000029;10;2;4;G657A2;NC;4;1.4;CST;;29/08/2022 00:00;;;;
FO716000000923;"71153/USZ/TR 60 1497;2;5";CB716000000029;11;2;5;G657A2;NC;5;1.5;CST;;29/08/2022 00:00;;;;
FO716000000924;"71153/USZ/TR 60 1497;2;6";CB716000000029;12;2;6;G657A2;NC;6;1.6;CST;;29/08/2022 00:00;;;;
FO716000000925;"71153/USZ/TR 60 1497;3;1";CB716000000029;13;3;1;G657A2;NC;1;1.1;CST;;29/08/2022 00:00;;;;
FO716000000926;"71153/USZ/TR 60 1497;3;2";CB716000000029;14;3;2;G657A2;NC;2;1.2;CST;;29/08/2022 00:00;;;;
FO716000000927;"71153/USZ/TR 60 1497;3;3";CB716000000029;15;3;3;G657A2;NC;3;1.3;CST;;29/08/2022 00:00;;;;
FO716000000928;"71153/USZ/TR 60 1497;3;4";CB716000000029;16;3;4;G657A2;NC;4;1.4;CST;;29/08/2022 00:00;;;;
FO716000000929;"71153/USZ/TR 60 1497;3;5";CB716000000029;17;3;5;G657A2;NC;5;1.5;CST;;29/08/2022 00:00;;;;
FO716000000930;"71153/USZ/TR 60 1497;3;6";CB716000000029;18;3;6;G657A2;NC;6;1.6;CST;;29/08/2022 00:00;;;;
FO716000000931;"71153/USZ/TR 60 1497;4;1";CB716000000029;19;4;1;G657A2;NC;1;1.1;CST;;29/08/2022 00:00;;;;
FO716000000932;"71153/USZ/TR 60 1497;4;2";CB716000000029;20;4;2;G657A2;NC;2;1.2;CST;;29/08/2022 00:00;;;;
FO716000000933;"71153/USZ/TR 60 1497;4;3";CB716000000029;21;4;3;G657A2;NC;3;1.3;CST;;29/08/2022 00:00;;;;
FO716000000934;"71153/USZ/TR 60 1497;4;4";CB716000000029;22;4;4;G657A2;NC;4;1.4;CST;;29/08/2022 00:00;;;;
FO716000000935;"71153/USZ/TR 60 1497;4;5";CB716000000029;23;4;5;G657A2;NC;5;1.5;CST;;29/08/2022 00:00;;;;
FO716000000936;"71153/USZ/TR 60 1497;4;6";CB716000000029;24;4;6;G657A2;NC;6;1.6;CST;;29/08/2022 00:00;;;;
FO716000000937;"71153/USZ/TR 60 1497;5;1";CB716000000029;25;5;1;G657A2;NC;1;1.1;CST;;29/08/2022 00:00;;;;
FO716000000938;"71153/USZ/TR 60 1497;5;2";CB716000000029;26;5;2;G657A2;NC;2;1.2;CST;;29/08/2022 00:00;;;;
FO716000000939;"71153/USZ/TR 60 1497;5;3";CB716000000029;27;5;3;G657A2;NC;3;1.3;CST;;29/08/2022 00:00;;;;
FO716000000940;"71153/USZ/TR 60 1497;5;4";CB716000000029;28;5;4;G657A2;NC;4;1.4;CST;;29/08/2022 00:00;;;;
FO716000000941;"71153/USZ/TR 60 1497;5;5";CB716000000029;29;5;5;G657A2;NC;5;1.5;CST;;29/08/2022 00:00;;;;
FO716000000942;"71153/USZ/TR 60 1497;5;6";CB716000000029;30;5;6;G657A2;NC;6;1.6;CST;;29/08/2022 00:00;;;;
FO716000000943;"71153/USZ/TR 60 1497;6;1";CB716000000029;31;6;1;G657A2;NC;1;1.1;CST;;29/08/2022 00:00;;;;
FO716000000944;"71153/USZ/TR 60 1497;6;2";CB716000000029;32;6;2;G657A2;NC;2;1.2;CST;;29/08/2022 00:00;;;;
FO716000000945;"71153/USZ/TR 60 1497;6;3";CB716000000029;33;6;3;G657A2;NC;3;1.3;CST;;29/08/2022 00:00;;;;
FO716000000946;"71153/USZ/TR 60 1497;6;4";CB716000000029;34;6;4;G657A2;NC;4;1.4;CST;;29/08/2022 00:00;;;;
FO716000000947;"71153/USZ/TR 60 1497;6;5";CB716000000029;35;6;5;G657A2;NC;5;1.5;CST;;29/08/2022 00:00;;;;
FO716000000948;"71153/USZ/TR 60 1497;6;6";CB716000000029;36;6;6;G657A2;NC;6;1.6;CST;;29/08/2022 00:00;;;;
FO716000000949;"71153/USZ/TR 60 1498;1;1";CB716000000030;1;1;1;G657A2;NC;1;1.1;CST;;29/08/2022 00:00;;;;
FO716000000950;"71153/USZ/TR 60 1498;1;2";CB716000000030;2;1;2;G657A2;NC;2;1.2;CST;;29/08/2022 00:00;;;;
FO716000000951;"71153/USZ/TR 60 1498;1;3";CB716000000030;3;1;3;G657A2;NC;3;1.3;CST;;29/08/2022 00:00;;;;
FO716000000952;"71153/USZ/TR 60 1498;1;4";CB716000000030;4;1;4;G657A2;NC;4;1.4;CST;;29/08/2022 00:00;;;;
FO716000000953;"71153/USZ/TR 60 1498;1;5";CB716000000030;5;1;5;G657A2;NC;5;1.5;CST;;29/08/2022 00:00;;;;
FO716000000954;"71153/USZ/TR 60 1498;1;6";CB716000000030;6;1;6;G657A2;NC;6;1.6;CST;;29/08/2022 00:00;;;;
FO716000000955;"71153/USZ/TR 60 1498;2;1";CB716000000030;7;2;1;G657A2;NC;1;1.1;CST;;29/08/2022 00:00;;;;
FO716000000956;"71153/USZ/TR 60 1498;2;2";CB716000000030;8;2;2;G657A2;NC;2;1.2;CST;;29/08/2022 00:00;;;;
FO716000000957;"71153/USZ/TR 60 1498;2;3";CB716000000030;9;2;3;G657A2;NC;3;1.3;CST;;29/08/2022 00:00;;;;
FO716000000958;"71153/USZ/TR 60 1498;2;4";CB716000000030;10;2;4;G657A2;NC;4;1.4;CST;;29/08/2022 00:00;;;;
FO716000000959;"71153/USZ/TR 60 1498;2;5";CB716000000030;11;2;5;G657A2;NC;5;1.5;CST;;29/08/2022 00:00;;;;
FO716000000960;"71153/USZ/TR 60 1498;2;6";CB716000000030;12;2;6;G657A2;NC;6;1.6;CST;;29/08/2022 00:00;;;;
FO716000000961;"71153/USZ/TR 60 1498;3;1";CB716000000030;13;3;1;G657A2;NC;1;1.1;CST;;29/08/2022 00:00;;;;
FO716000000962;"71153/USZ/TR 60 1498;3;2";CB716000000030;14;3;2;G657A2;NC;2;1.2;CST;;29/08/2022 00:00;;;;
FO716000000963;"71153/USZ/TR 60 1498;3;3";CB716000000030;15;3;3;G657A2;NC;3;1.3;CST;;29/08/2022 00:00;;;;
FO716000000964;"71153/USZ/TR 60 1498;3;4";CB716000000030;16;3;4;G657A2;NC;4;1.4;CST;;29/08/2022 00:00;;;;
FO716000000965;"71153/USZ/TR 60 1498;3;5";CB716000000030;17;3;5;G657A2;NC;5;1.5;CST;;29/08/2022 00:00;;;;
FO716000000966;"71153/USZ/TR 60 1498;3;6";CB716000000030;18;3;6;G657A2;NC;6;1.6;CST;;29/08/2022 00:00;;;;
FO716000000967;"71153/USZ/TR 60 1498;4;1";CB716000000030;19;4;1;G657A2;NC;1;1.1;CST;;29/08/2022 00:00;;;;
FO716000000968;"71153/USZ/TR 60 1498;4;2";CB716000000030;20;4;2;G657A2;NC;2;1.2;CST;;29/08/2022 00:00;;;;
FO716000000969;"71153/USZ/TR 60 1498;4;3";CB716000000030;21;4;3;G657A2;NC;3;1.3;CST;;29/08/2022 00:00;;;;
FO716000000970;"71153/USZ/TR 60 1498;4;4";CB716000000030;22;4;4;G657A2;NC;4;1.4;CST;;29/08/2022 00:00;;;;
FO716000000971;"71153/USZ/TR 60 1498;4;5";CB716000000030;23;4;5;G657A2;NC;5;1.5;CST;;29/08/2022 00:00;;;;
FO716000000972;"71153/USZ/TR 60 1498;4;6";CB716000000030;24;4;6;G657A2;NC;6;1.6;CST;;29/08/2022 00:00;;;;
FO716000000973;"71153/USZ/TR 60 1498;5;1";CB716000000030;25;5;1;G657A2;NC;1;1.1;CST;;29/08/2022 00:00;;;;
FO716000000974;"71153/USZ/TR 60 1498;5;2";CB716000000030;26;5;2;G657A2;NC;2;1.2;CST;;29/08/2022 00:00;;;;
FO716000000975;"71153/USZ/TR 60 1498;5;3";CB716000000030;27;5;3;G657A2;NC;3;1.3;CST;;29/08/2022 00:00;;;;
FO716000000976;"71153/USZ/TR 60 1498;5;4";CB716000000030;28;5;4;G657A2;NC;4;1.4;CST;;29/08/2022 00:00;;;;
FO716000000977;"71153/USZ/TR 60 1498;5;5";CB716000000030;29;5;5;G657A2;NC;5;1.5;CST;;29/08/2022 00:00;;;;
FO716000000978;"71153/USZ/TR 60 1498;5;6";CB716000000030;30;5;6;G657A2;NC;6;1.6;CST;;29/08/2022 00:00;;;;
FO716000000979;"71153/USZ/TR 60 1498;6;1";CB716000000030;31;6;1;G657A2;NC;1;1.1;CST;;29/08/2022 00:00;;;;
FO716000000980;"71153/USZ/TR 60 1498;6;2";CB716000000030;32;6;2;G657A2;NC;2;1.2;CST;;29/08/2022 00:00;;;;
FO716000000981;"71153/USZ/TR 60 1498;6;3";CB716000000030;33;6;3;G657A2;NC;3;1.3;CST;;29/08/2022 00:00;;;;
FO716000000982;"71153/USZ/TR 60 1498;6;4";CB716000000030;34;6;4;G657A2;NC;4;1.4;CST;;29/08/2022 00:00;;;;
FO716000000983;"71153/USZ/TR 60 1498;6;5";CB716000000030;35;6;5;G657A2;NC;5;1.5;CST;;29/08/2022 00:00;;;;
FO716000000984;"71153/USZ/TR 60 1498;6;6";CB716000000030;36;6;6;G657A2;NC;6;1.6;CST;;29/08/2022 00:00;;;;
FO716000000985;"71153/USZ/TR 60 1499;1;1";CB716000000031;1;1;1;G657A2;NC;1;1.1;CST;;29/08/2022 00:00;;;;
FO716000000986;"71153/USZ/TR 60 1499;1;2";CB716000000031;2;1;2;G657A2;NC;2;1.2;CST;;29/08/2022 00:00;;;;
FO716000000987;"71153/USZ/TR 60 1499;1;3";CB716000000031;3;1;3;G657A2;NC;3;1.3;CST;;29/08/2022 00:00;;;;
FO716000000988;"71153/USZ/TR 60 1499;1;4";CB716000000031;4;1;4;G657A2;NC;4;1.4;CST;;29/08/2022 00:00;;;;
FO716000000989;"71153/USZ/TR 60 1499;1;5";CB716000000031;5;1;5;G657A2;NC;5;1.5;CST;;29/08/2022 00:00;;;;
FO716000000990;"71153/USZ/TR 60 1499;1;6";CB716000000031;6;1;6;G657A2;NC;6;1.6;CST;;29/08/2022 00:00;;;;
FO716000000991;"71153/USZ/TR 60 1499;2;1";CB716000000031;7;2;1;G657A2;NC;1;1.1;CST;;29/08/2022 00:00;;;;
FO716000000992;"71153/USZ/TR 60 1499;2;2";CB716000000031;8;2;2;G657A2;NC;2;1.2;CST;;29/08/2022 00:00;;;;
FO716000000993;"71153/USZ/TR 60 1499;2;3";CB716000000031;9;2;3;G657A2;NC;3;1.3;CST;;29/08/2022 00:00;;;;
FO716000000994;"71153/USZ/TR 60 1499;2;4";CB716000000031;10;2;4;G657A2;NC;4;1.4;CST;;29/08/2022 00:00;;;;
FO716000000995;"71153/USZ/TR 60 1499;2;5";CB716000000031;11;2;5;G657A2;NC;5;1.5;CST;;29/08/2022 00:00;;;;
FO716000000996;"71153/USZ/TR 60 1499;2;6";CB716000000031;12;2;6;G657A2;NC;6;1.6;CST;;29/08/2022 00:00;;;;
FO716000000997;"71153/USZ/TR 60 1499;3;1";CB716000000031;13;3;1;G657A2;NC;1;1.1;CST;;29/08/2022 00:00;;;;
FO716000000998;"71153/USZ/TR 60 1499;3;2";CB716000000031;14;3;2;G657A2;NC;2;1.2;CST;;29/08/2022 00:00;;;;
FO716000000999;"71153/USZ/TR 60 1499;3;3";CB716000000031;15;3;3;G657A2;NC;3;1.3;CST;;29/08/2022 00:00;;;;
FO716000001000;"71153/USZ/TR 60 1499;3;4";CB716000000031;16;3;4;G657A2;NC;4;1.4;CST;;29/08/2022 00:00;;;;
FO716000001001;"71153/USZ/TR 60 1499;3;5";CB716000000031;17;3;5;G657A2;NC;5;1.5;CST;;29/08/2022 00:00;;;;
FO716000001002;"71153/USZ/TR 60 1499;3;6";CB716000000031;18;3;6;G657A2;NC;6;1.6;CST;;29/08/2022 00:00;;;;
FO716000001003;"71153/USZ/TR 60 1499;4;1";CB716000000031;19;4;1;G657A2;NC;1;1.1;CST;;29/08/2022 00:00;;;;
FO716000001004;"71153/USZ/TR 60 1499;4;2";CB716000000031;20;4;2;G657A2;NC;2;1.2;CST;;29/08/2022 00:00;;;;
FO716000001005;"71153/USZ/TR 60 1499;4;3";CB716000000031;21;4;3;G657A2;NC;3;1.3;CST;;29/08/2022 00:00;;;;
FO716000001006;"71153/USZ/TR 60 1499;4;4";CB716000000031;22;4;4;G657A2;NC;4;1.4;CST;;29/08/2022 00:00;;;;
FO716000001007;"71153/USZ/TR 60 1499;4;5";CB716000000031;23;4;5;G657A2;NC;5;1.5;CST;;29/08/2022 00:00;;;;
FO716000001008;"71153/USZ/TR 60 1499;4;6";CB716000000031;24;4;6;G657A2;NC;6;1.6;CST;;29/08/2022 00:00;;;;
FO716000001009;"71153/USZ/TR 60 1499;5;1";CB716000000031;25;5;1;G657A2;NC;1;1.1;CST;;29/08/2022 00:00;;;;
FO716000001010;"71153/USZ/TR 60 1499;5;2";CB716000000031;26;5;2;G657A2;NC;2;1.2;CST;;29/08/2022 00:00;;;;
FO716000001011;"71153/USZ/TR 60 1499;5;3";CB716000000031;27;5;3;G657A2;NC;3;1.3;CST;;29/08/2022 00:00;;;;
FO716000001012;"71153/USZ/TR 60 1499;5;4";CB716000000031;28;5;4;G657A2;NC;4;1.4;CST;;29/08/2022 00:00;;;;
FO716000001013;"71153/USZ/TR 60 1499;5;5";CB716000000031;29;5;5;G657A2;NC;5;1.5;CST;;29/08/2022 00:00;;;;
FO716000001014;"71153/USZ/TR 60 1499;5;6";CB716000000031;30;5;6;G657A2;NC;6;1.6;CST;;29/08/2022 00:00;;;;
FO716000001015;"71153/USZ/TR 60 1499;6;1";CB716000000031;31;6;1;G657A2;NC;1;1.1;CST;;29/08/2022 00:00;;;;
FO716000001016;"71153/USZ/TR 60 1499;6;2";CB716000000031;32;6;2;G657A2;NC;2;1.2;CST;;29/08/2022 00:00;;;;
FO716000001017;"71153/USZ/TR 60 1499;6;3";CB716000000031;33;6;3;G657A2;NC;3;1.3;CST;;29/08/2022 00:00;;;;
FO716000001018;"71153/USZ/TR 60 1499;6;4";CB716000000031;34;6;4;G657A2;NC;4;1.4;CST;;29/08/2022 00:00;;;;
FO716000001019;"71153/USZ/TR 60 1499;6;5";CB716000000031;35;6;5;G657A2;NC;5;1.5;CST;;29/08/2022 00:00;;;;
FO716000001020;"71153/USZ/TR 60 1499;6;6";CB716000000031;36;6;6;G657A2;NC;6;1.6;CST;;29/08/2022 00:00;;;;
FO716000001021;"71153/USZ/TR 60 1500;1;1";CB716000000036;1;1;1;G657A2;NC;1;1.1;CST;;29/08/2022 00:00;;;;
FO716000001022;"71153/USZ/TR 60 1500;1;2";CB716000000036;2;1;2;G657A2;NC;2;1.2;CST;;29/08/2022 00:00;;;;
FO716000001023;"71153/USZ/TR 60 1500;1;3";CB716000000036;3;1;3;G657A2;NC;3;1.3;CST;;29/08/2022 00:00;;;;
FO716000001024;"71153/USZ/TR 60 1500;1;4";CB716000000036;4;1;4;G657A2;NC;4;1.4;CST;;29/08/2022 00:00;;;;
FO716000001025;"71153/USZ/TR 60 1500;1;5";CB716000000036;5;1;5;G657A2;NC;5;1.5;CST;;29/08/2022 00:00;;;;
FO716000001026;"71153/USZ/TR 60 1500;1;6";CB716000000036;6;1;6;G657A2;NC;6;1.6;CST;;29/08/2022 00:00;;;;
FO716000001027;"71153/USZ/TR 60 1500;2;1";CB716000000036;7;2;1;G657A2;NC;1;1.1;CST;;29/08/2022 00:00;;;;
FO716000001028;"71153/USZ/TR 60 1500;2;2";CB716000000036;8;2;2;G657A2;NC;2;1.2;CST;;29/08/2022 00:00;;;;
FO716000001029;"71153/USZ/TR 60 1500;2;3";CB716000000036;9;2;3;G657A2;NC;3;1.3;CST;;29/08/2022 00:00;;;;
FO716000001030;"71153/USZ/TR 60 1500;2;4";CB716000000036;10;2;4;G657A2;NC;4;1.4;CST;;29/08/2022 00:00;;;;
FO716000001031;"71153/USZ/TR 60 1500;2;5";CB716000000036;11;2;5;G657A2;NC;5;1.5;CST;;29/08/2022 00:00;;;;
FO716000001032;"71153/USZ/TR 60 1500;2;6";CB716000000036;12;2;6;G657A2;NC;6;1.6;CST;;29/08/2022 00:00;;;;
FO716000001033;"71153/USZ/TR 60 1500;3;1";CB716000000036;13;3;1;G657A2;NC;1;1.1;CST;;29/08/2022 00:00;;;;
FO716000001034;"71153/USZ/TR 60 1500;3;2";CB716000000036;14;3;2;G657A2;NC;2;1.2;CST;;29/08/2022 00:00;;;;
FO716000001035;"71153/USZ/TR 60 1500;3;3";CB716000000036;15;3;3;G657A2;NC;3;1.3;CST;;29/08/2022 00:00;;;;
FO716000001036;"71153/USZ/TR 60 1500;3;4";CB716000000036;16;3;4;G657A2;NC;4;1.4;CST;;29/08/2022 00:00;;;;
FO716000001037;"71153/USZ/TR 60 1500;3;5";CB716000000036;17;3;5;G657A2;NC;5;1.5;CST;;29/08/2022 00:00;;;;
FO716000001038;"71153/USZ/TR 60 1500;3;6";CB716000000036;18;3;6;G657A2;NC;6;1.6;CST;;29/08/2022 00:00;;;;
FO716000001039;"71153/USZ/TR 60 1500;4;1";CB716000000036;19;4;1;G657A2;NC;1;1.1;CST;;29/08/2022 00:00;;;;
FO716000001040;"71153/USZ/TR 60 1500;4;2";CB716000000036;20;4;2;G657A2;NC;2;1.2;CST;;29/08/2022 00:00;;;;
FO716000001041;"71153/USZ/TR 60 1500;4;3";CB716000000036;21;4;3;G657A2;NC;3;1.3;CST;;29/08/2022 00:00;;;;
FO716000001042;"71153/USZ/TR 60 1500;4;4";CB716000000036;22;4;4;G657A2;NC;4;1.4;CST;;29/08/2022 00:00;;;;
FO716000001043;"71153/USZ/TR 60 1500;4;5";CB716000000036;23;4;5;G657A2;NC;5;1.5;CST;;29/08/2022 00:00;;;;
FO716000001044;"71153/USZ/TR 60 1500;4;6";CB716000000036;24;4;6;G657A2;NC;6;1.6;CST;;29/08/2022 00:00;;;;
FO716000001045;"71153/USZ/TR 60 1501;1;1";CB716000000037;1;1;1;G657A2;NC;1;1.1;CST;;29/08/2022 00:00;;;;
FO716000001046;"71153/USZ/TR 60 1501;1;2";CB716000000037;2;1;2;G657A2;NC;2;1.2;CST;;29/08/2022 00:00;;;;
FO716000001047;"71153/USZ/TR 60 1501;1;3";CB716000000037;3;1;3;G657A2;NC;3;1.3;CST;;29/08/2022 00:00;;;;
FO716000001048;"71153/USZ/TR 60 1501;1;4";CB716000000037;4;1;4;G657A2;NC;4;1.4;CST;;29/08/2022 00:00;;;;
FO716000001049;"71153/USZ/TR 60 1501;1;5";CB716000000037;5;1;5;G657A2;NC;5;1.5;CST;;29/08/2022 00:00;;;;
FO716000001050;"71153/USZ/TR 60 1501;1;6";CB716000000037;6;1;6;G657A2;NC;6;1.6;CST;;29/08/2022 00:00;;;;
FO716000001051;"71153/USZ/TR 60 1501;2;1";CB716000000037;7;2;1;G657A2;NC;1;1.1;CST;;29/08/2022 00:00;;;;
FO716000001052;"71153/USZ/TR 60 1501;2;2";CB716000000037;8;2;2;G657A2;NC;2;1.2;CST;;29/08/2022 00:00;;;;
FO716000001053;"71153/USZ/TR 60 1501;2;3";CB716000000037;9;2;3;G657A2;NC;3;1.3;CST;;29/08/2022 00:00;;;;
FO716000001054;"71153/USZ/TR 60 1501;2;4";CB716000000037;10;2;4;G657A2;NC;4;1.4;CST;;29/08/2022 00:00;;;;
FO716000001055;"71153/USZ/TR 60 1501;2;5";CB716000000037;11;2;5;G657A2;NC;5;1.5;CST;;29/08/2022 00:00;;;;
FO716000001056;"71153/USZ/TR 60 1501;2;6";CB716000000037;12;2;6;G657A2;NC;6;1.6;CST;;29/08/2022 00:00;;;;
FO716000001057;"71153/USZ/TR 60 1501;3;1";CB716000000037;13;3;1;G657A2;NC;1;1.1;CST;;29/08/2022 00:00;;;;
FO716000001058;"71153/USZ/TR 60 1501;3;2";CB716000000037;14;3;2;G657A2;NC;2;1.2;CST;;29/08/2022 00:00;;;;
FO716000001059;"71153/USZ/TR 60 1501;3;3";CB716000000037;15;3;3;G657A2;NC;3;1.3;CST;;29/08/2022 00:00;;;;
FO716000001060;"71153/USZ/TR 60 1501;3;4";CB716000000037;16;3;4;G657A2;NC;4;1.4;CST;;29/08/2022 00:00;;;;
FO716000001061;"71153/USZ/TR 60 1501;3;5";CB716000000037;17;3;5;G657A2;NC;5;1.5;CST;;29/08/2022 00:00;;;;
FO716000001062;"71153/USZ/TR 60 1501;3;6";CB716000000037;18;3;6;G657A2;NC;6;1.6;CST;;29/08/2022 00:00;;;;
FO716000001063;"71153/USZ/TR 60 1501;4;1";CB716000000037;19;4;1;G657A2;NC;1;1.1;CST;;29/08/2022 00:00;;;;
FO716000001064;"71153/USZ/TR 60 1501;4;2";CB716000000037;20;4;2;G657A2;NC;2;1.2;CST;;29/08/2022 00:00;;;;
FO716000001065;"71153/USZ/TR 60 1501;4;3";CB716000000037;21;4;3;G657A2;NC;3;1.3;CST;;29/08/2022 00:00;;;;
FO716000001066;"71153/USZ/TR 60 1501;4;4";CB716000000037;22;4;4;G657A2;NC;4;1.4;CST;;29/08/2022 00:00;;;;
FO716000001067;"71153/USZ/TR 60 1501;4;5";CB716000000037;23;4;5;G657A2;NC;5;1.5;CST;;29/08/2022 00:00;;;;
FO716000001068;"71153/USZ/TR 60 1501;4;6";CB716000000037;24;4;6;G657A2;NC;6;1.6;CST;;29/08/2022 00:00;;;;
FO716000001069;"71153/USZ/TR 60 1502;1;1";CB716000000038;1;1;1;G657A2;NC;1;1.1;CST;;29/08/2022 00:00;;;;
FO716000001070;"71153/USZ/TR 60 1502;1;2";CB716000000038;2;1;2;G657A2;NC;2;1.2;CST;;29/08/2022 00:00;;;;
FO716000001071;"71153/USZ/TR 60 1502;1;3";CB716000000038;3;1;3;G657A2;NC;3;1.3;CST;;29/08/2022 00:00;;;;
FO716000001072;"71153/USZ/TR 60 1502;1;4";CB716000000038;4;1;4;G657A2;NC;4;1.4;CST;;29/08/2022 00:00;;;;
FO716000001073;"71153/USZ/TR 60 1502;1;5";CB716000000038;5;1;5;G657A2;NC;5;1.5;CST;;29/08/2022 00:00;;;;
FO716000001074;"71153/USZ/TR 60 1502;1;6";CB716000000038;6;1;6;G657A2;NC;6;1.6;CST;;29/08/2022 00:00;;;;
FO716000001075;"71153/USZ/TR 60 1502;2;1";CB716000000038;7;2;1;G657A2;NC;1;1.1;CST;;29/08/2022 00:00;;;;
FO716000001076;"71153/USZ/TR 60 1502;2;2";CB716000000038;8;2;2;G657A2;NC;2;1.2;CST;;29/08/2022 00:00;;;;
FO716000001077;"71153/USZ/TR 60 1502;2;3";CB716000000038;9;2;3;G657A2;NC;3;1.3;CST;;29/08/2022 00:00;;;;
FO716000001078;"71153/USZ/TR 60 1502;2;4";CB716000000038;10;2;4;G657A2;NC;4;1.4;CST;;29/08/2022 00:00;;;;
FO716000001079;"71153/USZ/TR 60 1502;2;5";CB716000000038;11;2;5;G657A2;NC;5;1.5;CST;;29/08/2022 00:00;;;;
FO716000001080;"71153/USZ/TR 60 1502;2;6";CB716000000038;12;2;6;G657A2;NC;6;1.6;CST;;29/08/2022 00:00;;;;
FO716000001081;"71153/USZ/TR 60 1502;3;1";CB716000000038;13;3;1;G657A2;NC;1;1.1;CST;;29/08/2022 00:00;;;;
FO716000001082;"71153/USZ/TR 60 1502;3;2";CB716000000038;14;3;2;G657A2;NC;2;1.2;CST;;29/08/2022 00:00;;;;
FO716000001083;"71153/USZ/TR 60 1502;3;3";CB716000000038;15;3;3;G657A2;NC;3;1.3;CST;;29/08/2022 00:00;;;;
FO716000001084;"71153/USZ/TR 60 1502;3;4";CB716000000038;16;3;4;G657A2;NC;4;1.4;CST;;29/08/2022 00:00;;;;
FO716000001085;"71153/USZ/TR 60 1502;3;5";CB716000000038;17;3;5;G657A2;NC;5;1.5;CST;;29/08/2022 00:00;;;;
FO716000001086;"71153/USZ/TR 60 1502;3;6";CB716000000038;18;3;6;G657A2;NC;6;1.6;CST;;29/08/2022 00:00;;;;
FO716000001087;"71153/USZ/TR 60 1502;4;1";CB716000000038;19;4;1;G657A2;NC;1;1.1;CST;;29/08/2022 00:00;;;;
FO716000001088;"71153/USZ/TR 60 1502;4;2";CB716000000038;20;4;2;G657A2;NC;2;1.2;CST;;29/08/2022 00:00;;;;
FO716000001089;"71153/USZ/TR 60 1502;4;3";CB716000000038;21;4;3;G657A2;NC;3;1.3;CST;;29/08/2022 00:00;;;;
FO716000001090;"71153/USZ/TR 60 1502;4;4";CB716000000038;22;4;4;G657A2;NC;4;1.4;CST;;29/08/2022 00:00;;;;
FO716000001091;"71153/USZ/TR 60 1502;4;5";CB716000000038;23;4;5;G657A2;NC;5;1.5;CST;;29/08/2022 00:00;;;;
FO716000001092;"71153/USZ/TR 60 1502;4;6";CB716000000038;24;4;6;G657A2;NC;6;1.6;CST;;29/08/2022 00:00;;;;
FO716000001093;"71153/USZ/TR 60 1503;1;1";CB716000000039;1;1;1;G657A2;NC;1;1.1;CST;;29/08/2022 00:00;;;;
FO716000001094;"71153/USZ/TR 60 1503;1;2";CB716000000039;2;1;2;G657A2;NC;2;1.2;CST;;29/08/2022 00:00;;;;
FO716000001095;"71153/USZ/TR 60 1503;1;3";CB716000000039;3;1;3;G657A2;NC;3;1.3;CST;;29/08/2022 00:00;;;;
FO716000001096;"71153/USZ/TR 60 1503;1;4";CB716000000039;4;1;4;G657A2;NC;4;1.4;CST;;29/08/2022 00:00;;;;
FO716000001097;"71153/USZ/TR 60 1503;1;5";CB716000000039;5;1;5;G657A2;NC;5;1.5;CST;;29/08/2022 00:00;;;;
FO716000001098;"71153/USZ/TR 60 1503;1;6";CB716000000039;6;1;6;G657A2;NC;6;1.6;CST;;29/08/2022 00:00;;;;
FO716000001099;"71153/USZ/TR 60 1503;2;1";CB716000000039;7;2;1;G657A2;NC;1;1.1;CST;;29/08/2022 00:00;;;;
FO716000001100;"71153/USZ/TR 60 1503;2;2";CB716000000039;8;2;2;G657A2;NC;2;1.2;CST;;29/08/2022 00:00;;;;
FO716000001101;"71153/USZ/TR 60 1503;2;3";CB716000000039;9;2;3;G657A2;NC;3;1.3;CST;;29/08/2022 00:00;;;;
FO716000001102;"71153/USZ/TR 60 1503;2;4";CB716000000039;10;2;4;G657A2;NC;4;1.4;CST;;29/08/2022 00:00;;;;
FO716000001103;"71153/USZ/TR 60 1503;2;5";CB716000000039;11;2;5;G657A2;NC;5;1.5;CST;;29/08/2022 00:00;;;;
FO716000001104;"71153/USZ/TR 60 1503;2;6";CB716000000039;12;2;6;G657A2;NC;6;1.6;CST;;29/08/2022 00:00;;;;
FO716000001105;"71153/USZ/TR 60 1503;3;1";CB716000000039;13;3;1;G657A2;NC;1;1.1;CST;;29/08/2022 00:00;;;;
FO716000001106;"71153/USZ/TR 60 1503;3;2";CB716000000039;14;3;2;G657A2;NC;2;1.2;CST;;29/08/2022 00:00;;;;
FO716000001107;"71153/USZ/TR 60 1503;3;3";CB716000000039;15;3;3;G657A2;NC;3;1.3;CST;;29/08/2022 00:00;;;;
FO716000001108;"71153/USZ/TR 60 1503;3;4";CB716000000039;16;3;4;G657A2;NC;4;1.4;CST;;29/08/2022 00:00;;;;
FO716000001109;"71153/USZ/TR 60 1503;3;5";CB716000000039;17;3;5;G657A2;NC;5;1.5;CST;;29/08/2022 00:00;;;;
FO716000001110;"71153/USZ/TR 60 1503;3;6";CB716000000039;18;3;6;G657A2;NC;6;1.6;CST;;29/08/2022 00:00;;;;
FO716000001111;"71153/USZ/TR 60 1503;4;1";CB716000000039;19;4;1;G657A2;NC;1;1.1;CST;;29/08/2022 00:00;;;;
FO716000001112;"71153/USZ/TR 60 1503;4;2";CB716000000039;20;4;2;G657A2;NC;2;1.2;CST;;29/08/2022 00:00;;;;
FO716000001113;"71153/USZ/TR 60 1503;4;3";CB716000000039;21;4;3;G657A2;NC;3;1.3;CST;;29/08/2022 00:00;;;;
FO716000001114;"71153/USZ/TR 60 1503;4;4";CB716000000039;22;4;4;G657A2;NC;4;1.4;CST;;29/08/2022 00:00;;;;
FO716000001115;"71153/USZ/TR 60 1503;4;5";CB716000000039;23;4;5;G657A2;NC;5;1.5;CST;;29/08/2022 00:00;;;;
FO716000001116;"71153/USZ/TR 60 1503;4;6";CB716000000039;24;4;6;G657A2;NC;6;1.6;CST;;29/08/2022 00:00;;;;
FO716000001117;"71153/USZ/TR 60 1504;1;1";CB716000000032;1;1;1;G657A2;NC;1;1.1;CST;;29/08/2022 00:00;;;;
FO716000001118;"71153/USZ/TR 60 1504;1;2";CB716000000032;2;1;2;G657A2;NC;2;1.2;CST;;29/08/2022 00:00;;;;
FO716000001119;"71153/USZ/TR 60 1504;1;3";CB716000000032;3;1;3;G657A2;NC;3;1.3;CST;;29/08/2022 00:00;;;;
FO716000001120;"71153/USZ/TR 60 1504;1;4";CB716000000032;4;1;4;G657A2;NC;4;1.4;CST;;29/08/2022 00:00;;;;
FO716000001121;"71153/USZ/TR 60 1504;1;5";CB716000000032;5;1;5;G657A2;NC;5;1.5;CST;;29/08/2022 00:00;;;;
FO716000001122;"71153/USZ/TR 60 1504;1;6";CB716000000032;6;1;6;G657A2;NC;6;1.6;CST;;29/08/2022 00:00;;;;
FO716000001123;"71153/USZ/TR 60 1504;2;1";CB716000000032;7;2;1;G657A2;NC;1;1.1;CST;;29/08/2022 00:00;;;;
FO716000001124;"71153/USZ/TR 60 1504;2;2";CB716000000032;8;2;2;G657A2;NC;2;1.2;CST;;29/08/2022 00:00;;;;
FO716000001125;"71153/USZ/TR 60 1504;2;3";CB716000000032;9;2;3;G657A2;NC;3;1.3;CST;;29/08/2022 00:00;;;;
FO716000001126;"71153/USZ/TR 60 1504;2;4";CB716000000032;10;2;4;G657A2;NC;4;1.4;CST;;29/08/2022 00:00;;;;
FO716000001127;"71153/USZ/TR 60 1504;2;5";CB716000000032;11;2;5;G657A2;NC;5;1.5;CST;;29/08/2022 00:00;;;;
FO716000001128;"71153/USZ/TR 60 1504;2;6";CB716000000032;12;2;6;G657A2;NC;6;1.6;CST;;29/08/2022 00:00;;;;
FO716000001129;"71153/USZ/TR 60 1505;1;1";CB716000000033;1;1;1;G657A2;NC;1;1.1;CST;;29/08/2022 00:00;;;;
FO716000001130;"71153/USZ/TR 60 1505;1;2";CB716000000033;2;1;2;G657A2;NC;2;1.2;CST;;29/08/2022 00:00;;;;
FO716000001131;"71153/USZ/TR 60 1505;1;3";CB716000000033;3;1;3;G657A2;NC;3;1.3;CST;;29/08/2022 00:00;;;;
FO716000001132;"71153/USZ/TR 60 1505;1;4";CB716000000033;4;1;4;G657A2;NC;4;1.4;CST;;29/08/2022 00:00;;;;
FO716000001133;"71153/USZ/TR 60 1505;1;5";CB716000000033;5;1;5;G657A2;NC;5;1.5;CST;;29/08/2022 00:00;;;;
FO716000001134;"71153/USZ/TR 60 1505;1;6";CB716000000033;6;1;6;G657A2;NC;6;1.6;CST;;29/08/2022 00:00;;;;
FO716000001135;"71153/USZ/TR 60 1505;2;1";CB716000000033;7;2;1;G657A2;NC;1;1.1;CST;;29/08/2022 00:00;;;;
FO716000001136;"71153/USZ/TR 60 1505;2;2";CB716000000033;8;2;2;G657A2;NC;2;1.2;CST;;29/08/2022 00:00;;;;
FO716000001137;"71153/USZ/TR 60 1505;2;3";CB716000000033;9;2;3;G657A2;NC;3;1.3;CST;;29/08/2022 00:00;;;;
FO716000001138;"71153/USZ/TR 60 1505;2;4";CB716000000033;10;2;4;G657A2;NC;4;1.4;CST;;29/08/2022 00:00;;;;
FO716000001139;"71153/USZ/TR 60 1505;2;5";CB716000000033;11;2;5;G657A2;NC;5;1.5;CST;;29/08/2022 00:00;;;;
FO716000001140;"71153/USZ/TR 60 1505;2;6";CB716000000033;12;2;6;G657A2;NC;6;1.6;CST;;29/08/2022 00:00;;;;
FO716000001141;"71153/USZ/TR 60 1506;1;1";CB716000000034;1;1;1;G657A2;NC;1;1.1;CST;;29/08/2022 00:00;;;;
FO716000001142;"71153/USZ/TR 60 1506;1;2";CB716000000034;2;1;2;G657A2;NC;2;1.2;CST;;29/08/2022 00:00;;;;
FO716000001143;"71153/USZ/TR 60 1506;1;3";CB716000000034;3;1;3;G657A2;NC;3;1.3;CST;;29/08/2022 00:00;;;;
FO716000001144;"71153/USZ/TR 60 1506;1;4";CB716000000034;4;1;4;G657A2;NC;4;1.4;CST;;29/08/2022 00:00;;;;
FO716000001145;"71153/USZ/TR 60 1506;1;5";CB716000000034;5;1;5;G657A2;NC;5;1.5;CST;;29/08/2022 00:00;;;;
FO716000001146;"71153/USZ/TR 60 1506;1;6";CB716000000034;6;1;6;G657A2;NC;6;1.6;CST;;29/08/2022 00:00;;;;
FO716000001147;"71153/USZ/TR 60 1506;2;1";CB716000000034;7;2;1;G657A2;NC;1;1.1;CST;;29/08/2022 00:00;;;;
FO716000001148;"71153/USZ/TR 60 1506;2;2";CB716000000034;8;2;2;G657A2;NC;2;1.2;CST;;29/08/2022 00:00;;;;
FO716000001149;"71153/USZ/TR 60 1506;2;3";CB716000000034;9;2;3;G657A2;NC;3;1.3;CST;;29/08/2022 00:00;;;;
FO716000001150;"71153/USZ/TR 60 1506;2;4";CB716000000034;10;2;4;G657A2;NC;4;1.4;CST;;29/08/2022 00:00;;;;
FO716000001151;"71153/USZ/TR 60 1506;2;5";CB716000000034;11;2;5;G657A2;NC;5;1.5;CST;;29/08/2022 00:00;;;;
FO716000001152;"71153/USZ/TR 60 1506;2;6";CB716000000034;12;2;6;G657A2;NC;6;1.6;CST;;29/08/2022 00:00;;;;
FO716000001153;"71153/USZ/TR 60 1507;1;1";CB716000000035;1;1;1;G657A2;NC;1;1.1;CST;;29/08/2022 00:00;;;;
FO716000001154;"71153/USZ/TR 60 1507;1;2";CB716000000035;2;1;2;G657A2;NC;2;1.2;CST;;29/08/2022 00:00;;;;
FO716000001155;"71153/USZ/TR 60 1507;1;3";CB716000000035;3;1;3;G657A2;NC;3;1.3;CST;;29/08/2022 00:00;;;;
FO716000001156;"71153/USZ/TR 60 1507;1;4";CB716000000035;4;1;4;G657A2;NC;4;1.4;CST;;29/08/2022 00:00;;;;
FO716000001157;"71153/USZ/TR 60 1507;1;5";CB716000000035;5;1;5;G657A2;NC;5;1.5;CST;;29/08/2022 00:00;;;;
FO716000001158;"71153/USZ/TR 60 1507;1;6";CB716000000035;6;1;6;G657A2;NC;6;1.6;CST;;29/08/2022 00:00;;;;
FO716000001159;"71153/USZ/TR 60 1507;2;1";CB716000000035;7;2;1;G657A2;NC;1;1.1;CST;;29/08/2022 00:00;;;;
FO716000001160;"71153/USZ/TR 60 1507;2;2";CB716000000035;8;2;2;G657A2;NC;2;1.2;CST;;29/08/2022 00:00;;;;
FO716000001161;"71153/USZ/TR 60 1507;2;3";CB716000000035;9;2;3;G657A2;NC;3;1.3;CST;;29/08/2022 00:00;;;;
FO716000001162;"71153/USZ/TR 60 1507;2;4";CB716000000035;10;2;4;G657A2;NC;4;1.4;CST;;29/08/2022 00:00;;;;
FO716000001163;"71153/USZ/TR 60 1507;2;5";CB716000000035;11;2;5;G657A2;NC;5;1.5;CST;;29/08/2022 00:00;;;;
FO716000001164;"71153/USZ/TR 60 1507;2;6";CB716000000035;12;2;6;G657A2;NC;6;1.6;CST;;29/08/2022 00:00;;;;
FO716000001165;"71153/USZ/TR 60 1508;1;1";CB716000000040;1;1;1;G657A2;NC;1;1.1;CST;;29/08/2022 00:00;;;;
FO716000001166;"71153/USZ/TR 60 1508;1;2";CB716000000040;2;1;2;G657A2;NC;2;1.2;CST;;29/08/2022 00:00;;;;
FO716000001167;"71153/USZ/TR 60 1508;1;3";CB716000000040;3;1;3;G657A2;NC;3;1.3;CST;;29/08/2022 00:00;;;;
FO716000001168;"71153/USZ/TR 60 1508;1;4";CB716000000040;4;1;4;G657A2;NC;4;1.4;CST;;29/08/2022 00:00;;;;
FO716000001169;"71153/USZ/TR 60 1508;1;5";CB716000000040;5;1;5;G657A2;NC;5;1.5;CST;;29/08/2022 00:00;;;;
FO716000001170;"71153/USZ/TR 60 1508;1;6";CB716000000040;6;1;6;G657A2;NC;6;1.6;CST;;29/08/2022 00:00;;;;
FO716000001171;"71153/USZ/TR 60 1508;2;1";CB716000000040;7;2;1;G657A2;NC;1;1.1;CST;;29/08/2022 00:00;;;;
FO716000001172;"71153/USZ/TR 60 1508;2;2";CB716000000040;8;2;2;G657A2;NC;2;1.2;CST;;29/08/2022 00:00;;;;
FO716000001173;"71153/USZ/TR 60 1508;2;3";CB716000000040;9;2;3;G657A2;NC;3;1.3;CST;;29/08/2022 00:00;;;;
FO716000001174;"71153/USZ/TR 60 1508;2;4";CB716000000040;10;2;4;G657A2;NC;4;1.4;CST;;29/08/2022 00:00;;;;
FO716000001175;"71153/USZ/TR 60 1508;2;5";CB716000000040;11;2;5;G657A2;NC;5;1.5;CST;;29/08/2022 00:00;;;;
FO716000001176;"71153/USZ/TR 60 1508;2;6";CB716000000040;12;2;6;G657A2;NC;6;1.6;CST;;29/08/2022 00:00;;;;
FO716000001177;"71153/USZ/TR 60 1509;1;1";CB716000000041;1;1;1;G657A2;NC;1;1.1;CST;;29/08/2022 00:00;;;;
FO716000001178;"71153/USZ/TR 60 1509;1;2";CB716000000041;2;1;2;G657A2;NC;2;1.2;CST;;29/08/2022 00:00;;;;
FO716000001179;"71153/USZ/TR 60 1509;1;3";CB716000000041;3;1;3;G657A2;NC;3;1.3;CST;;29/08/2022 00:00;;;;
FO716000001180;"71153/USZ/TR 60 1509;1;4";CB716000000041;4;1;4;G657A2;NC;4;1.4;CST;;29/08/2022 00:00;;;;
FO716000001181;"71153/USZ/TR 60 1509;1;5";CB716000000041;5;1;5;G657A2;NC;5;1.5;CST;;29/08/2022 00:00;;;;
FO716000001182;"71153/USZ/TR 60 1509;1;6";CB716000000041;6;1;6;G657A2;NC;6;1.6;CST;;29/08/2022 00:00;;;;
FO716000001183;"71153/USZ/TR 60 1509;2;1";CB716000000041;7;2;1;G657A2;NC;1;1.1;CST;;29/08/2022 00:00;;;;
FO716000001184;"71153/USZ/TR 60 1509;2;2";CB716000000041;8;2;2;G657A2;NC;2;1.2;CST;;29/08/2022 00:00;;;;
FO716000001185;"71153/USZ/TR 60 1509;2;3";CB716000000041;9;2;3;G657A2;NC;3;1.3;CST;;29/08/2022 00:00;;;;
FO716000001186;"71153/USZ/TR 60 1509;2;4";CB716000000041;10;2;4;G657A2;NC;4;1.4;CST;;29/08/2022 00:00;;;;
FO716000001187;"71153/USZ/TR 60 1509;2;5";CB716000000041;11;2;5;G657A2;NC;5;1.5;CST;;29/08/2022 00:00;;;;
FO716000001188;"71153/USZ/TR 60 1509;2;6";CB716000000041;12;2;6;G657A2;NC;6;1.6;CST;;29/08/2022 00:00;;;;
FO716000001189;"71153/USZ/TR 60 1510;1;1";CB716000000042;1;1;1;G657A2;NC;1;1.1;CST;;29/08/2022 00:00;;;;
FO716000001190;"71153/USZ/TR 60 1510;1;2";CB716000000042;2;1;2;G657A2;NC;2;1.2;CST;;29/08/2022 00:00;;;;
FO716000001191;"71153/USZ/TR 60 1510;1;3";CB716000000042;3;1;3;G657A2;NC;3;1.3;CST;;29/08/2022 00:00;;;;
FO716000001192;"71153/USZ/TR 60 1510;1;4";CB716000000042;4;1;4;G657A2;NC;4;1.4;CST;;29/08/2022 00:00;;;;
FO716000001193;"71153/USZ/TR 60 1510;1;5";CB716000000042;5;1;5;G657A2;NC;5;1.5;CST;;29/08/2022 00:00;;;;
FO716000001194;"71153/USZ/TR 60 1510;1;6";CB716000000042;6;1;6;G657A2;NC;6;1.6;CST;;29/08/2022 00:00;;;;
FO716000001195;"71153/USZ/TR 60 1511;1;1";CB716000000043;1;1;1;G657A2;NC;1;1.1;CST;;29/08/2022 00:00;;;;
FO716000001196;"71153/USZ/TR 60 1511;1;2";CB716000000043;2;1;2;G657A2;NC;2;1.2;CST;;29/08/2022 00:00;;;;
FO716000001197;"71153/USZ/TR 60 1511;1;3";CB716000000043;3;1;3;G657A2;NC;3;1.3;CST;;29/08/2022 00:00;;;;
FO716000001198;"71153/USZ/TR 60 1511;1;4";CB716000000043;4;1;4;G657A2;NC;4;1.4;CST;;29/08/2022 00:00;;;;
FO716000001199;"71153/USZ/TR 60 1511;1;5";CB716000000043;5;1;5;G657A2;NC;5;1.5;CST;;29/08/2022 00:00;;;;
FO716000001200;"71153/USZ/TR 60 1511;1;6";CB716000000043;6;1;6;G657A2;NC;6;1.6;CST;;29/08/2022 00:00;;;;
FO716000001201;"71153/USZ/TR 60 1512;1;1";CB716000000044;1;1;1;G657A2;NC;1;1.1;CST;;29/08/2022 00:00;;;;
FO716000001202;"71153/USZ/TR 60 1512;1;2";CB716000000044;2;1;2;G657A2;NC;2;1.2;CST;;29/08/2022 00:00;;;;
FO716000001203;"71153/USZ/TR 60 1512;1;3";CB716000000044;3;1;3;G657A2;NC;3;1.3;CST;;29/08/2022 00:00;;;;
FO716000001204;"71153/USZ/TR 60 1512;1;4";CB716000000044;4;1;4;G657A2;NC;4;1.4;CST;;29/08/2022 00:00;;;;
FO716000001205;"71153/USZ/TR 60 1512;1;5";CB716000000044;5;1;5;G657A2;NC;5;1.5;CST;;29/08/2022 00:00;;;;
FO716000001206;"71153/USZ/TR 60 1512;1;6";CB716000000044;6;1;6;G657A2;NC;6;1.6;CST;;29/08/2022 00:00;;;;
FO716000001207;"71153/USZ/TR 60 1513;1;1";CB716000000045;1;1;1;G657A2;NC;1;1.1;CST;;29/08/2022 00:00;;;;
FO716000001208;"71153/USZ/TR 60 1513;1;2";CB716000000045;2;1;2;G657A2;NC;2;1.2;CST;;29/08/2022 00:00;;;;
FO716000001209;"71153/USZ/TR 60 1513;1;3";CB716000000045;3;1;3;G657A2;NC;3;1.3;CST;;29/08/2022 00:00;;;;
FO716000001210;"71153/USZ/TR 60 1513;1;4";CB716000000045;4;1;4;G657A2;NC;4;1.4;CST;;29/08/2022 00:00;;;;
FO716000001211;"71153/USZ/TR 60 1513;1;5";CB716000000045;5;1;5;G657A2;NC;5;1.5;CST;;29/08/2022 00:00;;;;
FO716000001212;"71153/USZ/TR 60 1513;1;6";CB716000000045;6;1;6;G657A2;NC;6;1.6;CST;;29/08/2022 00:00;;;;
FO716000001213;"71153/USZ/TR 60 1514;1;1";CB716000000046;1;1;1;G657A2;NC;1;1.1;CST;;29/08/2022 00:00;;;;
FO716000001214;"71153/USZ/TR 60 1514;1;2";CB716000000046;2;1;2;G657A2;NC;2;1.2;CST;;29/08/2022 00:00;;;;
FO716000001215;"71153/USZ/TR 60 1514;1;3";CB716000000046;3;1;3;G657A2;NC;3;1.3;CST;;29/08/2022 00:00;;;;
FO716000001216;"71153/USZ/TR 60 1514;1;4";CB716000000046;4;1;4;G657A2;NC;4;1.4;CST;;29/08/2022 00:00;;;;
FO716000001217;"71153/USZ/TR 60 1514;1;5";CB716000000046;5;1;5;G657A2;NC;5;1.5;CST;;29/08/2022 00:00;;;;
FO716000001218;"71153/USZ/TR 60 1514;1;6";CB716000000046;6;1;6;G657A2;NC;6;1.6;CST;;29/08/2022 00:00;;;;
FO716000001219;"71153/USZ/TR 60 1514;2;1";CB716000000046;7;2;1;G657A2;NC;1;1.1;CST;;29/08/2022 00:00;;;;
FO716000001220;"71153/USZ/TR 60 1514;2;2";CB716000000046;8;2;2;G657A2;NC;2;1.2;CST;;29/08/2022 00:00;;;;
FO716000001221;"71153/USZ/TR 60 1514;2;3";CB716000000046;9;2;3;G657A2;NC;3;1.3;CST;;29/08/2022 00:00;;;;
FO716000001222;"71153/USZ/TR 60 1514;2;4";CB716000000046;10;2;4;G657A2;NC;4;1.4;CST;;29/08/2022 00:00;;;;
FO716000001223;"71153/USZ/TR 60 1514;2;5";CB716000000046;11;2;5;G657A2;NC;5;1.5;CST;;29/08/2022 00:00;;;;
FO716000001224;"71153/USZ/TR 60 1514;2;6";CB716000000046;12;2;6;G657A2;NC;6;1.6;CST;;29/08/2022 00:00;;;;
FO716000001225;"71153/USZ/TR 60 1514;3;1";CB716000000046;13;3;1;G657A2;NC;1;1.1;CST;;29/08/2022 00:00;;;;
FO716000001226;"71153/USZ/TR 60 1514;3;2";CB716000000046;14;3;2;G657A2;NC;2;1.2;CST;;29/08/2022 00:00;;;;
FO716000001227;"71153/USZ/TR 60 1514;3;3";CB716000000046;15;3;3;G657A2;NC;3;1.3;CST;;29/08/2022 00:00;;;;
FO716000001228;"71153/USZ/TR 60 1514;3;4";CB716000000046;16;3;4;G657A2;NC;4;1.4;CST;;29/08/2022 00:00;;;;
FO716000001229;"71153/USZ/TR 60 1514;3;5";CB716000000046;17;3;5;G657A2;NC;5;1.5;CST;;29/08/2022 00:00;;;;
FO716000001230;"71153/USZ/TR 60 1514;3;6";CB716000000046;18;3;6;G657A2;NC;6;1.6;CST;;29/08/2022 00:00;;;;
FO716000001231;"71153/USZ/TR 60 1514;4;1";CB716000000046;19;4;1;G657A2;NC;1;1.1;CST;;29/08/2022 00:00;;;;
FO716000001232;"71153/USZ/TR 60 1514;4;2";CB716000000046;20;4;2;G657A2;NC;2;1.2;CST;;29/08/2022 00:00;;;;
FO716000001233;"71153/USZ/TR 60 1514;4;3";CB716000000046;21;4;3;G657A2;NC;3;1.3;CST;;29/08/2022 00:00;;;;
FO716000001234;"71153/USZ/TR 60 1514;4;4";CB716000000046;22;4;4;G657A2;NC;4;1.4;CST;;29/08/2022 00:00;;;;
FO716000001235;"71153/USZ/TR 60 1514;4;5";CB716000000046;23;4;5;G657A2;NC;5;1.5;CST;;29/08/2022 00:00;;;;
FO716000001236;"71153/USZ/TR 60 1514;4;6";CB716000000046;24;4;6;G657A2;NC;6;1.6;CST;;29/08/2022 00:00;;;;
FO716000001237;"71153/USZ/TR 60 1514;5;1";CB716000000046;25;5;1;G657A2;NC;1;1.1;CST;;29/08/2022 00:00;;;;
FO716000001238;"71153/USZ/TR 60 1514;5;2";CB716000000046;26;5;2;G657A2;NC;2;1.2;CST;;29/08/2022 00:00;;;;
FO716000001239;"71153/USZ/TR 60 1514;5;3";CB716000000046;27;5;3;G657A2;NC;3;1.3;CST;;29/08/2022 00:00;;;;
FO716000001240;"71153/USZ/TR 60 1514;5;4";CB716000000046;28;5;4;G657A2;NC;4;1.4;CST;;29/08/2022 00:00;;;;
FO716000001241;"71153/USZ/TR 60 1514;5;5";CB716000000046;29;5;5;G657A2;NC;5;1.5;CST;;29/08/2022 00:00;;;;
FO716000001242;"71153/USZ/TR 60 1514;5;6";CB716000000046;30;5;6;G657A2;NC;6;1.6;CST;;29/08/2022 00:00;;;;
FO716000001243;"71153/USZ/TR 60 1514;6;1";CB716000000046;31;6;1;G657A2;NC;1;1.1;CST;;29/08/2022 00:00;;;;
FO716000001244;"71153/USZ/TR 60 1514;6;2";CB716000000046;32;6;2;G657A2;NC;2;1.2;CST;;29/08/2022 00:00;;;;
FO716000001245;"71153/USZ/TR 60 1514;6;3";CB716000000046;33;6;3;G657A2;NC;3;1.3;CST;;29/08/2022 00:00;;;;
FO716000001246;"71153/USZ/TR 60 1514;6;4";CB716000000046;34;6;4;G657A2;NC;4;1.4;CST;;29/08/2022 00:00;;;;
FO716000001247;"71153/USZ/TR 60 1514;6;5";CB716000000046;35;6;5;G657A2;NC;5;1.5;CST;;29/08/2022 00:00;;;;
FO716000001248;"71153/USZ/TR 60 1514;6;6";CB716000000046;36;6;6;G657A2;NC;6;1.6;CST;;29/08/2022 00:00;;;;
FO716000001249;"71153/USZ/TR 60 1514;7;1";CB716000000046;37;7;1;G657A2;NC;1;1.1;CST;;29/08/2022 00:00;;;;
FO716000001250;"71153/USZ/TR 60 1514;7;2";CB716000000046;38;7;2;G657A2;NC;2;1.2;CST;;29/08/2022 00:00;;;;
FO716000001251;"71153/USZ/TR 60 1514;7;3";CB716000000046;39;7;3;G657A2;NC;3;1.3;CST;;29/08/2022 00:00;;;;
FO716000001252;"71153/USZ/TR 60 1514;7;4";CB716000000046;40;7;4;G657A2;NC;4;1.4;CST;;29/08/2022 00:00;;;;
FO716000001253;"71153/USZ/TR 60 1514;7;5";CB716000000046;41;7;5;G657A2;NC;5;1.5;CST;;29/08/2022 00:00;;;;
FO716000001254;"71153/USZ/TR 60 1514;7;6";CB716000000046;42;7;6;G657A2;NC;6;1.6;CST;;29/08/2022 00:00;;;;
FO716000001255;"71153/USZ/TR 60 1514;8;1";CB716000000046;43;8;1;G657A2;NC;1;1.1;CST;;29/08/2022 00:00;;;;
FO716000001256;"71153/USZ/TR 60 1514;8;2";CB716000000046;44;8;2;G657A2;NC;2;1.2;CST;;29/08/2022 00:00;;;;
FO716000001257;"71153/USZ/TR 60 1514;8;3";CB716000000046;45;8;3;G657A2;NC;3;1.3;CST;;29/08/2022 00:00;;;;
FO716000001258;"71153/USZ/TR 60 1514;8;4";CB716000000046;46;8;4;G657A2;NC;4;1.4;CST;;29/08/2022 00:00;;;;
FO716000001259;"71153/USZ/TR 60 1514;8;5";CB716000000046;47;8;5;G657A2;NC;5;1.5;CST;;29/08/2022 00:00;;;;
FO716000001260;"71153/USZ/TR 60 1514;8;6";CB716000000046;48;8;6;G657A2;NC;6;1.6;CST;;29/08/2022 00:00;;;;
FO716000001261;"71153/USZ/TR 60 1514;9;1";CB716000000046;49;9;1;G657A2;NC;1;1.1;CST;;29/08/2022 00:00;;;;
FO716000001262;"71153/USZ/TR 60 1514;9;2";CB716000000046;50;9;2;G657A2;NC;2;1.2;CST;;29/08/2022 00:00;;;;
FO716000001263;"71153/USZ/TR 60 1514;9;3";CB716000000046;51;9;3;G657A2;NC;3;1.3;CST;;29/08/2022 00:00;;;;
FO716000001264;"71153/USZ/TR 60 1514;9;4";CB716000000046;52;9;4;G657A2;NC;4;1.4;CST;;29/08/2022 00:00;;;;
FO716000001265;"71153/USZ/TR 60 1514;9;5";CB716000000046;53;9;5;G657A2;NC;5;1.5;CST;;29/08/2022 00:00;;;;
FO716000001266;"71153/USZ/TR 60 1514;9;6";CB716000000046;54;9;6;G657A2;NC;6;1.6;CST;;29/08/2022 00:00;;;;
FO716000001267;"71153/USZ/TR 60 1514;10;1";CB716000000046;55;10;1;G657A2;NC;1;1.1;CST;;29/08/2022 00:00;;;;
FO716000001268;"71153/USZ/TR 60 1514;10;2";CB716000000046;56;10;2;G657A2;NC;2;1.2;CST;;29/08/2022 00:00;;;;
FO716000001269;"71153/USZ/TR 60 1514;10;3";CB716000000046;57;10;3;G657A2;NC;3;1.3;CST;;29/08/2022 00:00;;;;
FO716000001270;"71153/USZ/TR 60 1514;10;4";CB716000000046;58;10;4;G657A2;NC;4;1.4;CST;;29/08/2022 00:00;;;;
FO716000001271;"71153/USZ/TR 60 1514;10;5";CB716000000046;59;10;5;G657A2;NC;5;1.5;CST;;29/08/2022 00:00;;;;
FO716000001272;"71153/USZ/TR 60 1514;10;6";CB716000000046;60;10;6;G657A2;NC;6;1.6;CST;;29/08/2022 00:00;;;;
FO716000001273;"71153/USZ/TR 60 1514;11;1";CB716000000046;61;11;1;G657A2;NC;1;1.1;CST;;29/08/2022 00:00;;;;
FO716000001274;"71153/USZ/TR 60 1514;11;2";CB716000000046;62;11;2;G657A2;NC;2;1.2;CST;;29/08/2022 00:00;;;;
FO716000001275;"71153/USZ/TR 60 1514;11;3";CB716000000046;63;11;3;G657A2;NC;3;1.3;CST;;29/08/2022 00:00;;;;
FO716000001276;"71153/USZ/TR 60 1514;11;4";CB716000000046;64;11;4;G657A2;NC;4;1.4;CST;;29/08/2022 00:00;;;;
FO716000001277;"71153/USZ/TR 60 1514;11;5";CB716000000046;65;11;5;G657A2;NC;5;1.5;CST;;29/08/2022 00:00;;;;
FO716000001278;"71153/USZ/TR 60 1514;11;6";CB716000000046;66;11;6;G657A2;NC;6;1.6;CST;;29/08/2022 00:00;;;;
FO716000001279;"71153/USZ/TR 60 1514;12;1";CB716000000046;67;12;1;G657A2;NC;1;1.1;CST;;29/08/2022 00:00;;;;
FO716000001280;"71153/USZ/TR 60 1514;12;2";CB716000000046;68;12;2;G657A2;NC;2;1.2;CST;;29/08/2022 00:00;;;;
FO716000001281;"71153/USZ/TR 60 1514;12;3";CB716000000046;69;12;3;G657A2;NC;3;1.3;CST;;29/08/2022 00:00;;;;
FO716000001282;"71153/USZ/TR 60 1514;12;4";CB716000000046;70;12;4;G657A2;NC;4;1.4;CST;;29/08/2022 00:00;;;;
FO716000001283;"71153/USZ/TR 60 1514;12;5";CB716000000046;71;12;5;G657A2;NC;5;1.5;CST;;29/08/2022 00:00;;;;
FO716000001284;"71153/USZ/TR 60 1514;12;6";CB716000000046;72;12;6;G657A2;NC;6;1.6;CST;;29/08/2022 00:00;;;;
FO716000001285;"71153/USZ/TR 60 1514;13;1";CB716000000046;73;13;1;G657A2;NC;1;1.1;CST;;29/08/2022 00:00;;;;
FO716000001286;"71153/USZ/TR 60 1514;13;2";CB716000000046;74;13;2;G657A2;NC;2;1.2;CST;;29/08/2022 00:00;;;;
FO716000001287;"71153/USZ/TR 60 1514;13;3";CB716000000046;75;13;3;G657A2;NC;3;1.3;CST;;29/08/2022 00:00;;;;
FO716000001288;"71153/USZ/TR 60 1514;13;4";CB716000000046;76;13;4;G657A2;NC;4;1.4;CST;;29/08/2022 00:00;;;;
FO716000001289;"71153/USZ/TR 60 1514;13;5";CB716000000046;77;13;5;G657A2;NC;5;1.5;CST;;29/08/2022 00:00;;;;
FO716000001290;"71153/USZ/TR 60 1514;13;6";CB716000000046;78;13;6;G657A2;NC;6;1.6;CST;;29/08/2022 00:00;;;;
FO716000001291;"71153/USZ/TR 60 1514;14;1";CB716000000046;79;14;1;G657A2;NC;1;1.1;CST;;29/08/2022 00:00;;;;
FO716000001292;"71153/USZ/TR 60 1514;14;2";CB716000000046;80;14;2;G657A2;NC;2;1.2;CST;;29/08/2022 00:00;;;;
FO716000001293;"71153/USZ/TR 60 1514;14;3";CB716000000046;81;14;3;G657A2;NC;3;1.3;CST;;29/08/2022 00:00;;;;
FO716000001294;"71153/USZ/TR 60 1514;14;4";CB716000000046;82;14;4;G657A2;NC;4;1.4;CST;;29/08/2022 00:00;;;;
FO716000001295;"71153/USZ/TR 60 1514;14;5";CB716000000046;83;14;5;G657A2;NC;5;1.5;CST;;29/08/2022 00:00;;;;
FO716000001296;"71153/USZ/TR 60 1514;14;6";CB716000000046;84;14;6;G657A2;NC;6;1.6;CST;;29/08/2022 00:00;;;;
FO716000001297;"71153/USZ/TR 60 1514;15;1";CB716000000046;85;15;1;G657A2;NC;1;1.1;CST;;29/08/2022 00:00;;;;
FO716000001298;"71153/USZ/TR 60 1514;15;2";CB716000000046;86;15;2;G657A2;NC;2;1.2;CST;;29/08/2022 00:00;;;;
FO716000001299;"71153/USZ/TR 60 1514;15;3";CB716000000046;87;15;3;G657A2;NC;3;1.3;CST;;29/08/2022 00:00;;;;
FO716000001300;"71153/USZ/TR 60 1514;15;4";CB716000000046;88;15;4;G657A2;NC;4;1.4;CST;;29/08/2022 00:00;;;;
FO716000001301;"71153/USZ/TR 60 1514;15;5";CB716000000046;89;15;5;G657A2;NC;5;1.5;CST;;29/08/2022 00:00;;;;
FO716000001302;"71153/USZ/TR 60 1514;15;6";CB716000000046;90;15;6;G657A2;NC;6;1.6;CST;;29/08/2022 00:00;;;;
FO716000001303;"71153/USZ/TR 60 1514;16;1";CB716000000046;91;16;1;G657A2;NC;1;1.1;CST;;29/08/2022 00:00;;;;
FO716000001304;"71153/USZ/TR 60 1514;16;2";CB716000000046;92;16;2;G657A2;NC;2;1.2;CST;;29/08/2022 00:00;;;;
FO716000001305;"71153/USZ/TR 60 1514;16;3";CB716000000046;93;16;3;G657A2;NC;3;1.3;CST;;29/08/2022 00:00;;;;
FO716000001306;"71153/USZ/TR 60 1514;16;4";CB716000000046;94;16;4;G657A2;NC;4;1.4;CST;;29/08/2022 00:00;;;;
FO716000001307;"71153/USZ/TR 60 1514;16;5";CB716000000046;95;16;5;G657A2;NC;5;1.5;CST;;29/08/2022 00:00;;;;
FO716000001308;"71153/USZ/TR 60 1514;16;6";CB716000000046;96;16;6;G657A2;NC;6;1.6;CST;;29/08/2022 00:00;;;;
FO716000001309;"71153/USZ/TR 60 1514;17;1";CB716000000046;97;17;1;G657A2;NC;1;1.1;CST;;29/08/2022 00:00;;;;
FO716000001310;"71153/USZ/TR 60 1514;17;2";CB716000000046;98;17;2;G657A2;NC;2;1.2;CST;;29/08/2022 00:00;;;;
FO716000001311;"71153/USZ/TR 60 1514;17;3";CB716000000046;99;17;3;G657A2;NC;3;1.3;CST;;29/08/2022 00:00;;;;
FO716000001312;"71153/USZ/TR 60 1514;17;4";CB716000000046;100;17;4;G657A2;NC;4;1.4;CST;;29/08/2022 00:00;;;;
FO716000001313;"71153/USZ/TR 60 1514;17;5";CB716000000046;101;17;5;G657A2;NC;5;1.5;CST;;29/08/2022 00:00;;;;
FO716000001314;"71153/USZ/TR 60 1514;17;6";CB716000000046;102;17;6;G657A2;NC;6;1.6;CST;;29/08/2022 00:00;;;;
FO716000001315;"71153/USZ/TR 60 1514;18;1";CB716000000046;103;18;1;G657A2;NC;1;1.1;CST;;29/08/2022 00:00;;;;
FO716000001316;"71153/USZ/TR 60 1514;18;2";CB716000000046;104;18;2;G657A2;NC;2;1.2;CST;;29/08/2022 00:00;;;;
FO716000001317;"71153/USZ/TR 60 1514;18;3";CB716000000046;105;18;3;G657A2;NC;3;1.3;CST;;29/08/2022 00:00;;;;
FO716000001318;"71153/USZ/TR 60 1514;18;4";CB716000000046;106;18;4;G657A2;NC;4;1.4;CST;;29/08/2022 00:00;;;;
FO716000001319;"71153/USZ/TR 60 1514;18;5";CB716000000046;107;18;5;G657A2;NC;5;1.5;CST;;29/08/2022 00:00;;;;
FO716000001320;"71153/USZ/TR 60 1514;18;6";CB716000000046;108;18;6;G657A2;NC;6;1.6;CST;;29/08/2022 00:00;;;;
FO716000001321;"71153/USZ/TR 60 1514;19;1";CB716000000046;109;19;1;G657A2;NC;1;1.1;CST;;29/08/2022 00:00;;;;
FO716000001322;"71153/USZ/TR 60 1514;19;2";CB716000000046;110;19;2;G657A2;NC;2;1.2;CST;;29/08/2022 00:00;;;;
FO716000001323;"71153/USZ/TR 60 1514;19;3";CB716000000046;111;19;3;G657A2;NC;3;1.3;CST;;29/08/2022 00:00;;;;
FO716000001324;"71153/USZ/TR 60 1514;19;4";CB716000000046;112;19;4;G657A2;NC;4;1.4;CST;;29/08/2022 00:00;;;;
FO716000001325;"71153/USZ/TR 60 1514;19;5";CB716000000046;113;19;5;G657A2;NC;5;1.5;CST;;29/08/2022 00:00;;;;
FO716000001326;"71153/USZ/TR 60 1514;19;6";CB716000000046;114;19;6;G657A2;NC;6;1.6;CST;;29/08/2022 00:00;;;;
FO716000001327;"71153/USZ/TR 60 1514;20;1";CB716000000046;115;20;1;G657A2;NC;1;1.1;CST;;29/08/2022 00:00;;;;
FO716000001328;"71153/USZ/TR 60 1514;20;2";CB716000000046;116;20;2;G657A2;NC;2;1.2;CST;;29/08/2022 00:00;;;;
FO716000001329;"71153/USZ/TR 60 1514;20;3";CB716000000046;117;20;3;G657A2;NC;3;1.3;CST;;29/08/2022 00:00;;;;
FO716000001330;"71153/USZ/TR 60 1514;20;4";CB716000000046;118;20;4;G657A2;NC;4;1.4;CST;;29/08/2022 00:00;;;;
FO716000001331;"71153/USZ/TR 60 1514;20;5";CB716000000046;119;20;5;G657A2;NC;5;1.5;CST;;29/08/2022 00:00;;;;
FO716000001332;"71153/USZ/TR 60 1514;20;6";CB716000000046;120;20;6;G657A2;NC;6;1.6;CST;;29/08/2022 00:00;;;;
FO716000001333;"71153/USZ/TR 60 1514;21;1";CB716000000046;121;21;1;G657A2;NC;1;1.1;CST;;29/08/2022 00:00;;;;
FO716000001334;"71153/USZ/TR 60 1514;21;2";CB716000000046;122;21;2;G657A2;NC;2;1.2;CST;;29/08/2022 00:00;;;;
FO716000001335;"71153/USZ/TR 60 1514;21;3";CB716000000046;123;21;3;G657A2;NC;3;1.3;CST;;29/08/2022 00:00;;;;
FO716000001336;"71153/USZ/TR 60 1514;21;4";CB716000000046;124;21;4;G657A2;NC;4;1.4;CST;;29/08/2022 00:00;;;;
FO716000001337;"71153/USZ/TR 60 1514;21;5";CB716000000046;125;21;5;G657A2;NC;5;1.5;CST;;29/08/2022 00:00;;;;
FO716000001338;"71153/USZ/TR 60 1514;21;6";CB716000000046;126;21;6;G657A2;NC;6;1.6;CST;;29/08/2022 00:00;;;;
FO716000001339;"71153/USZ/TR 60 1514;22;1";CB716000000046;127;22;1;G657A2;NC;1;1.1;CST;;29/08/2022 00:00;;;;
FO716000001340;"71153/USZ/TR 60 1514;22;2";CB716000000046;128;22;2;G657A2;NC;2;1.2;CST;;29/08/2022 00:00;;;;
FO716000001341;"71153/USZ/TR 60 1514;22;3";CB716000000046;129;22;3;G657A2;NC;3;1.3;CST;;29/08/2022 00:00;;;;
FO716000001342;"71153/USZ/TR 60 1514;22;4";CB716000000046;130;22;4;G657A2;NC;4;1.4;CST;;29/08/2022 00:00;;;;
FO716000001343;"71153/USZ/TR 60 1514;22;5";CB716000000046;131;22;5;G657A2;NC;5;1.5;CST;;29/08/2022 00:00;;;;
FO716000001344;"71153/USZ/TR 60 1514;22;6";CB716000000046;132;22;6;G657A2;NC;6;1.6;CST;;29/08/2022 00:00;;;;
FO716000001345;"71153/USZ/TR 60 1514;23;1";CB716000000046;133;23;1;G657A2;NC;1;1.1;CST;;29/08/2022 00:00;;;;
FO716000001346;"71153/USZ/TR 60 1514;23;2";CB716000000046;134;23;2;G657A2;NC;2;1.2;CST;;29/08/2022 00:00;;;;
FO716000001347;"71153/USZ/TR 60 1514;23;3";CB716000000046;135;23;3;G657A2;NC;3;1.3;CST;;29/08/2022 00:00;;;;
FO716000001348;"71153/USZ/TR 60 1514;23;4";CB716000000046;136;23;4;G657A2;NC;4;1.4;CST;;29/08/2022 00:00;;;;
FO716000001349;"71153/USZ/TR 60 1514;23;5";CB716000000046;137;23;5;G657A2;NC;5;1.5;CST;;29/08/2022 00:00;;;;
FO716000001350;"71153/USZ/TR 60 1514;23;6";CB716000000046;138;23;6;G657A2;NC;6;1.6;CST;;29/08/2022 00:00;;;;
FO716000001351;"71153/USZ/TR 60 1514;24;1";CB716000000046;139;24;1;G657A2;NC;1;1.1;CST;;29/08/2022 00:00;;;;
FO716000001352;"71153/USZ/TR 60 1514;24;2";CB716000000046;140;24;2;G657A2;NC;2;1.2;CST;;29/08/2022 00:00;;;;
FO716000001353;"71153/USZ/TR 60 1514;24;3";CB716000000046;141;24;3;G657A2;NC;3;1.3;CST;;29/08/2022 00:00;;;;
FO716000001354;"71153/USZ/TR 60 1514;24;4";CB716000000046;142;24;4;G657A2;NC;4;1.4;CST;;29/08/2022 00:00;;;;
FO716000001355;"71153/USZ/TR 60 1514;24;5";CB716000000046;143;24;5;G657A2;NC;5;1.5;CST;;29/08/2022 00:00;;;;
FO716000001356;"71153/USZ/TR 60 1514;24;6";CB716000000046;144;24;6;G657A2;NC;6;1.6;CST;;29/08/2022 00:00;;;;
FO716000001357;"71153/USZ/TR 60 1515;1;1";CB716000000047;1;1;1;G657A2;NC;1;1.1;CST;;29/08/2022 00:00;;;;
FO716000001358;"71153/USZ/TR 60 1515;1;2";CB716000000047;2;1;2;G657A2;NC;2;1.2;CST;;29/08/2022 00:00;;;;
FO716000001359;"71153/USZ/TR 60 1515;1;3";CB716000000047;3;1;3;G657A2;NC;3;1.3;CST;;29/08/2022 00:00;;;;
FO716000001360;"71153/USZ/TR 60 1515;1;4";CB716000000047;4;1;4;G657A2;NC;4;1.4;CST;;29/08/2022 00:00;;;;
FO716000001361;"71153/USZ/TR 60 1515;1;5";CB716000000047;5;1;5;G657A2;NC;5;1.5;CST;;29/08/2022 00:00;;;;
FO716000001362;"71153/USZ/TR 60 1515;1;6";CB716000000047;6;1;6;G657A2;NC;6;1.6;CST;;29/08/2022 00:00;;;;
FO716000001363;"71153/USZ/TR 60 1515;2;1";CB716000000047;7;2;1;G657A2;NC;1;1.1;CST;;29/08/2022 00:00;;;;
FO716000001364;"71153/USZ/TR 60 1515;2;2";CB716000000047;8;2;2;G657A2;NC;2;1.2;CST;;29/08/2022 00:00;;;;
FO716000001365;"71153/USZ/TR 60 1515;2;3";CB716000000047;9;2;3;G657A2;NC;3;1.3;CST;;29/08/2022 00:00;;;;
FO716000001366;"71153/USZ/TR 60 1515;2;4";CB716000000047;10;2;4;G657A2;NC;4;1.4;CST;;29/08/2022 00:00;;;;
FO716000001367;"71153/USZ/TR 60 1515;2;5";CB716000000047;11;2;5;G657A2;NC;5;1.5;CST;;29/08/2022 00:00;;;;
FO716000001368;"71153/USZ/TR 60 1515;2;6";CB716000000047;12;2;6;G657A2;NC;6;1.6;CST;;29/08/2022 00:00;;;;
FO716000001369;"71153/USZ/TR 60 1515;3;1";CB716000000047;13;3;1;G657A2;NC;1;1.1;CST;;29/08/2022 00:00;;;;
FO716000001370;"71153/USZ/TR 60 1515;3;2";CB716000000047;14;3;2;G657A2;NC;2;1.2;CST;;29/08/2022 00:00;;;;
FO716000001371;"71153/USZ/TR 60 1515;3;3";CB716000000047;15;3;3;G657A2;NC;3;1.3;CST;;29/08/2022 00:00;;;;
FO716000001372;"71153/USZ/TR 60 1515;3;4";CB716000000047;16;3;4;G657A2;NC;4;1.4;CST;;29/08/2022 00:00;;;;
FO716000001373;"71153/USZ/TR 60 1515;3;5";CB716000000047;17;3;5;G657A2;NC;5;1.5;CST;;29/08/2022 00:00;;;;
FO716000001374;"71153/USZ/TR 60 1515;3;6";CB716000000047;18;3;6;G657A2;NC;6;1.6;CST;;29/08/2022 00:00;;;;
FO716000001375;"71153/USZ/TR 60 1515;4;1";CB716000000047;19;4;1;G657A2;NC;1;1.1;CST;;29/08/2022 00:00;;;;
FO716000001376;"71153/USZ/TR 60 1515;4;2";CB716000000047;20;4;2;G657A2;NC;2;1.2;CST;;29/08/2022 00:00;;;;
FO716000001377;"71153/USZ/TR 60 1515;4;3";CB716000000047;21;4;3;G657A2;NC;3;1.3;CST;;29/08/2022 00:00;;;;
FO716000001378;"71153/USZ/TR 60 1515;4;4";CB716000000047;22;4;4;G657A2;NC;4;1.4;CST;;29/08/2022 00:00;;;;
FO716000001379;"71153/USZ/TR 60 1515;4;5";CB716000000047;23;4;5;G657A2;NC;5;1.5;CST;;29/08/2022 00:00;;;;
FO716000001380;"71153/USZ/TR 60 1515;4;6";CB716000000047;24;4;6;G657A2;NC;6;1.6;CST;;29/08/2022 00:00;;;;
FO716000001381;"71153/USZ/TR 60 1515;5;1";CB716000000047;25;5;1;G657A2;NC;1;1.1;CST;;29/08/2022 00:00;;;;
FO716000001382;"71153/USZ/TR 60 1515;5;2";CB716000000047;26;5;2;G657A2;NC;2;1.2;CST;;29/08/2022 00:00;;;;
FO716000001383;"71153/USZ/TR 60 1515;5;3";CB716000000047;27;5;3;G657A2;NC;3;1.3;CST;;29/08/2022 00:00;;;;
FO716000001384;"71153/USZ/TR 60 1515;5;4";CB716000000047;28;5;4;G657A2;NC;4;1.4;CST;;29/08/2022 00:00;;;;
FO716000001385;"71153/USZ/TR 60 1515;5;5";CB716000000047;29;5;5;G657A2;NC;5;1.5;CST;;29/08/2022 00:00;;;;
FO716000001386;"71153/USZ/TR 60 1515;5;6";CB716000000047;30;5;6;G657A2;NC;6;1.6;CST;;29/08/2022 00:00;;;;
FO716000001387;"71153/USZ/TR 60 1515;6;1";CB716000000047;31;6;1;G657A2;NC;1;1.1;CST;;29/08/2022 00:00;;;;
FO716000001388;"71153/USZ/TR 60 1515;6;2";CB716000000047;32;6;2;G657A2;NC;2;1.2;CST;;29/08/2022 00:00;;;;
FO716000001389;"71153/USZ/TR 60 1515;6;3";CB716000000047;33;6;3;G657A2;NC;3;1.3;CST;;29/08/2022 00:00;;;;
FO716000001390;"71153/USZ/TR 60 1515;6;4";CB716000000047;34;6;4;G657A2;NC;4;1.4;CST;;29/08/2022 00:00;;;;
FO716000001391;"71153/USZ/TR 60 1515;6;5";CB716000000047;35;6;5;G657A2;NC;5;1.5;CST;;29/08/2022 00:00;;;;
FO716000001392;"71153/USZ/TR 60 1515;6;6";CB716000000047;36;6;6;G657A2;NC;6;1.6;CST;;29/08/2022 00:00;;;;
FO716000001393;"71153/USZ/TR 60 1515;7;1";CB716000000047;37;7;1;G657A2;NC;1;1.1;CST;;29/08/2022 00:00;;;;
FO716000001394;"71153/USZ/TR 60 1515;7;2";CB716000000047;38;7;2;G657A2;NC;2;1.2;CST;;29/08/2022 00:00;;;;
FO716000001395;"71153/USZ/TR 60 1515;7;3";CB716000000047;39;7;3;G657A2;NC;3;1.3;CST;;29/08/2022 00:00;;;;
FO716000001396;"71153/USZ/TR 60 1515;7;4";CB716000000047;40;7;4;G657A2;NC;4;1.4;CST;;29/08/2022 00:00;;;;
FO716000001397;"71153/USZ/TR 60 1515;7;5";CB716000000047;41;7;5;G657A2;NC;5;1.5;CST;;29/08/2022 00:00;;;;
FO716000001398;"71153/USZ/TR 60 1515;7;6";CB716000000047;42;7;6;G657A2;NC;6;1.6;CST;;29/08/2022 00:00;;;;
FO716000001399;"71153/USZ/TR 60 1515;8;1";CB716000000047;43;8;1;G657A2;NC;1;1.1;CST;;29/08/2022 00:00;;;;
FO716000001400;"71153/USZ/TR 60 1515;8;2";CB716000000047;44;8;2;G657A2;NC;2;1.2;CST;;29/08/2022 00:00;;;;
FO716000001401;"71153/USZ/TR 60 1515;8;3";CB716000000047;45;8;3;G657A2;NC;3;1.3;CST;;29/08/2022 00:00;;;;
FO716000001402;"71153/USZ/TR 60 1515;8;4";CB716000000047;46;8;4;G657A2;NC;4;1.4;CST;;29/08/2022 00:00;;;;
FO716000001403;"71153/USZ/TR 60 1515;8;5";CB716000000047;47;8;5;G657A2;NC;5;1.5;CST;;29/08/2022 00:00;;;;
FO716000001404;"71153/USZ/TR 60 1515;8;6";CB716000000047;48;8;6;G657A2;NC;6;1.6;CST;;29/08/2022 00:00;;;;
FO716000001405;"71153/USZ/TR 60 1516;1;1";CB716000000048;1;1;1;G657A2;NC;1;1.1;CST;;29/08/2022 00:00;;;;
FO716000001406;"71153/USZ/TR 60 1516;1;2";CB716000000048;2;1;2;G657A2;NC;2;1.2;CST;;29/08/2022 00:00;;;;
FO716000001407;"71153/USZ/TR 60 1516;1;3";CB716000000048;3;1;3;G657A2;NC;3;1.3;CST;;29/08/2022 00:00;;;;
FO716000001408;"71153/USZ/TR 60 1516;1;4";CB716000000048;4;1;4;G657A2;NC;4;1.4;CST;;29/08/2022 00:00;;;;
FO716000001409;"71153/USZ/TR 60 1516;1;5";CB716000000048;5;1;5;G657A2;NC;5;1.5;CST;;29/08/2022 00:00;;;;
FO716000001410;"71153/USZ/TR 60 1516;1;6";CB716000000048;6;1;6;G657A2;NC;6;1.6;CST;;29/08/2022 00:00;;;;
FO716000001411;"71153/USZ/TR 60 1516;2;1";CB716000000048;7;2;1;G657A2;NC;1;1.1;CST;;29/08/2022 00:00;;;;
FO716000001412;"71153/USZ/TR 60 1516;2;2";CB716000000048;8;2;2;G657A2;NC;2;1.2;CST;;29/08/2022 00:00;;;;
FO716000001413;"71153/USZ/TR 60 1516;2;3";CB716000000048;9;2;3;G657A2;NC;3;1.3;CST;;29/08/2022 00:00;;;;
FO716000001414;"71153/USZ/TR 60 1516;2;4";CB716000000048;10;2;4;G657A2;NC;4;1.4;CST;;29/08/2022 00:00;;;;
FO716000001415;"71153/USZ/TR 60 1516;2;5";CB716000000048;11;2;5;G657A2;NC;5;1.5;CST;;29/08/2022 00:00;;;;
FO716000001416;"71153/USZ/TR 60 1516;2;6";CB716000000048;12;2;6;G657A2;NC;6;1.6;CST;;29/08/2022 00:00;;;;
FO716000001417;"71153/USZ/TR 60 1516;3;1";CB716000000048;13;3;1;G657A2;NC;1;1.1;CST;;29/08/2022 00:00;;;;
FO716000001418;"71153/USZ/TR 60 1516;3;2";CB716000000048;14;3;2;G657A2;NC;2;1.2;CST;;29/08/2022 00:00;;;;
FO716000001419;"71153/USZ/TR 60 1516;3;3";CB716000000048;15;3;3;G657A2;NC;3;1.3;CST;;29/08/2022 00:00;;;;
FO716000001420;"71153/USZ/TR 60 1516;3;4";CB716000000048;16;3;4;G657A2;NC;4;1.4;CST;;29/08/2022 00:00;;;;
FO716000001421;"71153/USZ/TR 60 1516;3;5";CB716000000048;17;3;5;G657A2;NC;5;1.5;CST;;29/08/2022 00:00;;;;
FO716000001422;"71153/USZ/TR 60 1516;3;6";CB716000000048;18;3;6;G657A2;NC;6;1.6;CST;;29/08/2022 00:00;;;;
FO716000001423;"71153/USZ/TR 60 1516;4;1";CB716000000048;19;4;1;G657A2;NC;1;1.1;CST;;29/08/2022 00:00;;;;
FO716000001424;"71153/USZ/TR 60 1516;4;2";CB716000000048;20;4;2;G657A2;NC;2;1.2;CST;;29/08/2022 00:00;;;;
FO716000001425;"71153/USZ/TR 60 1516;4;3";CB716000000048;21;4;3;G657A2;NC;3;1.3;CST;;29/08/2022 00:00;;;;
FO716000001426;"71153/USZ/TR 60 1516;4;4";CB716000000048;22;4;4;G657A2;NC;4;1.4;CST;;29/08/2022 00:00;;;;
FO716000001427;"71153/USZ/TR 60 1516;4;5";CB716000000048;23;4;5;G657A2;NC;5;1.5;CST;;29/08/2022 00:00;;;;
FO716000001428;"71153/USZ/TR 60 1516;4;6";CB716000000048;24;4;6;G657A2;NC;6;1.6;CST;;29/08/2022 00:00;;;;
FO716000001429;"71153/USZ/TR 60 1517;1;1";CB716000000049;1;1;1;G657A2;NC;1;1.1;CST;;29/08/2022 00:00;;;;
FO716000001430;"71153/USZ/TR 60 1517;1;2";CB716000000049;2;1;2;G657A2;NC;2;1.2;CST;;29/08/2022 00:00;;;;
FO716000001431;"71153/USZ/TR 60 1517;1;3";CB716000000049;3;1;3;G657A2;NC;3;1.3;CST;;29/08/2022 00:00;;;;
FO716000001432;"71153/USZ/TR 60 1517;1;4";CB716000000049;4;1;4;G657A2;NC;4;1.4;CST;;29/08/2022 00:00;;;;
FO716000001433;"71153/USZ/TR 60 1517;1;5";CB716000000049;5;1;5;G657A2;NC;5;1.5;CST;;29/08/2022 00:00;;;;
FO716000001434;"71153/USZ/TR 60 1517;1;6";CB716000000049;6;1;6;G657A2;NC;6;1.6;CST;;29/08/2022 00:00;;;;
FO716000001435;"71153/USZ/TR 60 1517;2;1";CB716000000049;7;2;1;G657A2;NC;1;1.1;CST;;29/08/2022 00:00;;;;
FO716000001436;"71153/USZ/TR 60 1517;2;2";CB716000000049;8;2;2;G657A2;NC;2;1.2;CST;;29/08/2022 00:00;;;;
FO716000001437;"71153/USZ/TR 60 1517;2;3";CB716000000049;9;2;3;G657A2;NC;3;1.3;CST;;29/08/2022 00:00;;;;
FO716000001438;"71153/USZ/TR 60 1517;2;4";CB716000000049;10;2;4;G657A2;NC;4;1.4;CST;;29/08/2022 00:00;;;;
FO716000001439;"71153/USZ/TR 60 1517;2;5";CB716000000049;11;2;5;G657A2;NC;5;1.5;CST;;29/08/2022 00:00;;;;
FO716000001440;"71153/USZ/TR 60 1517;2;6";CB716000000049;12;2;6;G657A2;NC;6;1.6;CST;;29/08/2022 00:00;;;;
FO716000001441;"71153/USZ/TR 60 1517;3;1";CB716000000049;13;3;1;G657A2;NC;1;1.1;CST;;29/08/2022 00:00;;;;
FO716000001442;"71153/USZ/TR 60 1517;3;2";CB716000000049;14;3;2;G657A2;NC;2;1.2;CST;;29/08/2022 00:00;;;;
FO716000001443;"71153/USZ/TR 60 1517;3;3";CB716000000049;15;3;3;G657A2;NC;3;1.3;CST;;29/08/2022 00:00;;;;
FO716000001444;"71153/USZ/TR 60 1517;3;4";CB716000000049;16;3;4;G657A2;NC;4;1.4;CST;;29/08/2022 00:00;;;;
FO716000001445;"71153/USZ/TR 60 1517;3;5";CB716000000049;17;3;5;G657A2;NC;5;1.5;CST;;29/08/2022 00:00;;;;
FO716000001446;"71153/USZ/TR 60 1517;3;6";CB716000000049;18;3;6;G657A2;NC;6;1.6;CST;;29/08/2022 00:00;;;;
FO716000001447;"71153/USZ/TR 60 1517;4;1";CB716000000049;19;4;1;G657A2;NC;1;1.1;CST;;29/08/2022 00:00;;;;
FO716000001448;"71153/USZ/TR 60 1517;4;2";CB716000000049;20;4;2;G657A2;NC;2;1.2;CST;;29/08/2022 00:00;;;;
FO716000001449;"71153/USZ/TR 60 1517;4;3";CB716000000049;21;4;3;G657A2;NC;3;1.3;CST;;29/08/2022 00:00;;;;
FO716000001450;"71153/USZ/TR 60 1517;4;4";CB716000000049;22;4;4;G657A2;NC;4;1.4;CST;;29/08/2022 00:00;;;;
FO716000001451;"71153/USZ/TR 60 1517;4;5";CB716000000049;23;4;5;G657A2;NC;5;1.5;CST;;29/08/2022 00:00;;;;
FO716000001452;"71153/USZ/TR 60 1517;4;6";CB716000000049;24;4;6;G657A2;NC;6;1.6;CST;;29/08/2022 00:00;;;;
FO716000001453;"71153/USZ/TR 60 1518;1;1";CB716000000050;1;1;1;G657A2;NC;1;1.1;CST;;29/08/2022 00:00;;;;
FO716000001454;"71153/USZ/TR 60 1518;1;2";CB716000000050;2;1;2;G657A2;NC;2;1.2;CST;;29/08/2022 00:00;;;;
FO716000001455;"71153/USZ/TR 60 1518;1;3";CB716000000050;3;1;3;G657A2;NC;3;1.3;CST;;29/08/2022 00:00;;;;
FO716000001456;"71153/USZ/TR 60 1518;1;4";CB716000000050;4;1;4;G657A2;NC;4;1.4;CST;;29/08/2022 00:00;;;;
FO716000001457;"71153/USZ/TR 60 1518;1;5";CB716000000050;5;1;5;G657A2;NC;5;1.5;CST;;29/08/2022 00:00;;;;
FO716000001458;"71153/USZ/TR 60 1518;1;6";CB716000000050;6;1;6;G657A2;NC;6;1.6;CST;;29/08/2022 00:00;;;;
FO716000001459;"71153/USZ/TR 60 1518;2;1";CB716000000050;7;2;1;G657A2;NC;1;1.1;CST;;29/08/2022 00:00;;;;
FO716000001460;"71153/USZ/TR 60 1518;2;2";CB716000000050;8;2;2;G657A2;NC;2;1.2;CST;;29/08/2022 00:00;;;;
FO716000001461;"71153/USZ/TR 60 1518;2;3";CB716000000050;9;2;3;G657A2;NC;3;1.3;CST;;29/08/2022 00:00;;;;
FO716000001462;"71153/USZ/TR 60 1518;2;4";CB716000000050;10;2;4;G657A2;NC;4;1.4;CST;;29/08/2022 00:00;;;;
FO716000001463;"71153/USZ/TR 60 1518;2;5";CB716000000050;11;2;5;G657A2;NC;5;1.5;CST;;29/08/2022 00:00;;;;
FO716000001464;"71153/USZ/TR 60 1518;2;6";CB716000000050;12;2;6;G657A2;NC;6;1.6;CST;;29/08/2022 00:00;;;;
FO716000001465;"71153/USZ/TR 60 1518;3;1";CB716000000050;13;3;1;G657A2;NC;1;1.1;CST;;29/08/2022 00:00;;;;
FO716000001466;"71153/USZ/TR 60 1518;3;2";CB716000000050;14;3;2;G657A2;NC;2;1.2;CST;;29/08/2022 00:00;;;;
FO716000001467;"71153/USZ/TR 60 1518;3;3";CB716000000050;15;3;3;G657A2;NC;3;1.3;CST;;29/08/2022 00:00;;;;
FO716000001468;"71153/USZ/TR 60 1518;3;4";CB716000000050;16;3;4;G657A2;NC;4;1.4;CST;;29/08/2022 00:00;;;;
FO716000001469;"71153/USZ/TR 60 1518;3;5";CB716000000050;17;3;5;G657A2;NC;5;1.5;CST;;29/08/2022 00:00;;;;
FO716000001470;"71153/USZ/TR 60 1518;3;6";CB716000000050;18;3;6;G657A2;NC;6;1.6;CST;;29/08/2022 00:00;;;;
FO716000001471;"71153/USZ/TR 60 1518;4;1";CB716000000050;19;4;1;G657A2;NC;1;1.1;CST;;29/08/2022 00:00;;;;
FO716000001472;"71153/USZ/TR 60 1518;4;2";CB716000000050;20;4;2;G657A2;NC;2;1.2;CST;;29/08/2022 00:00;;;;
FO716000001473;"71153/USZ/TR 60 1518;4;3";CB716000000050;21;4;3;G657A2;NC;3;1.3;CST;;29/08/2022 00:00;;;;
FO716000001474;"71153/USZ/TR 60 1518;4;4";CB716000000050;22;4;4;G657A2;NC;4;1.4;CST;;29/08/2022 00:00;;;;
FO716000001475;"71153/USZ/TR 60 1518;4;5";CB716000000050;23;4;5;G657A2;NC;5;1.5;CST;;29/08/2022 00:00;;;;
FO716000001476;"71153/USZ/TR 60 1518;4;6";CB716000000050;24;4;6;G657A2;NC;6;1.6;CST;;29/08/2022 00:00;;;;
FO716000001477;"71153/USZ/TR 60 1519;1;1";CB716000000051;1;1;1;G657A2;NC;1;1.1;CST;;29/08/2022 00:00;;;;
FO716000001478;"71153/USZ/TR 60 1519;1;2";CB716000000051;2;1;2;G657A2;NC;2;1.2;CST;;29/08/2022 00:00;;;;
FO716000001479;"71153/USZ/TR 60 1519;1;3";CB716000000051;3;1;3;G657A2;NC;3;1.3;CST;;29/08/2022 00:00;;;;
FO716000001480;"71153/USZ/TR 60 1519;1;4";CB716000000051;4;1;4;G657A2;NC;4;1.4;CST;;29/08/2022 00:00;;;;
FO716000001481;"71153/USZ/TR 60 1519;1;5";CB716000000051;5;1;5;G657A2;NC;5;1.5;CST;;29/08/2022 00:00;;;;
FO716000001482;"71153/USZ/TR 60 1519;1;6";CB716000000051;6;1;6;G657A2;NC;6;1.6;CST;;29/08/2022 00:00;;;;
FO716000001483;"71153/USZ/TR 60 1519;2;1";CB716000000051;7;2;1;G657A2;NC;1;1.1;CST;;29/08/2022 00:00;;;;
FO716000001484;"71153/USZ/TR 60 1519;2;2";CB716000000051;8;2;2;G657A2;NC;2;1.2;CST;;29/08/2022 00:00;;;;
FO716000001485;"71153/USZ/TR 60 1519;2;3";CB716000000051;9;2;3;G657A2;NC;3;1.3;CST;;29/08/2022 00:00;;;;
FO716000001486;"71153/USZ/TR 60 1519;2;4";CB716000000051;10;2;4;G657A2;NC;4;1.4;CST;;29/08/2022 00:00;;;;
FO716000001487;"71153/USZ/TR 60 1519;2;5";CB716000000051;11;2;5;G657A2;NC;5;1.5;CST;;29/08/2022 00:00;;;;
FO716000001488;"71153/USZ/TR 60 1519;2;6";CB716000000051;12;2;6;G657A2;NC;6;1.6;CST;;29/08/2022 00:00;;;;
FO716000001489;"71153/USZ/TR 60 1519;3;1";CB716000000051;13;3;1;G657A2;NC;1;1.1;CST;;29/08/2022 00:00;;;;
FO716000001490;"71153/USZ/TR 60 1519;3;2";CB716000000051;14;3;2;G657A2;NC;2;1.2;CST;;29/08/2022 00:00;;;;
FO716000001491;"71153/USZ/TR 60 1519;3;3";CB716000000051;15;3;3;G657A2;NC;3;1.3;CST;;29/08/2022 00:00;;;;
FO716000001492;"71153/USZ/TR 60 1519;3;4";CB716000000051;16;3;4;G657A2;NC;4;1.4;CST;;29/08/2022 00:00;;;;
FO716000001493;"71153/USZ/TR 60 1519;3;5";CB716000000051;17;3;5;G657A2;NC;5;1.5;CST;;29/08/2022 00:00;;;;
FO716000001494;"71153/USZ/TR 60 1519;3;6";CB716000000051;18;3;6;G657A2;NC;6;1.6;CST;;29/08/2022 00:00;;;;
FO716000001495;"71153/USZ/TR 60 1519;4;1";CB716000000051;19;4;1;G657A2;NC;1;1.1;CST;;29/08/2022 00:00;;;;
FO716000001496;"71153/USZ/TR 60 1519;4;2";CB716000000051;20;4;2;G657A2;NC;2;1.2;CST;;29/08/2022 00:00;;;;
FO716000001497;"71153/USZ/TR 60 1519;4;3";CB716000000051;21;4;3;G657A2;NC;3;1.3;CST;;29/08/2022 00:00;;;;
FO716000001498;"71153/USZ/TR 60 1519;4;4";CB716000000051;22;4;4;G657A2;NC;4;1.4;CST;;29/08/2022 00:00;;;;
FO716000001499;"71153/USZ/TR 60 1519;4;5";CB716000000051;23;4;5;G657A2;NC;5;1.5;CST;;29/08/2022 00:00;;;;
FO716000001500;"71153/USZ/TR 60 1519;4;6";CB716000000051;24;4;6;G657A2;NC;6;1.6;CST;;29/08/2022 00:00;;;;
FO716000001501;"71153/USZ/TR 60 1520;1;1";CB716000000052;1;1;1;G657A2;NC;1;1.1;CST;;29/08/2022 00:00;;;;
FO716000001502;"71153/USZ/TR 60 1520;1;2";CB716000000052;2;1;2;G657A2;NC;2;1.2;CST;;29/08/2022 00:00;;;;
FO716000001503;"71153/USZ/TR 60 1520;1;3";CB716000000052;3;1;3;G657A2;NC;3;1.3;CST;;29/08/2022 00:00;;;;
FO716000001504;"71153/USZ/TR 60 1520;1;4";CB716000000052;4;1;4;G657A2;NC;4;1.4;CST;;29/08/2022 00:00;;;;
FO716000001505;"71153/USZ/TR 60 1520;1;5";CB716000000052;5;1;5;G657A2;NC;5;1.5;CST;;29/08/2022 00:00;;;;
FO716000001506;"71153/USZ/TR 60 1520;1;6";CB716000000052;6;1;6;G657A2;NC;6;1.6;CST;;29/08/2022 00:00;;;;
FO716000001507;"71153/USZ/TR 60 1520;2;1";CB716000000052;7;2;1;G657A2;NC;1;1.1;CST;;29/08/2022 00:00;;;;
FO716000001508;"71153/USZ/TR 60 1520;2;2";CB716000000052;8;2;2;G657A2;NC;2;1.2;CST;;29/08/2022 00:00;;;;
FO716000001509;"71153/USZ/TR 60 1520;2;3";CB716000000052;9;2;3;G657A2;NC;3;1.3;CST;;29/08/2022 00:00;;;;
FO716000001510;"71153/USZ/TR 60 1520;2;4";CB716000000052;10;2;4;G657A2;NC;4;1.4;CST;;29/08/2022 00:00;;;;
FO716000001511;"71153/USZ/TR 60 1520;2;5";CB716000000052;11;2;5;G657A2;NC;5;1.5;CST;;29/08/2022 00:00;;;;
FO716000001512;"71153/USZ/TR 60 1520;2;6";CB716000000052;12;2;6;G657A2;NC;6;1.6;CST;;29/08/2022 00:00;;;;
FO716000001513;"71153/USZ/TR 60 1521;1;1";CB716000000053;1;1;1;G657A2;NC;1;1.1;CST;;29/08/2022 00:00;;;;
FO716000001514;"71153/USZ/TR 60 1521;1;2";CB716000000053;2;1;2;G657A2;NC;2;1.2;CST;;29/08/2022 00:00;;;;
FO716000001515;"71153/USZ/TR 60 1521;1;3";CB716000000053;3;1;3;G657A2;NC;3;1.3;CST;;29/08/2022 00:00;;;;
FO716000001516;"71153/USZ/TR 60 1521;1;4";CB716000000053;4;1;4;G657A2;NC;4;1.4;CST;;29/08/2022 00:00;;;;
FO716000001517;"71153/USZ/TR 60 1521;1;5";CB716000000053;5;1;5;G657A2;NC;5;1.5;CST;;29/08/2022 00:00;;;;
FO716000001518;"71153/USZ/TR 60 1521;1;6";CB716000000053;6;1;6;G657A2;NC;6;1.6;CST;;29/08/2022 00:00;;;;
FO716000001519;"71153/USZ/TR 60 1521;2;1";CB716000000053;7;2;1;G657A2;NC;1;1.1;CST;;29/08/2022 00:00;;;;
FO716000001520;"71153/USZ/TR 60 1521;2;2";CB716000000053;8;2;2;G657A2;NC;2;1.2;CST;;29/08/2022 00:00;;;;
FO716000001521;"71153/USZ/TR 60 1521;2;3";CB716000000053;9;2;3;G657A2;NC;3;1.3;CST;;29/08/2022 00:00;;;;
FO716000001522;"71153/USZ/TR 60 1521;2;4";CB716000000053;10;2;4;G657A2;NC;4;1.4;CST;;29/08/2022 00:00;;;;
FO716000001523;"71153/USZ/TR 60 1521;2;5";CB716000000053;11;2;5;G657A2;NC;5;1.5;CST;;29/08/2022 00:00;;;;
FO716000001524;"71153/USZ/TR 60 1521;2;6";CB716000000053;12;2;6;G657A2;NC;6;1.6;CST;;29/08/2022 00:00;;;;
FO716000001525;"71153/USZ/TR 60 1522;1;1";CB716000000054;1;1;1;G657A2;NC;1;1.1;CST;;29/08/2022 00:00;;;;
FO716000001526;"71153/USZ/TR 60 1522;1;2";CB716000000054;2;1;2;G657A2;NC;2;1.2;CST;;29/08/2022 00:00;;;;
FO716000001527;"71153/USZ/TR 60 1522;1;3";CB716000000054;3;1;3;G657A2;NC;3;1.3;CST;;29/08/2022 00:00;;;;
FO716000001528;"71153/USZ/TR 60 1522;1;4";CB716000000054;4;1;4;G657A2;NC;4;1.4;CST;;29/08/2022 00:00;;;;
FO716000001529;"71153/USZ/TR 60 1522;1;5";CB716000000054;5;1;5;G657A2;NC;5;1.5;CST;;29/08/2022 00:00;;;;
FO716000001530;"71153/USZ/TR 60 1522;1;6";CB716000000054;6;1;6;G657A2;NC;6;1.6;CST;;29/08/2022 00:00;;;;
FO716000001531;"71153/USZ/TR 60 1522;2;1";CB716000000054;7;2;1;G657A2;NC;1;1.1;CST;;29/08/2022 00:00;;;;
FO716000001532;"71153/USZ/TR 60 1522;2;2";CB716000000054;8;2;2;G657A2;NC;2;1.2;CST;;29/08/2022 00:00;;;;
FO716000001533;"71153/USZ/TR 60 1522;2;3";CB716000000054;9;2;3;G657A2;NC;3;1.3;CST;;29/08/2022 00:00;;;;
FO716000001534;"71153/USZ/TR 60 1522;2;4";CB716000000054;10;2;4;G657A2;NC;4;1.4;CST;;29/08/2022 00:00;;;;
FO716000001535;"71153/USZ/TR 60 1522;2;5";CB716000000054;11;2;5;G657A2;NC;5;1.5;CST;;29/08/2022 00:00;;;;
FO716000001536;"71153/USZ/TR 60 1522;2;6";CB716000000054;12;2;6;G657A2;NC;6;1.6;CST;;29/08/2022 00:00;;;;
FO716000001537;"71153/USZ/TR 60 1523;1;1";CB716000000055;1;1;1;G657A2;NC;1;1.1;CST;;29/08/2022 00:00;;;;
FO716000001538;"71153/USZ/TR 60 1523;1;2";CB716000000055;2;1;2;G657A2;NC;2;1.2;CST;;29/08/2022 00:00;;;;
FO716000001539;"71153/USZ/TR 60 1523;1;3";CB716000000055;3;1;3;G657A2;NC;3;1.3;CST;;29/08/2022 00:00;;;;
FO716000001540;"71153/USZ/TR 60 1523;1;4";CB716000000055;4;1;4;G657A2;NC;4;1.4;CST;;29/08/2022 00:00;;;;
FO716000001541;"71153/USZ/TR 60 1523;1;5";CB716000000055;5;1;5;G657A2;NC;5;1.5;CST;;29/08/2022 00:00;;;;
FO716000001542;"71153/USZ/TR 60 1523;1;6";CB716000000055;6;1;6;G657A2;NC;6;1.6;CST;;29/08/2022 00:00;;;;
FO716000001543;"71153/USZ/TR 60 1523;2;1";CB716000000055;7;2;1;G657A2;NC;1;1.1;CST;;29/08/2022 00:00;;;;
FO716000001544;"71153/USZ/TR 60 1523;2;2";CB716000000055;8;2;2;G657A2;NC;2;1.2;CST;;29/08/2022 00:00;;;;
FO716000001545;"71153/USZ/TR 60 1523;2;3";CB716000000055;9;2;3;G657A2;NC;3;1.3;CST;;29/08/2022 00:00;;;;
FO716000001546;"71153/USZ/TR 60 1523;2;4";CB716000000055;10;2;4;G657A2;NC;4;1.4;CST;;29/08/2022 00:00;;;;
FO716000001547;"71153/USZ/TR 60 1523;2;5";CB716000000055;11;2;5;G657A2;NC;5;1.5;CST;;29/08/2022 00:00;;;;
FO716000001548;"71153/USZ/TR 60 1523;2;6";CB716000000055;12;2;6;G657A2;NC;6;1.6;CST;;29/08/2022 00:00;;;;
FO716000001549;"71153/USZ/TR 60 1524;1;1";CB716000000056;1;1;1;G657A2;NC;1;1.1;CST;;29/08/2022 00:00;;;;
FO716000001550;"71153/USZ/TR 60 1524;1;2";CB716000000056;2;1;2;G657A2;NC;2;1.2;CST;;29/08/2022 00:00;;;;
FO716000001551;"71153/USZ/TR 60 1524;1;3";CB716000000056;3;1;3;G657A2;NC;3;1.3;CST;;29/08/2022 00:00;;;;
FO716000001552;"71153/USZ/TR 60 1524;1;4";CB716000000056;4;1;4;G657A2;NC;4;1.4;CST;;29/08/2022 00:00;;;;
FO716000001553;"71153/USZ/TR 60 1524;1;5";CB716000000056;5;1;5;G657A2;NC;5;1.5;CST;;29/08/2022 00:00;;;;
FO716000001554;"71153/USZ/TR 60 1524;1;6";CB716000000056;6;1;6;G657A2;NC;6;1.6;CST;;29/08/2022 00:00;;;;
FO716000001555;"71153/USZ/TR 60 1524;2;1";CB716000000056;7;2;1;G657A2;NC;1;1.1;CST;;29/08/2022 00:00;;;;
FO716000001556;"71153/USZ/TR 60 1524;2;2";CB716000000056;8;2;2;G657A2;NC;2;1.2;CST;;29/08/2022 00:00;;;;
FO716000001557;"71153/USZ/TR 60 1524;2;3";CB716000000056;9;2;3;G657A2;NC;3;1.3;CST;;29/08/2022 00:00;;;;
FO716000001558;"71153/USZ/TR 60 1524;2;4";CB716000000056;10;2;4;G657A2;NC;4;1.4;CST;;29/08/2022 00:00;;;;
FO716000001559;"71153/USZ/TR 60 1524;2;5";CB716000000056;11;2;5;G657A2;NC;5;1.5;CST;;29/08/2022 00:00;;;;
FO716000001560;"71153/USZ/TR 60 1524;2;6";CB716000000056;12;2;6;G657A2;NC;6;1.6;CST;;29/08/2022 00:00;;;;
FO716000001561;"71153/USZ/TR 60 1525;1;1";CB716000000057;1;1;1;G657A2;NC;1;1.1;CST;;29/08/2022 00:00;;;;
FO716000001562;"71153/USZ/TR 60 1525;1;2";CB716000000057;2;1;2;G657A2;NC;2;1.2;CST;;29/08/2022 00:00;;;;
FO716000001563;"71153/USZ/TR 60 1525;1;3";CB716000000057;3;1;3;G657A2;NC;3;1.3;CST;;29/08/2022 00:00;;;;
FO716000001564;"71153/USZ/TR 60 1525;1;4";CB716000000057;4;1;4;G657A2;NC;4;1.4;CST;;29/08/2022 00:00;;;;
FO716000001565;"71153/USZ/TR 60 1525;1;5";CB716000000057;5;1;5;G657A2;NC;5;1.5;CST;;29/08/2022 00:00;;;;
FO716000001566;"71153/USZ/TR 60 1525;1;6";CB716000000057;6;1;6;G657A2;NC;6;1.6;CST;;29/08/2022 00:00;;;;
FO716000001567;"71153/USZ/TR 60 1525;2;1";CB716000000057;7;2;1;G657A2;NC;1;1.1;CST;;29/08/2022 00:00;;;;
FO716000001568;"71153/USZ/TR 60 1525;2;2";CB716000000057;8;2;2;G657A2;NC;2;1.2;CST;;29/08/2022 00:00;;;;
FO716000001569;"71153/USZ/TR 60 1525;2;3";CB716000000057;9;2;3;G657A2;NC;3;1.3;CST;;29/08/2022 00:00;;;;
FO716000001570;"71153/USZ/TR 60 1525;2;4";CB716000000057;10;2;4;G657A2;NC;4;1.4;CST;;29/08/2022 00:00;;;;
FO716000001571;"71153/USZ/TR 60 1525;2;5";CB716000000057;11;2;5;G657A2;NC;5;1.5;CST;;29/08/2022 00:00;;;;
FO716000001572;"71153/USZ/TR 60 1525;2;6";CB716000000057;12;2;6;G657A2;NC;6;1.6;CST;;29/08/2022 00:00;;;;
FO716000001573;"71153/USZ/TR 60 1525;3;1";CB716000000057;13;3;1;G657A2;NC;1;1.1;CST;;29/08/2022 00:00;;;;
FO716000001574;"71153/USZ/TR 60 1525;3;2";CB716000000057;14;3;2;G657A2;NC;2;1.2;CST;;29/08/2022 00:00;;;;
FO716000001575;"71153/USZ/TR 60 1525;3;3";CB716000000057;15;3;3;G657A2;NC;3;1.3;CST;;29/08/2022 00:00;;;;
FO716000001576;"71153/USZ/TR 60 1525;3;4";CB716000000057;16;3;4;G657A2;NC;4;1.4;CST;;29/08/2022 00:00;;;;
FO716000001577;"71153/USZ/TR 60 1525;3;5";CB716000000057;17;3;5;G657A2;NC;5;1.5;CST;;29/08/2022 00:00;;;;
FO716000001578;"71153/USZ/TR 60 1525;3;6";CB716000000057;18;3;6;G657A2;NC;6;1.6;CST;;29/08/2022 00:00;;;;
FO716000001579;"71153/USZ/TR 60 1525;4;1";CB716000000057;19;4;1;G657A2;NC;1;1.1;CST;;29/08/2022 00:00;;;;
FO716000001580;"71153/USZ/TR 60 1525;4;2";CB716000000057;20;4;2;G657A2;NC;2;1.2;CST;;29/08/2022 00:00;;;;
FO716000001581;"71153/USZ/TR 60 1525;4;3";CB716000000057;21;4;3;G657A2;NC;3;1.3;CST;;29/08/2022 00:00;;;;
FO716000001582;"71153/USZ/TR 60 1525;4;4";CB716000000057;22;4;4;G657A2;NC;4;1.4;CST;;29/08/2022 00:00;;;;
FO716000001583;"71153/USZ/TR 60 1525;4;5";CB716000000057;23;4;5;G657A2;NC;5;1.5;CST;;29/08/2022 00:00;;;;
FO716000001584;"71153/USZ/TR 60 1525;4;6";CB716000000057;24;4;6;G657A2;NC;6;1.6;CST;;29/08/2022 00:00;;;;
FO716000001585;"71153/USZ/TR 60 1526;1;1";CB716000000058;1;1;1;G657A2;NC;1;1.1;CST;;29/08/2022 00:00;;;;
FO716000001586;"71153/USZ/TR 60 1526;1;2";CB716000000058;2;1;2;G657A2;NC;2;1.2;CST;;29/08/2022 00:00;;;;
FO716000001587;"71153/USZ/TR 60 1526;1;3";CB716000000058;3;1;3;G657A2;NC;3;1.3;CST;;29/08/2022 00:00;;;;
FO716000001588;"71153/USZ/TR 60 1526;1;4";CB716000000058;4;1;4;G657A2;NC;4;1.4;CST;;29/08/2022 00:00;;;;
FO716000001589;"71153/USZ/TR 60 1526;1;5";CB716000000058;5;1;5;G657A2;NC;5;1.5;CST;;29/08/2022 00:00;;;;
FO716000001590;"71153/USZ/TR 60 1526;1;6";CB716000000058;6;1;6;G657A2;NC;6;1.6;CST;;29/08/2022 00:00;;;;
FO716000001591;"71153/USZ/TR 60 1526;2;1";CB716000000058;7;2;1;G657A2;NC;1;1.1;CST;;29/08/2022 00:00;;;;
FO716000001592;"71153/USZ/TR 60 1526;2;2";CB716000000058;8;2;2;G657A2;NC;2;1.2;CST;;29/08/2022 00:00;;;;
FO716000001593;"71153/USZ/TR 60 1526;2;3";CB716000000058;9;2;3;G657A2;NC;3;1.3;CST;;29/08/2022 00:00;;;;
FO716000001594;"71153/USZ/TR 60 1526;2;4";CB716000000058;10;2;4;G657A2;NC;4;1.4;CST;;29/08/2022 00:00;;;;
FO716000001595;"71153/USZ/TR 60 1526;2;5";CB716000000058;11;2;5;G657A2;NC;5;1.5;CST;;29/08/2022 00:00;;;;
FO716000001596;"71153/USZ/TR 60 1526;2;6";CB716000000058;12;2;6;G657A2;NC;6;1.6;CST;;29/08/2022 00:00;;;;
FO716000001597;"71153/USZ/TR 60 1526;3;1";CB716000000058;13;3;1;G657A2;NC;1;1.1;CST;;29/08/2022 00:00;;;;
FO716000001598;"71153/USZ/TR 60 1526;3;2";CB716000000058;14;3;2;G657A2;NC;2;1.2;CST;;29/08/2022 00:00;;;;
FO716000001599;"71153/USZ/TR 60 1526;3;3";CB716000000058;15;3;3;G657A2;NC;3;1.3;CST;;29/08/2022 00:00;;;;
FO716000001600;"71153/USZ/TR 60 1526;3;4";CB716000000058;16;3;4;G657A2;NC;4;1.4;CST;;29/08/2022 00:00;;;;
FO716000001601;"71153/USZ/TR 60 1526;3;5";CB716000000058;17;3;5;G657A2;NC;5;1.5;CST;;29/08/2022 00:00;;;;
FO716000001602;"71153/USZ/TR 60 1526;3;6";CB716000000058;18;3;6;G657A2;NC;6;1.6;CST;;29/08/2022 00:00;;;;
FO716000001603;"71153/USZ/TR 60 1526;4;1";CB716000000058;19;4;1;G657A2;NC;1;1.1;CST;;29/08/2022 00:00;;;;
FO716000001604;"71153/USZ/TR 60 1526;4;2";CB716000000058;20;4;2;G657A2;NC;2;1.2;CST;;29/08/2022 00:00;;;;
FO716000001605;"71153/USZ/TR 60 1526;4;3";CB716000000058;21;4;3;G657A2;NC;3;1.3;CST;;29/08/2022 00:00;;;;
FO716000001606;"71153/USZ/TR 60 1526;4;4";CB716000000058;22;4;4;G657A2;NC;4;1.4;CST;;29/08/2022 00:00;;;;
FO716000001607;"71153/USZ/TR 60 1526;4;5";CB716000000058;23;4;5;G657A2;NC;5;1.5;CST;;29/08/2022 00:00;;;;
FO716000001608;"71153/USZ/TR 60 1526;4;6";CB716000000058;24;4;6;G657A2;NC;6;1.6;CST;;29/08/2022 00:00;;;;
FO716000001609;"71153/USZ/TR 60 1527;1;1";CB716000000059;1;1;1;G657A2;NC;1;1.1;CST;;29/08/2022 00:00;;;;
FO716000001610;"71153/USZ/TR 60 1527;1;2";CB716000000059;2;1;2;G657A2;NC;2;1.2;CST;;29/08/2022 00:00;;;;
FO716000001611;"71153/USZ/TR 60 1527;1;3";CB716000000059;3;1;3;G657A2;NC;3;1.3;CST;;29/08/2022 00:00;;;;
FO716000001612;"71153/USZ/TR 60 1527;1;4";CB716000000059;4;1;4;G657A2;NC;4;1.4;CST;;29/08/2022 00:00;;;;
FO716000001613;"71153/USZ/TR 60 1527;1;5";CB716000000059;5;1;5;G657A2;NC;5;1.5;CST;;29/08/2022 00:00;;;;
FO716000001614;"71153/USZ/TR 60 1527;1;6";CB716000000059;6;1;6;G657A2;NC;6;1.6;CST;;29/08/2022 00:00;;;;
FO716000001615;"71153/USZ/TR 60 1527;2;1";CB716000000059;7;2;1;G657A2;NC;1;1.1;CST;;29/08/2022 00:00;;;;
FO716000001616;"71153/USZ/TR 60 1527;2;2";CB716000000059;8;2;2;G657A2;NC;2;1.2;CST;;29/08/2022 00:00;;;;
FO716000001617;"71153/USZ/TR 60 1527;2;3";CB716000000059;9;2;3;G657A2;NC;3;1.3;CST;;29/08/2022 00:00;;;;
FO716000001618;"71153/USZ/TR 60 1527;2;4";CB716000000059;10;2;4;G657A2;NC;4;1.4;CST;;29/08/2022 00:00;;;;
FO716000001619;"71153/USZ/TR 60 1527;2;5";CB716000000059;11;2;5;G657A2;NC;5;1.5;CST;;29/08/2022 00:00;;;;
FO716000001620;"71153/USZ/TR 60 1527;2;6";CB716000000059;12;2;6;G657A2;NC;6;1.6;CST;;29/08/2022 00:00;;;;
FO716000001621;"71153/USZ/TR 60 1527;3;1";CB716000000059;13;3;1;G657A2;NC;1;1.1;CST;;29/08/2022 00:00;;;;
FO716000001622;"71153/USZ/TR 60 1527;3;2";CB716000000059;14;3;2;G657A2;NC;2;1.2;CST;;29/08/2022 00:00;;;;
FO716000001623;"71153/USZ/TR 60 1527;3;3";CB716000000059;15;3;3;G657A2;NC;3;1.3;CST;;29/08/2022 00:00;;;;
FO716000001624;"71153/USZ/TR 60 1527;3;4";CB716000000059;16;3;4;G657A2;NC;4;1.4;CST;;29/08/2022 00:00;;;;
FO716000001625;"71153/USZ/TR 60 1527;3;5";CB716000000059;17;3;5;G657A2;NC;5;1.5;CST;;29/08/2022 00:00;;;;
FO716000001626;"71153/USZ/TR 60 1527;3;6";CB716000000059;18;3;6;G657A2;NC;6;1.6;CST;;29/08/2022 00:00;;;;
FO716000001627;"71153/USZ/TR 60 1527;4;1";CB716000000059;19;4;1;G657A2;NC;1;1.1;CST;;29/08/2022 00:00;;;;
FO716000001628;"71153/USZ/TR 60 1527;4;2";CB716000000059;20;4;2;G657A2;NC;2;1.2;CST;;29/08/2022 00:00;;;;
FO716000001629;"71153/USZ/TR 60 1527;4;3";CB716000000059;21;4;3;G657A2;NC;3;1.3;CST;;29/08/2022 00:00;;;;
FO716000001630;"71153/USZ/TR 60 1527;4;4";CB716000000059;22;4;4;G657A2;NC;4;1.4;CST;;29/08/2022 00:00;;;;
FO716000001631;"71153/USZ/TR 60 1527;4;5";CB716000000059;23;4;5;G657A2;NC;5;1.5;CST;;29/08/2022 00:00;;;;
FO716000001632;"71153/USZ/TR 60 1527;4;6";CB716000000059;24;4;6;G657A2;NC;6;1.6;CST;;29/08/2022 00:00;;;;
FO716000001633;"71153/USZ/TR 60 1528;1;1";CB716000000060;1;1;1;G657A2;NC;1;1.1;CST;;29/08/2022 00:00;;;;
FO716000001634;"71153/USZ/TR 60 1528;1;2";CB716000000060;2;1;2;G657A2;NC;2;1.2;CST;;29/08/2022 00:00;;;;
FO716000001635;"71153/USZ/TR 60 1528;1;3";CB716000000060;3;1;3;G657A2;NC;3;1.3;CST;;29/08/2022 00:00;;;;
FO716000001636;"71153/USZ/TR 60 1528;1;4";CB716000000060;4;1;4;G657A2;NC;4;1.4;CST;;29/08/2022 00:00;;;;
FO716000001637;"71153/USZ/TR 60 1528;1;5";CB716000000060;5;1;5;G657A2;NC;5;1.5;CST;;29/08/2022 00:00;;;;
FO716000001638;"71153/USZ/TR 60 1528;1;6";CB716000000060;6;1;6;G657A2;NC;6;1.6;CST;;29/08/2022 00:00;;;;
FO716000001639;"71153/USZ/TR 60 1528;2;1";CB716000000060;7;2;1;G657A2;NC;1;1.1;CST;;29/08/2022 00:00;;;;
FO716000001640;"71153/USZ/TR 60 1528;2;2";CB716000000060;8;2;2;G657A2;NC;2;1.2;CST;;29/08/2022 00:00;;;;
FO716000001641;"71153/USZ/TR 60 1528;2;3";CB716000000060;9;2;3;G657A2;NC;3;1.3;CST;;29/08/2022 00:00;;;;
FO716000001642;"71153/USZ/TR 60 1528;2;4";CB716000000060;10;2;4;G657A2;NC;4;1.4;CST;;29/08/2022 00:00;;;;
FO716000001643;"71153/USZ/TR 60 1528;2;5";CB716000000060;11;2;5;G657A2;NC;5;1.5;CST;;29/08/2022 00:00;;;;
FO716000001644;"71153/USZ/TR 60 1528;2;6";CB716000000060;12;2;6;G657A2;NC;6;1.6;CST;;29/08/2022 00:00;;;;
FO716000001645;"71153/USZ/TR 60 1528;3;1";CB716000000060;13;3;1;G657A2;NC;1;1.1;CST;;29/08/2022 00:00;;;;
FO716000001646;"71153/USZ/TR 60 1528;3;2";CB716000000060;14;3;2;G657A2;NC;2;1.2;CST;;29/08/2022 00:00;;;;
FO716000001647;"71153/USZ/TR 60 1528;3;3";CB716000000060;15;3;3;G657A2;NC;3;1.3;CST;;29/08/2022 00:00;;;;
FO716000001648;"71153/USZ/TR 60 1528;3;4";CB716000000060;16;3;4;G657A2;NC;4;1.4;CST;;29/08/2022 00:00;;;;
FO716000001649;"71153/USZ/TR 60 1528;3;5";CB716000000060;17;3;5;G657A2;NC;5;1.5;CST;;29/08/2022 00:00;;;;
FO716000001650;"71153/USZ/TR 60 1528;3;6";CB716000000060;18;3;6;G657A2;NC;6;1.6;CST;;29/08/2022 00:00;;;;
FO716000001651;"71153/USZ/TR 60 1528;4;1";CB716000000060;19;4;1;G657A2;NC;1;1.1;CST;;29/08/2022 00:00;;;;
FO716000001652;"71153/USZ/TR 60 1528;4;2";CB716000000060;20;4;2;G657A2;NC;2;1.2;CST;;29/08/2022 00:00;;;;
FO716000001653;"71153/USZ/TR 60 1528;4;3";CB716000000060;21;4;3;G657A2;NC;3;1.3;CST;;29/08/2022 00:00;;;;
FO716000001654;"71153/USZ/TR 60 1528;4;4";CB716000000060;22;4;4;G657A2;NC;4;1.4;CST;;29/08/2022 00:00;;;;
FO716000001655;"71153/USZ/TR 60 1528;4;5";CB716000000060;23;4;5;G657A2;NC;5;1.5;CST;;29/08/2022 00:00;;;;
FO716000001656;"71153/USZ/TR 60 1528;4;6";CB716000000060;24;4;6;G657A2;NC;6;1.6;CST;;29/08/2022 00:00;;;;
FO716000001657;"71153/USZ/TR 60 1529;1;1";CB716000000061;1;1;1;G657A2;NC;1;1.1;CST;;29/08/2022 00:00;;;;
FO716000001658;"71153/USZ/TR 60 1529;1;2";CB716000000061;2;1;2;G657A2;NC;2;1.2;CST;;29/08/2022 00:00;;;;
FO716000001659;"71153/USZ/TR 60 1529;1;3";CB716000000061;3;1;3;G657A2;NC;3;1.3;CST;;29/08/2022 00:00;;;;
FO716000001660;"71153/USZ/TR 60 1529;1;4";CB716000000061;4;1;4;G657A2;NC;4;1.4;CST;;29/08/2022 00:00;;;;
FO716000001661;"71153/USZ/TR 60 1529;1;5";CB716000000061;5;1;5;G657A2;NC;5;1.5;CST;;29/08/2022 00:00;;;;
FO716000001662;"71153/USZ/TR 60 1529;1;6";CB716000000061;6;1;6;G657A2;NC;6;1.6;CST;;29/08/2022 00:00;;;;
FO716000001663;"71153/USZ/TR 60 1529;2;1";CB716000000061;7;2;1;G657A2;NC;1;1.1;CST;;29/08/2022 00:00;;;;
FO716000001664;"71153/USZ/TR 60 1529;2;2";CB716000000061;8;2;2;G657A2;NC;2;1.2;CST;;29/08/2022 00:00;;;;
FO716000001665;"71153/USZ/TR 60 1529;2;3";CB716000000061;9;2;3;G657A2;NC;3;1.3;CST;;29/08/2022 00:00;;;;
FO716000001666;"71153/USZ/TR 60 1529;2;4";CB716000000061;10;2;4;G657A2;NC;4;1.4;CST;;29/08/2022 00:00;;;;
FO716000001667;"71153/USZ/TR 60 1529;2;5";CB716000000061;11;2;5;G657A2;NC;5;1.5;CST;;29/08/2022 00:00;;;;
FO716000001668;"71153/USZ/TR 60 1529;2;6";CB716000000061;12;2;6;G657A2;NC;6;1.6;CST;;29/08/2022 00:00;;;;
FO716000001669;"71153/USZ/TR 60 1529;3;1";CB716000000061;13;3;1;G657A2;NC;1;1.1;CST;;29/08/2022 00:00;;;;
FO716000001670;"71153/USZ/TR 60 1529;3;2";CB716000000061;14;3;2;G657A2;NC;2;1.2;CST;;29/08/2022 00:00;;;;
FO716000001671;"71153/USZ/TR 60 1529;3;3";CB716000000061;15;3;3;G657A2;NC;3;1.3;CST;;29/08/2022 00:00;;;;
FO716000001672;"71153/USZ/TR 60 1529;3;4";CB716000000061;16;3;4;G657A2;NC;4;1.4;CST;;29/08/2022 00:00;;;;
FO716000001673;"71153/USZ/TR 60 1529;3;5";CB716000000061;17;3;5;G657A2;NC;5;1.5;CST;;29/08/2022 00:00;;;;
FO716000001674;"71153/USZ/TR 60 1529;3;6";CB716000000061;18;3;6;G657A2;NC;6;1.6;CST;;29/08/2022 00:00;;;;
FO716000001675;"71153/USZ/TR 60 1529;4;1";CB716000000061;19;4;1;G657A2;NC;1;1.1;CST;;29/08/2022 00:00;;;;
FO716000001676;"71153/USZ/TR 60 1529;4;2";CB716000000061;20;4;2;G657A2;NC;2;1.2;CST;;29/08/2022 00:00;;;;
FO716000001677;"71153/USZ/TR 60 1529;4;3";CB716000000061;21;4;3;G657A2;NC;3;1.3;CST;;29/08/2022 00:00;;;;
FO716000001678;"71153/USZ/TR 60 1529;4;4";CB716000000061;22;4;4;G657A2;NC;4;1.4;CST;;29/08/2022 00:00;;;;
FO716000001679;"71153/USZ/TR 60 1529;4;5";CB716000000061;23;4;5;G657A2;NC;5;1.5;CST;;29/08/2022 00:00;;;;
FO716000001680;"71153/USZ/TR 60 1529;4;6";CB716000000061;24;4;6;G657A2;NC;6;1.6;CST;;29/08/2022 00:00;;;;
FO716000001681;"71153/USZ/TR 60 1530;1;1";CB716000000062;1;1;1;G657A2;NC;1;1.1;CST;;29/08/2022 00:00;;;;
FO716000001682;"71153/USZ/TR 60 1530;1;2";CB716000000062;2;1;2;G657A2;NC;2;1.2;CST;;29/08/2022 00:00;;;;
FO716000001683;"71153/USZ/TR 60 1530;1;3";CB716000000062;3;1;3;G657A2;NC;3;1.3;CST;;29/08/2022 00:00;;;;
FO716000001684;"71153/USZ/TR 60 1530;1;4";CB716000000062;4;1;4;G657A2;NC;4;1.4;CST;;29/08/2022 00:00;;;;
FO716000001685;"71153/USZ/TR 60 1530;1;5";CB716000000062;5;1;5;G657A2;NC;5;1.5;CST;;29/08/2022 00:00;;;;
FO716000001686;"71153/USZ/TR 60 1530;1;6";CB716000000062;6;1;6;G657A2;NC;6;1.6;CST;;29/08/2022 00:00;;;;
FO716000001687;"71153/USZ/TR 60 1530;2;1";CB716000000062;7;2;1;G657A2;NC;1;1.1;CST;;29/08/2022 00:00;;;;
FO716000001688;"71153/USZ/TR 60 1530;2;2";CB716000000062;8;2;2;G657A2;NC;2;1.2;CST;;29/08/2022 00:00;;;;
FO716000001689;"71153/USZ/TR 60 1530;2;3";CB716000000062;9;2;3;G657A2;NC;3;1.3;CST;;29/08/2022 00:00;;;;
FO716000001690;"71153/USZ/TR 60 1530;2;4";CB716000000062;10;2;4;G657A2;NC;4;1.4;CST;;29/08/2022 00:00;;;;
FO716000001691;"71153/USZ/TR 60 1530;2;5";CB716000000062;11;2;5;G657A2;NC;5;1.5;CST;;29/08/2022 00:00;;;;
FO716000001692;"71153/USZ/TR 60 1530;2;6";CB716000000062;12;2;6;G657A2;NC;6;1.6;CST;;29/08/2022 00:00;;;;
FO716000001693;"71153/USZ/TR 60 1530;3;1";CB716000000062;13;3;1;G657A2;NC;1;1.1;CST;;29/08/2022 00:00;;;;
FO716000001694;"71153/USZ/TR 60 1530;3;2";CB716000000062;14;3;2;G657A2;NC;2;1.2;CST;;29/08/2022 00:00;;;;
FO716000001695;"71153/USZ/TR 60 1530;3;3";CB716000000062;15;3;3;G657A2;NC;3;1.3;CST;;29/08/2022 00:00;;;;
FO716000001696;"71153/USZ/TR 60 1530;3;4";CB716000000062;16;3;4;G657A2;NC;4;1.4;CST;;29/08/2022 00:00;;;;
FO716000001697;"71153/USZ/TR 60 1530;3;5";CB716000000062;17;3;5;G657A2;NC;5;1.5;CST;;29/08/2022 00:00;;;;
FO716000001698;"71153/USZ/TR 60 1530;3;6";CB716000000062;18;3;6;G657A2;NC;6;1.6;CST;;29/08/2022 00:00;;;;
FO716000001699;"71153/USZ/TR 60 1530;4;1";CB716000000062;19;4;1;G657A2;NC;1;1.1;CST;;29/08/2022 00:00;;;;
FO716000001700;"71153/USZ/TR 60 1530;4;2";CB716000000062;20;4;2;G657A2;NC;2;1.2;CST;;29/08/2022 00:00;;;;
FO716000001701;"71153/USZ/TR 60 1530;4;3";CB716000000062;21;4;3;G657A2;NC;3;1.3;CST;;29/08/2022 00:00;;;;
FO716000001702;"71153/USZ/TR 60 1530;4;4";CB716000000062;22;4;4;G657A2;NC;4;1.4;CST;;29/08/2022 00:00;;;;
FO716000001703;"71153/USZ/TR 60 1530;4;5";CB716000000062;23;4;5;G657A2;NC;5;1.5;CST;;29/08/2022 00:00;;;;
FO716000001704;"71153/USZ/TR 60 1530;4;6";CB716000000062;24;4;6;G657A2;NC;6;1.6;CST;;29/08/2022 00:00;;;;
FO716000001705;"71153/USZ/TR 60 1531;1;1";CB716000000063;1;1;1;G657A2;NC;1;1.1;CST;;29/08/2022 00:00;;;;
FO716000001706;"71153/USZ/TR 60 1531;1;2";CB716000000063;2;1;2;G657A2;NC;2;1.2;CST;;29/08/2022 00:00;;;;
FO716000001707;"71153/USZ/TR 60 1531;1;3";CB716000000063;3;1;3;G657A2;NC;3;1.3;CST;;29/08/2022 00:00;;;;
FO716000001708;"71153/USZ/TR 60 1531;1;4";CB716000000063;4;1;4;G657A2;NC;4;1.4;CST;;29/08/2022 00:00;;;;
FO716000001709;"71153/USZ/TR 60 1531;1;5";CB716000000063;5;1;5;G657A2;NC;5;1.5;CST;;29/08/2022 00:00;;;;
FO716000001710;"71153/USZ/TR 60 1531;1;6";CB716000000063;6;1;6;G657A2;NC;6;1.6;CST;;29/08/2022 00:00;;;;
FO716000001711;"71153/USZ/TR 60 1531;2;1";CB716000000063;7;2;1;G657A2;NC;1;1.1;CST;;29/08/2022 00:00;;;;
FO716000001712;"71153/USZ/TR 60 1531;2;2";CB716000000063;8;2;2;G657A2;NC;2;1.2;CST;;29/08/2022 00:00;;;;
FO716000001713;"71153/USZ/TR 60 1531;2;3";CB716000000063;9;2;3;G657A2;NC;3;1.3;CST;;29/08/2022 00:00;;;;
FO716000001714;"71153/USZ/TR 60 1531;2;4";CB716000000063;10;2;4;G657A2;NC;4;1.4;CST;;29/08/2022 00:00;;;;
FO716000001715;"71153/USZ/TR 60 1531;2;5";CB716000000063;11;2;5;G657A2;NC;5;1.5;CST;;29/08/2022 00:00;;;;
FO716000001716;"71153/USZ/TR 60 1531;2;6";CB716000000063;12;2;6;G657A2;NC;6;1.6;CST;;29/08/2022 00:00;;;;
FO716000001717;"71153/USZ/TR 60 1531;3;1";CB716000000063;13;3;1;G657A2;NC;1;1.1;CST;;29/08/2022 00:00;;;;
FO716000001718;"71153/USZ/TR 60 1531;3;2";CB716000000063;14;3;2;G657A2;NC;2;1.2;CST;;29/08/2022 00:00;;;;
FO716000001719;"71153/USZ/TR 60 1531;3;3";CB716000000063;15;3;3;G657A2;NC;3;1.3;CST;;29/08/2022 00:00;;;;
FO716000001720;"71153/USZ/TR 60 1531;3;4";CB716000000063;16;3;4;G657A2;NC;4;1.4;CST;;29/08/2022 00:00;;;;
FO716000001721;"71153/USZ/TR 60 1531;3;5";CB716000000063;17;3;5;G657A2;NC;5;1.5;CST;;29/08/2022 00:00;;;;
FO716000001722;"71153/USZ/TR 60 1531;3;6";CB716000000063;18;3;6;G657A2;NC;6;1.6;CST;;29/08/2022 00:00;;;;
FO716000001723;"71153/USZ/TR 60 1531;4;1";CB716000000063;19;4;1;G657A2;NC;1;1.1;CST;;29/08/2022 00:00;;;;
FO716000001724;"71153/USZ/TR 60 1531;4;2";CB716000000063;20;4;2;G657A2;NC;2;1.2;CST;;29/08/2022 00:00;;;;
FO716000001725;"71153/USZ/TR 60 1531;4;3";CB716000000063;21;4;3;G657A2;NC;3;1.3;CST;;29/08/2022 00:00;;;;
FO716000001726;"71153/USZ/TR 60 1531;4;4";CB716000000063;22;4;4;G657A2;NC;4;1.4;CST;;29/08/2022 00:00;;;;
FO716000001727;"71153/USZ/TR 60 1531;4;5";CB716000000063;23;4;5;G657A2;NC;5;1.5;CST;;29/08/2022 00:00;;;;
FO716000001728;"71153/USZ/TR 60 1531;4;6";CB716000000063;24;4;6;G657A2;NC;6;1.6;CST;;29/08/2022 00:00;;;;
FO716000001729;"71153/USZ/TR 60 1532;1;1";CB716000000064;1;1;1;G657A2;NC;1;1.1;CST;;29/08/2022 00:00;;;;
FO716000001730;"71153/USZ/TR 60 1532;1;2";CB716000000064;2;1;2;G657A2;NC;2;1.2;CST;;29/08/2022 00:00;;;;
FO716000001731;"71153/USZ/TR 60 1532;1;3";CB716000000064;3;1;3;G657A2;NC;3;1.3;CST;;29/08/2022 00:00;;;;
FO716000001732;"71153/USZ/TR 60 1532;1;4";CB716000000064;4;1;4;G657A2;NC;4;1.4;CST;;29/08/2022 00:00;;;;
FO716000001733;"71153/USZ/TR 60 1532;1;5";CB716000000064;5;1;5;G657A2;NC;5;1.5;CST;;29/08/2022 00:00;;;;
FO716000001734;"71153/USZ/TR 60 1532;1;6";CB716000000064;6;1;6;G657A2;NC;6;1.6;CST;;29/08/2022 00:00;;;;
FO716000001735;"71153/USZ/TR 60 1532;2;1";CB716000000064;7;2;1;G657A2;NC;1;1.1;CST;;29/08/2022 00:00;;;;
FO716000001736;"71153/USZ/TR 60 1532;2;2";CB716000000064;8;2;2;G657A2;NC;2;1.2;CST;;29/08/2022 00:00;;;;
FO716000001737;"71153/USZ/TR 60 1532;2;3";CB716000000064;9;2;3;G657A2;NC;3;1.3;CST;;29/08/2022 00:00;;;;
FO716000001738;"71153/USZ/TR 60 1532;2;4";CB716000000064;10;2;4;G657A2;NC;4;1.4;CST;;29/08/2022 00:00;;;;
FO716000001739;"71153/USZ/TR 60 1532;2;5";CB716000000064;11;2;5;G657A2;NC;5;1.5;CST;;29/08/2022 00:00;;;;
FO716000001740;"71153/USZ/TR 60 1532;2;6";CB716000000064;12;2;6;G657A2;NC;6;1.6;CST;;29/08/2022 00:00;;;;
FO716000001741;"71153/USZ/TR 60 1533;1;1";CB716000000065;1;1;1;G657A2;NC;1;1.1;CST;;29/08/2022 00:00;;;;
FO716000001742;"71153/USZ/TR 60 1533;1;2";CB716000000065;2;1;2;G657A2;NC;2;1.2;CST;;29/08/2022 00:00;;;;
FO716000001743;"71153/USZ/TR 60 1533;1;3";CB716000000065;3;1;3;G657A2;NC;3;1.3;CST;;29/08/2022 00:00;;;;
FO716000001744;"71153/USZ/TR 60 1533;1;4";CB716000000065;4;1;4;G657A2;NC;4;1.4;CST;;29/08/2022 00:00;;;;
FO716000001745;"71153/USZ/TR 60 1533;1;5";CB716000000065;5;1;5;G657A2;NC;5;1.5;CST;;29/08/2022 00:00;;;;
FO716000001746;"71153/USZ/TR 60 1533;1;6";CB716000000065;6;1;6;G657A2;NC;6;1.6;CST;;29/08/2022 00:00;;;;
FO716000001747;"71153/USZ/TR 60 1533;2;1";CB716000000065;7;2;1;G657A2;NC;1;1.1;CST;;29/08/2022 00:00;;;;
FO716000001748;"71153/USZ/TR 60 1533;2;2";CB716000000065;8;2;2;G657A2;NC;2;1.2;CST;;29/08/2022 00:00;;;;
FO716000001749;"71153/USZ/TR 60 1533;2;3";CB716000000065;9;2;3;G657A2;NC;3;1.3;CST;;29/08/2022 00:00;;;;
FO716000001750;"71153/USZ/TR 60 1533;2;4";CB716000000065;10;2;4;G657A2;NC;4;1.4;CST;;29/08/2022 00:00;;;;
FO716000001751;"71153/USZ/TR 60 1533;2;5";CB716000000065;11;2;5;G657A2;NC;5;1.5;CST;;29/08/2022 00:00;;;;
FO716000001752;"71153/USZ/TR 60 1533;2;6";CB716000000065;12;2;6;G657A2;NC;6;1.6;CST;;29/08/2022 00:00;;;;
FO716000001753;"71153/USZ/TR 60 1534;1;1";CB716000000066;1;1;1;G657A2;NC;1;1.1;CST;;29/08/2022 00:00;;;;
FO716000001754;"71153/USZ/TR 60 1534;1;2";CB716000000066;2;1;2;G657A2;NC;2;1.2;CST;;29/08/2022 00:00;;;;
FO716000001755;"71153/USZ/TR 60 1534;1;3";CB716000000066;3;1;3;G657A2;NC;3;1.3;CST;;29/08/2022 00:00;;;;
FO716000001756;"71153/USZ/TR 60 1534;1;4";CB716000000066;4;1;4;G657A2;NC;4;1.4;CST;;29/08/2022 00:00;;;;
FO716000001757;"71153/USZ/TR 60 1534;1;5";CB716000000066;5;1;5;G657A2;NC;5;1.5;CST;;29/08/2022 00:00;;;;
FO716000001758;"71153/USZ/TR 60 1534;1;6";CB716000000066;6;1;6;G657A2;NC;6;1.6;CST;;29/08/2022 00:00;;;;
FO716000001759;"71153/USZ/TR 60 1534;2;1";CB716000000066;7;2;1;G657A2;NC;1;1.1;CST;;29/08/2022 00:00;;;;
FO716000001760;"71153/USZ/TR 60 1534;2;2";CB716000000066;8;2;2;G657A2;NC;2;1.2;CST;;29/08/2022 00:00;;;;
FO716000001761;"71153/USZ/TR 60 1534;2;3";CB716000000066;9;2;3;G657A2;NC;3;1.3;CST;;29/08/2022 00:00;;;;
FO716000001762;"71153/USZ/TR 60 1534;2;4";CB716000000066;10;2;4;G657A2;NC;4;1.4;CST;;29/08/2022 00:00;;;;
FO716000001763;"71153/USZ/TR 60 1534;2;5";CB716000000066;11;2;5;G657A2;NC;5;1.5;CST;;29/08/2022 00:00;;;;
FO716000001764;"71153/USZ/TR 60 1534;2;6";CB716000000066;12;2;6;G657A2;NC;6;1.6;CST;;29/08/2022 00:00;;;;
FO716000001765;"71153/USZ/TR 60 1535;1;1";CB716000000067;1;1;1;G657A2;NC;1;1.1;CST;;29/08/2022 00:00;;;;
FO716000001766;"71153/USZ/TR 60 1535;1;2";CB716000000067;2;1;2;G657A2;NC;2;1.2;CST;;29/08/2022 00:00;;;;
FO716000001767;"71153/USZ/TR 60 1535;1;3";CB716000000067;3;1;3;G657A2;NC;3;1.3;CST;;29/08/2022 00:00;;;;
FO716000001768;"71153/USZ/TR 60 1535;1;4";CB716000000067;4;1;4;G657A2;NC;4;1.4;CST;;29/08/2022 00:00;;;;
FO716000001769;"71153/USZ/TR 60 1535;1;5";CB716000000067;5;1;5;G657A2;NC;5;1.5;CST;;29/08/2022 00:00;;;;
FO716000001770;"71153/USZ/TR 60 1535;1;6";CB716000000067;6;1;6;G657A2;NC;6;1.6;CST;;29/08/2022 00:00;;;;
FO716000001771;"71153/USZ/TR 60 1535;2;1";CB716000000067;7;2;1;G657A2;NC;1;1.1;CST;;29/08/2022 00:00;;;;
FO716000001772;"71153/USZ/TR 60 1535;2;2";CB716000000067;8;2;2;G657A2;NC;2;1.2;CST;;29/08/2022 00:00;;;;
FO716000001773;"71153/USZ/TR 60 1535;2;3";CB716000000067;9;2;3;G657A2;NC;3;1.3;CST;;29/08/2022 00:00;;;;
FO716000001774;"71153/USZ/TR 60 1535;2;4";CB716000000067;10;2;4;G657A2;NC;4;1.4;CST;;29/08/2022 00:00;;;;
FO716000001775;"71153/USZ/TR 60 1535;2;5";CB716000000067;11;2;5;G657A2;NC;5;1.5;CST;;29/08/2022 00:00;;;;
FO716000001776;"71153/USZ/TR 60 1535;2;6";CB716000000067;12;2;6;G657A2;NC;6;1.6;CST;;29/08/2022 00:00;;;;
FO716000001777;"71153/USZ/TR 60 1536;1;1";CB716000000068;1;1;1;G657A2;NC;1;1.1;CST;;29/08/2022 00:00;;;;
FO716000001778;"71153/USZ/TR 60 1536;1;2";CB716000000068;2;1;2;G657A2;NC;2;1.2;CST;;29/08/2022 00:00;;;;
FO716000001779;"71153/USZ/TR 60 1536;1;3";CB716000000068;3;1;3;G657A2;NC;3;1.3;CST;;29/08/2022 00:00;;;;
FO716000001780;"71153/USZ/TR 60 1536;1;4";CB716000000068;4;1;4;G657A2;NC;4;1.4;CST;;29/08/2022 00:00;;;;
FO716000001781;"71153/USZ/TR 60 1536;1;5";CB716000000068;5;1;5;G657A2;NC;5;1.5;CST;;29/08/2022 00:00;;;;
FO716000001782;"71153/USZ/TR 60 1536;1;6";CB716000000068;6;1;6;G657A2;NC;6;1.6;CST;;29/08/2022 00:00;;;;
FO716000001783;"71153/USZ/TR 60 1536;2;1";CB716000000068;7;2;1;G657A2;NC;1;1.1;CST;;29/08/2022 00:00;;;;
FO716000001784;"71153/USZ/TR 60 1536;2;2";CB716000000068;8;2;2;G657A2;NC;2;1.2;CST;;29/08/2022 00:00;;;;
FO716000001785;"71153/USZ/TR 60 1536;2;3";CB716000000068;9;2;3;G657A2;NC;3;1.3;CST;;29/08/2022 00:00;;;;
FO716000001786;"71153/USZ/TR 60 1536;2;4";CB716000000068;10;2;4;G657A2;NC;4;1.4;CST;;29/08/2022 00:00;;;;
FO716000001787;"71153/USZ/TR 60 1536;2;5";CB716000000068;11;2;5;G657A2;NC;5;1.5;CST;;29/08/2022 00:00;;;;
FO716000001788;"71153/USZ/TR 60 1536;2;6";CB716000000068;12;2;6;G657A2;NC;6;1.6;CST;;29/08/2022 00:00;;;;
FO716000001789;"71153/USZ/TR 60 1537;1;1";CB716000000069;1;1;1;G657A2;NC;1;1.1;CST;;29/08/2022 00:00;;;;
FO716000001790;"71153/USZ/TR 60 1537;1;2";CB716000000069;2;1;2;G657A2;NC;2;1.2;CST;;29/08/2022 00:00;;;;
FO716000001791;"71153/USZ/TR 60 1537;1;3";CB716000000069;3;1;3;G657A2;NC;3;1.3;CST;;29/08/2022 00:00;;;;
FO716000001792;"71153/USZ/TR 60 1537;1;4";CB716000000069;4;1;4;G657A2;NC;4;1.4;CST;;29/08/2022 00:00;;;;
FO716000001793;"71153/USZ/TR 60 1537;1;5";CB716000000069;5;1;5;G657A2;NC;5;1.5;CST;;29/08/2022 00:00;;;;
FO716000001794;"71153/USZ/TR 60 1537;1;6";CB716000000069;6;1;6;G657A2;NC;6;1.6;CST;;29/08/2022 00:00;;;;
FO716000001795;"71153/USZ/TR 60 1537;2;1";CB716000000069;7;2;1;G657A2;NC;1;1.1;CST;;29/08/2022 00:00;;;;
FO716000001796;"71153/USZ/TR 60 1537;2;2";CB716000000069;8;2;2;G657A2;NC;2;1.2;CST;;29/08/2022 00:00;;;;
FO716000001797;"71153/USZ/TR 60 1537;2;3";CB716000000069;9;2;3;G657A2;NC;3;1.3;CST;;29/08/2022 00:00;;;;
FO716000001798;"71153/USZ/TR 60 1537;2;4";CB716000000069;10;2;4;G657A2;NC;4;1.4;CST;;29/08/2022 00:00;;;;
FO716000001799;"71153/USZ/TR 60 1537;2;5";CB716000000069;11;2;5;G657A2;NC;5;1.5;CST;;29/08/2022 00:00;;;;
FO716000001800;"71153/USZ/TR 60 1537;2;6";CB716000000069;12;2;6;G657A2;NC;6;1.6;CST;;29/08/2022 00:00;;;;
FO716000001801;"71153/USZ/TR 60 1538;1;1";CB716000000070;1;1;1;G657A2;NC;1;1.1;CST;;29/08/2022 00:00;;;;
FO716000001802;"71153/USZ/TR 60 1538;1;2";CB716000000070;2;1;2;G657A2;NC;2;1.2;CST;;29/08/2022 00:00;;;;
FO716000001803;"71153/USZ/TR 60 1538;1;3";CB716000000070;3;1;3;G657A2;NC;3;1.3;CST;;29/08/2022 00:00;;;;
FO716000001804;"71153/USZ/TR 60 1538;1;4";CB716000000070;4;1;4;G657A2;NC;4;1.4;CST;;29/08/2022 00:00;;;;
FO716000001805;"71153/USZ/TR 60 1538;1;5";CB716000000070;5;1;5;G657A2;NC;5;1.5;CST;;29/08/2022 00:00;;;;
FO716000001806;"71153/USZ/TR 60 1538;1;6";CB716000000070;6;1;6;G657A2;NC;6;1.6;CST;;29/08/2022 00:00;;;;
FO716000001807;"71153/USZ/TR 60 1539;1;1";CB716000000071;1;1;1;G657A2;NC;1;1.1;CST;;29/08/2022 00:00;;;;
FO716000001808;"71153/USZ/TR 60 1539;1;2";CB716000000071;2;1;2;G657A2;NC;2;1.2;CST;;29/08/2022 00:00;;;;
FO716000001809;"71153/USZ/TR 60 1539;1;3";CB716000000071;3;1;3;G657A2;NC;3;1.3;CST;;29/08/2022 00:00;;;;
FO716000001810;"71153/USZ/TR 60 1539;1;4";CB716000000071;4;1;4;G657A2;NC;4;1.4;CST;;29/08/2022 00:00;;;;
FO716000001811;"71153/USZ/TR 60 1539;1;5";CB716000000071;5;1;5;G657A2;NC;5;1.5;CST;;29/08/2022 00:00;;;;
FO716000001812;"71153/USZ/TR 60 1539;1;6";CB716000000071;6;1;6;G657A2;NC;6;1.6;CST;;29/08/2022 00:00;;;;
FO716000001813;"71153/USZ/TR 60 1540;1;1";CB716000000072;1;1;1;G657A2;NC;1;1.1;CST;;29/08/2022 00:00;;;;
FO716000001814;"71153/USZ/TR 60 1540;1;2";CB716000000072;2;1;2;G657A2;NC;2;1.2;CST;;29/08/2022 00:00;;;;
FO716000001815;"71153/USZ/TR 60 1540;1;3";CB716000000072;3;1;3;G657A2;NC;3;1.3;CST;;29/08/2022 00:00;;;;
FO716000001816;"71153/USZ/TR 60 1540;1;4";CB716000000072;4;1;4;G657A2;NC;4;1.4;CST;;29/08/2022 00:00;;;;
FO716000001817;"71153/USZ/TR 60 1540;1;5";CB716000000072;5;1;5;G657A2;NC;5;1.5;CST;;29/08/2022 00:00;;;;
FO716000001818;"71153/USZ/TR 60 1540;1;6";CB716000000072;6;1;6;G657A2;NC;6;1.6;CST;;29/08/2022 00:00;;;;
FO716000001819;"71153/USZ/TR 60 1541;1;1";CB716000000073;1;1;1;G657A2;NC;1;1.1;CST;;29/08/2022 00:00;;;;
FO716000001820;"71153/USZ/TR 60 1541;1;2";CB716000000073;2;1;2;G657A2;NC;2;1.2;CST;;29/08/2022 00:00;;;;
FO716000001821;"71153/USZ/TR 60 1541;1;3";CB716000000073;3;1;3;G657A2;NC;3;1.3;CST;;29/08/2022 00:00;;;;
FO716000001822;"71153/USZ/TR 60 1541;1;4";CB716000000073;4;1;4;G657A2;NC;4;1.4;CST;;29/08/2022 00:00;;;;
FO716000001823;"71153/USZ/TR 60 1541;1;5";CB716000000073;5;1;5;G657A2;NC;5;1.5;CST;;29/08/2022 00:00;;;;
FO716000001824;"71153/USZ/TR 60 1541;1;6";CB716000000073;6;1;6;G657A2;NC;6;1.6;CST;;29/08/2022 00:00;;;;
FO716000001825;"71153/USZ/TR 60 1541;2;1";CB716000000073;7;2;1;G657A2;NC;1;1.1;CST;;29/08/2022 00:00;;;;
FO716000001826;"71153/USZ/TR 60 1541;2;2";CB716000000073;8;2;2;G657A2;NC;2;1.2;CST;;29/08/2022 00:00;;;;
FO716000001827;"71153/USZ/TR 60 1541;2;3";CB716000000073;9;2;3;G657A2;NC;3;1.3;CST;;29/08/2022 00:00;;;;
FO716000001828;"71153/USZ/TR 60 1541;2;4";CB716000000073;10;2;4;G657A2;NC;4;1.4;CST;;29/08/2022 00:00;;;;
FO716000001829;"71153/USZ/TR 60 1541;2;5";CB716000000073;11;2;5;G657A2;NC;5;1.5;CST;;29/08/2022 00:00;;;;
FO716000001830;"71153/USZ/TR 60 1541;2;6";CB716000000073;12;2;6;G657A2;NC;6;1.6;CST;;29/08/2022 00:00;;;;
FO716000001831;"71153/USZ/TR 60 1541;3;1";CB716000000073;13;3;1;G657A2;NC;1;1.1;CST;;29/08/2022 00:00;;;;
FO716000001832;"71153/USZ/TR 60 1541;3;2";CB716000000073;14;3;2;G657A2;NC;2;1.2;CST;;29/08/2022 00:00;;;;
FO716000001833;"71153/USZ/TR 60 1541;3;3";CB716000000073;15;3;3;G657A2;NC;3;1.3;CST;;29/08/2022 00:00;;;;
FO716000001834;"71153/USZ/TR 60 1541;3;4";CB716000000073;16;3;4;G657A2;NC;4;1.4;CST;;29/08/2022 00:00;;;;
FO716000001835;"71153/USZ/TR 60 1541;3;5";CB716000000073;17;3;5;G657A2;NC;5;1.5;CST;;29/08/2022 00:00;;;;
FO716000001836;"71153/USZ/TR 60 1541;3;6";CB716000000073;18;3;6;G657A2;NC;6;1.6;CST;;29/08/2022 00:00;;;;
FO716000001837;"71153/USZ/TR 60 1541;4;1";CB716000000073;19;4;1;G657A2;NC;1;1.1;CST;;29/08/2022 00:00;;;;
FO716000001838;"71153/USZ/TR 60 1541;4;2";CB716000000073;20;4;2;G657A2;NC;2;1.2;CST;;29/08/2022 00:00;;;;
FO716000001839;"71153/USZ/TR 60 1541;4;3";CB716000000073;21;4;3;G657A2;NC;3;1.3;CST;;29/08/2022 00:00;;;;
FO716000001840;"71153/USZ/TR 60 1541;4;4";CB716000000073;22;4;4;G657A2;NC;4;1.4;CST;;29/08/2022 00:00;;;;
FO716000001841;"71153/USZ/TR 60 1541;4;5";CB716000000073;23;4;5;G657A2;NC;5;1.5;CST;;29/08/2022 00:00;;;;
FO716000001842;"71153/USZ/TR 60 1541;4;6";CB716000000073;24;4;6;G657A2;NC;6;1.6;CST;;29/08/2022 00:00;;;;
FO716000001843;"71153/USZ/TR 60 1541;5;1";CB716000000073;25;5;1;G657A2;NC;1;1.1;CST;;29/08/2022 00:00;;;;
FO716000001844;"71153/USZ/TR 60 1541;5;2";CB716000000073;26;5;2;G657A2;NC;2;1.2;CST;;29/08/2022 00:00;;;;
FO716000001845;"71153/USZ/TR 60 1541;5;3";CB716000000073;27;5;3;G657A2;NC;3;1.3;CST;;29/08/2022 00:00;;;;
FO716000001846;"71153/USZ/TR 60 1541;5;4";CB716000000073;28;5;4;G657A2;NC;4;1.4;CST;;29/08/2022 00:00;;;;
FO716000001847;"71153/USZ/TR 60 1541;5;5";CB716000000073;29;5;5;G657A2;NC;5;1.5;CST;;29/08/2022 00:00;;;;
FO716000001848;"71153/USZ/TR 60 1541;5;6";CB716000000073;30;5;6;G657A2;NC;6;1.6;CST;;29/08/2022 00:00;;;;
FO716000001849;"71153/USZ/TR 60 1541;6;1";CB716000000073;31;6;1;G657A2;NC;1;1.1;CST;;29/08/2022 00:00;;;;
FO716000001850;"71153/USZ/TR 60 1541;6;2";CB716000000073;32;6;2;G657A2;NC;2;1.2;CST;;29/08/2022 00:00;;;;
FO716000001851;"71153/USZ/TR 60 1541;6;3";CB716000000073;33;6;3;G657A2;NC;3;1.3;CST;;29/08/2022 00:00;;;;
FO716000001852;"71153/USZ/TR 60 1541;6;4";CB716000000073;34;6;4;G657A2;NC;4;1.4;CST;;29/08/2022 00:00;;;;
FO716000001853;"71153/USZ/TR 60 1541;6;5";CB716000000073;35;6;5;G657A2;NC;5;1.5;CST;;29/08/2022 00:00;;;;
FO716000001854;"71153/USZ/TR 60 1541;6;6";CB716000000073;36;6;6;G657A2;NC;6;1.6;CST;;29/08/2022 00:00;;;;
FO716000001855;"71153/USZ/TR 60 1541;7;1";CB716000000073;37;7;1;G657A2;NC;1;1.1;CST;;29/08/2022 00:00;;;;
FO716000001856;"71153/USZ/TR 60 1541;7;2";CB716000000073;38;7;2;G657A2;NC;2;1.2;CST;;29/08/2022 00:00;;;;
FO716000001857;"71153/USZ/TR 60 1541;7;3";CB716000000073;39;7;3;G657A2;NC;3;1.3;CST;;29/08/2022 00:00;;;;
FO716000001858;"71153/USZ/TR 60 1541;7;4";CB716000000073;40;7;4;G657A2;NC;4;1.4;CST;;29/08/2022 00:00;;;;
FO716000001859;"71153/USZ/TR 60 1541;7;5";CB716000000073;41;7;5;G657A2;NC;5;1.5;CST;;29/08/2022 00:00;;;;
FO716000001860;"71153/USZ/TR 60 1541;7;6";CB716000000073;42;7;6;G657A2;NC;6;1.6;CST;;29/08/2022 00:00;;;;
FO716000001861;"71153/USZ/TR 60 1541;8;1";CB716000000073;43;8;1;G657A2;NC;1;1.1;CST;;29/08/2022 00:00;;;;
FO716000001862;"71153/USZ/TR 60 1541;8;2";CB716000000073;44;8;2;G657A2;NC;2;1.2;CST;;29/08/2022 00:00;;;;
FO716000001863;"71153/USZ/TR 60 1541;8;3";CB716000000073;45;8;3;G657A2;NC;3;1.3;CST;;29/08/2022 00:00;;;;
FO716000001864;"71153/USZ/TR 60 1541;8;4";CB716000000073;46;8;4;G657A2;NC;4;1.4;CST;;29/08/2022 00:00;;;;
FO716000001865;"71153/USZ/TR 60 1541;8;5";CB716000000073;47;8;5;G657A2;NC;5;1.5;CST;;29/08/2022 00:00;;;;
FO716000001866;"71153/USZ/TR 60 1541;8;6";CB716000000073;48;8;6;G657A2;NC;6;1.6;CST;;29/08/2022 00:00;;;;
FO716000001867;"71153/USZ/TR 60 1541;9;1";CB716000000073;49;9;1;G657A2;NC;1;1.1;CST;;29/08/2022 00:00;;;;
FO716000001868;"71153/USZ/TR 60 1541;9;2";CB716000000073;50;9;2;G657A2;NC;2;1.2;CST;;29/08/2022 00:00;;;;
FO716000001869;"71153/USZ/TR 60 1541;9;3";CB716000000073;51;9;3;G657A2;NC;3;1.3;CST;;29/08/2022 00:00;;;;
FO716000001870;"71153/USZ/TR 60 1541;9;4";CB716000000073;52;9;4;G657A2;NC;4;1.4;CST;;29/08/2022 00:00;;;;
FO716000001871;"71153/USZ/TR 60 1541;9;5";CB716000000073;53;9;5;G657A2;NC;5;1.5;CST;;29/08/2022 00:00;;;;
FO716000001872;"71153/USZ/TR 60 1541;9;6";CB716000000073;54;9;6;G657A2;NC;6;1.6;CST;;29/08/2022 00:00;;;;
FO716000001873;"71153/USZ/TR 60 1541;10;1";CB716000000073;55;10;1;G657A2;NC;1;1.1;CST;;29/08/2022 00:00;;;;
FO716000001874;"71153/USZ/TR 60 1541;10;2";CB716000000073;56;10;2;G657A2;NC;2;1.2;CST;;29/08/2022 00:00;;;;
FO716000001875;"71153/USZ/TR 60 1541;10;3";CB716000000073;57;10;3;G657A2;NC;3;1.3;CST;;29/08/2022 00:00;;;;
FO716000001876;"71153/USZ/TR 60 1541;10;4";CB716000000073;58;10;4;G657A2;NC;4;1.4;CST;;29/08/2022 00:00;;;;
FO716000001877;"71153/USZ/TR 60 1541;10;5";CB716000000073;59;10;5;G657A2;NC;5;1.5;CST;;29/08/2022 00:00;;;;
FO716000001878;"71153/USZ/TR 60 1541;10;6";CB716000000073;60;10;6;G657A2;NC;6;1.6;CST;;29/08/2022 00:00;;;;
FO716000001879;"71153/USZ/TR 60 1541;11;1";CB716000000073;61;11;1;G657A2;NC;1;1.1;CST;;29/08/2022 00:00;;;;
FO716000001880;"71153/USZ/TR 60 1541;11;2";CB716000000073;62;11;2;G657A2;NC;2;1.2;CST;;29/08/2022 00:00;;;;
FO716000001881;"71153/USZ/TR 60 1541;11;3";CB716000000073;63;11;3;G657A2;NC;3;1.3;CST;;29/08/2022 00:00;;;;
FO716000001882;"71153/USZ/TR 60 1541;11;4";CB716000000073;64;11;4;G657A2;NC;4;1.4;CST;;29/08/2022 00:00;;;;
FO716000001883;"71153/USZ/TR 60 1541;11;5";CB716000000073;65;11;5;G657A2;NC;5;1.5;CST;;29/08/2022 00:00;;;;
FO716000001884;"71153/USZ/TR 60 1541;11;6";CB716000000073;66;11;6;G657A2;NC;6;1.6;CST;;29/08/2022 00:00;;;;
FO716000001885;"71153/USZ/TR 60 1541;12;1";CB716000000073;67;12;1;G657A2;NC;1;1.1;CST;;29/08/2022 00:00;;;;
FO716000001886;"71153/USZ/TR 60 1541;12;2";CB716000000073;68;12;2;G657A2;NC;2;1.2;CST;;29/08/2022 00:00;;;;
FO716000001887;"71153/USZ/TR 60 1541;12;3";CB716000000073;69;12;3;G657A2;NC;3;1.3;CST;;29/08/2022 00:00;;;;
FO716000001888;"71153/USZ/TR 60 1541;12;4";CB716000000073;70;12;4;G657A2;NC;4;1.4;CST;;29/08/2022 00:00;;;;
FO716000001889;"71153/USZ/TR 60 1541;12;5";CB716000000073;71;12;5;G657A2;NC;5;1.5;CST;;29/08/2022 00:00;;;;
FO716000001890;"71153/USZ/TR 60 1541;12;6";CB716000000073;72;12;6;G657A2;NC;6;1.6;CST;;29/08/2022 00:00;;;;
FO716000001891;"71153/USZ/TR 60 1541;13;1";CB716000000073;73;13;1;G657A2;NC;1;1.1;CST;;29/08/2022 00:00;;;;
FO716000001892;"71153/USZ/TR 60 1541;13;2";CB716000000073;74;13;2;G657A2;NC;2;1.2;CST;;29/08/2022 00:00;;;;
FO716000001893;"71153/USZ/TR 60 1541;13;3";CB716000000073;75;13;3;G657A2;NC;3;1.3;CST;;29/08/2022 00:00;;;;
FO716000001894;"71153/USZ/TR 60 1541;13;4";CB716000000073;76;13;4;G657A2;NC;4;1.4;CST;;29/08/2022 00:00;;;;
FO716000001895;"71153/USZ/TR 60 1541;13;5";CB716000000073;77;13;5;G657A2;NC;5;1.5;CST;;29/08/2022 00:00;;;;
FO716000001896;"71153/USZ/TR 60 1541;13;6";CB716000000073;78;13;6;G657A2;NC;6;1.6;CST;;29/08/2022 00:00;;;;
FO716000001897;"71153/USZ/TR 60 1541;14;1";CB716000000073;79;14;1;G657A2;NC;1;1.1;CST;;29/08/2022 00:00;;;;
FO716000001898;"71153/USZ/TR 60 1541;14;2";CB716000000073;80;14;2;G657A2;NC;2;1.2;CST;;29/08/2022 00:00;;;;
FO716000001899;"71153/USZ/TR 60 1541;14;3";CB716000000073;81;14;3;G657A2;NC;3;1.3;CST;;29/08/2022 00:00;;;;
FO716000001900;"71153/USZ/TR 60 1541;14;4";CB716000000073;82;14;4;G657A2;NC;4;1.4;CST;;29/08/2022 00:00;;;;
FO716000001901;"71153/USZ/TR 60 1541;14;5";CB716000000073;83;14;5;G657A2;NC;5;1.5;CST;;29/08/2022 00:00;;;;
FO716000001902;"71153/USZ/TR 60 1541;14;6";CB716000000073;84;14;6;G657A2;NC;6;1.6;CST;;29/08/2022 00:00;;;;
FO716000001903;"71153/USZ/TR 60 1541;15;1";CB716000000073;85;15;1;G657A2;NC;1;1.1;CST;;29/08/2022 00:00;;;;
FO716000001904;"71153/USZ/TR 60 1541;15;2";CB716000000073;86;15;2;G657A2;NC;2;1.2;CST;;29/08/2022 00:00;;;;
FO716000001905;"71153/USZ/TR 60 1541;15;3";CB716000000073;87;15;3;G657A2;NC;3;1.3;CST;;29/08/2022 00:00;;;;
FO716000001906;"71153/USZ/TR 60 1541;15;4";CB716000000073;88;15;4;G657A2;NC;4;1.4;CST;;29/08/2022 00:00;;;;
FO716000001907;"71153/USZ/TR 60 1541;15;5";CB716000000073;89;15;5;G657A2;NC;5;1.5;CST;;29/08/2022 00:00;;;;
FO716000001908;"71153/USZ/TR 60 1541;15;6";CB716000000073;90;15;6;G657A2;NC;6;1.6;CST;;29/08/2022 00:00;;;;
FO716000001909;"71153/USZ/TR 60 1541;16;1";CB716000000073;91;16;1;G657A2;NC;1;1.1;CST;;29/08/2022 00:00;;;;
FO716000001910;"71153/USZ/TR 60 1541;16;2";CB716000000073;92;16;2;G657A2;NC;2;1.2;CST;;29/08/2022 00:00;;;;
FO716000001911;"71153/USZ/TR 60 1541;16;3";CB716000000073;93;16;3;G657A2;NC;3;1.3;CST;;29/08/2022 00:00;;;;
FO716000001912;"71153/USZ/TR 60 1541;16;4";CB716000000073;94;16;4;G657A2;NC;4;1.4;CST;;29/08/2022 00:00;;;;
FO716000001913;"71153/USZ/TR 60 1541;16;5";CB716000000073;95;16;5;G657A2;NC;5;1.5;CST;;29/08/2022 00:00;;;;
FO716000001914;"71153/USZ/TR 60 1541;16;6";CB716000000073;96;16;6;G657A2;NC;6;1.6;CST;;29/08/2022 00:00;;;;
FO716000001915;"71153/USZ/TR 60 1541;17;1";CB716000000073;97;17;1;G657A2;NC;1;1.1;CST;;29/08/2022 00:00;;;;
FO716000001916;"71153/USZ/TR 60 1541;17;2";CB716000000073;98;17;2;G657A2;NC;2;1.2;CST;;29/08/2022 00:00;;;;
FO716000001917;"71153/USZ/TR 60 1541;17;3";CB716000000073;99;17;3;G657A2;NC;3;1.3;CST;;29/08/2022 00:00;;;;
FO716000001918;"71153/USZ/TR 60 1541;17;4";CB716000000073;100;17;4;G657A2;NC;4;1.4;CST;;29/08/2022 00:00;;;;
FO716000001919;"71153/USZ/TR 60 1541;17;5";CB716000000073;101;17;5;G657A2;NC;5;1.5;CST;;29/08/2022 00:00;;;;
FO716000001920;"71153/USZ/TR 60 1541;17;6";CB716000000073;102;17;6;G657A2;NC;6;1.6;CST;;29/08/2022 00:00;;;;
FO716000001921;"71153/USZ/TR 60 1541;18;1";CB716000000073;103;18;1;G657A2;NC;1;1.1;CST;;29/08/2022 00:00;;;;
FO716000001922;"71153/USZ/TR 60 1541;18;2";CB716000000073;104;18;2;G657A2;NC;2;1.2;CST;;29/08/2022 00:00;;;;
FO716000001923;"71153/USZ/TR 60 1541;18;3";CB716000000073;105;18;3;G657A2;NC;3;1.3;CST;;29/08/2022 00:00;;;;
FO716000001924;"71153/USZ/TR 60 1541;18;4";CB716000000073;106;18;4;G657A2;NC;4;1.4;CST;;29/08/2022 00:00;;;;
FO716000001925;"71153/USZ/TR 60 1541;18;5";CB716000000073;107;18;5;G657A2;NC;5;1.5;CST;;29/08/2022 00:00;;;;
FO716000001926;"71153/USZ/TR 60 1541;18;6";CB716000000073;108;18;6;G657A2;NC;6;1.6;CST;;29/08/2022 00:00;;;;
FO716000001927;"71153/USZ/TR 60 1541;19;1";CB716000000073;109;19;1;G657A2;NC;1;1.1;CST;;29/08/2022 00:00;;;;
FO716000001928;"71153/USZ/TR 60 1541;19;2";CB716000000073;110;19;2;G657A2;NC;2;1.2;CST;;29/08/2022 00:00;;;;
FO716000001929;"71153/USZ/TR 60 1541;19;3";CB716000000073;111;19;3;G657A2;NC;3;1.3;CST;;29/08/2022 00:00;;;;
FO716000001930;"71153/USZ/TR 60 1541;19;4";CB716000000073;112;19;4;G657A2;NC;4;1.4;CST;;29/08/2022 00:00;;;;
FO716000001931;"71153/USZ/TR 60 1541;19;5";CB716000000073;113;19;5;G657A2;NC;5;1.5;CST;;29/08/2022 00:00;;;;
FO716000001932;"71153/USZ/TR 60 1541;19;6";CB716000000073;114;19;6;G657A2;NC;6;1.6;CST;;29/08/2022 00:00;;;;
FO716000001933;"71153/USZ/TR 60 1541;20;1";CB716000000073;115;20;1;G657A2;NC;1;1.1;CST;;29/08/2022 00:00;;;;
FO716000001934;"71153/USZ/TR 60 1541;20;2";CB716000000073;116;20;2;G657A2;NC;2;1.2;CST;;29/08/2022 00:00;;;;
FO716000001935;"71153/USZ/TR 60 1541;20;3";CB716000000073;117;20;3;G657A2;NC;3;1.3;CST;;29/08/2022 00:00;;;;
FO716000001936;"71153/USZ/TR 60 1541;20;4";CB716000000073;118;20;4;G657A2;NC;4;1.4;CST;;29/08/2022 00:00;;;;
FO716000001937;"71153/USZ/TR 60 1541;20;5";CB716000000073;119;20;5;G657A2;NC;5;1.5;CST;;29/08/2022 00:00;;;;
FO716000001938;"71153/USZ/TR 60 1541;20;6";CB716000000073;120;20;6;G657A2;NC;6;1.6;CST;;29/08/2022 00:00;;;;
FO716000001939;"71153/USZ/TR 60 1541;21;1";CB716000000073;121;21;1;G657A2;NC;1;1.1;CST;;29/08/2022 00:00;;;;
FO716000001940;"71153/USZ/TR 60 1541;21;2";CB716000000073;122;21;2;G657A2;NC;2;1.2;CST;;29/08/2022 00:00;;;;
FO716000001941;"71153/USZ/TR 60 1541;21;3";CB716000000073;123;21;3;G657A2;NC;3;1.3;CST;;29/08/2022 00:00;;;;
FO716000001942;"71153/USZ/TR 60 1541;21;4";CB716000000073;124;21;4;G657A2;NC;4;1.4;CST;;29/08/2022 00:00;;;;
FO716000001943;"71153/USZ/TR 60 1541;21;5";CB716000000073;125;21;5;G657A2;NC;5;1.5;CST;;29/08/2022 00:00;;;;
FO716000001944;"71153/USZ/TR 60 1541;21;6";CB716000000073;126;21;6;G657A2;NC;6;1.6;CST;;29/08/2022 00:00;;;;
FO716000001945;"71153/USZ/TR 60 1541;22;1";CB716000000073;127;22;1;G657A2;NC;1;1.1;CST;;29/08/2022 00:00;;;;
FO716000001946;"71153/USZ/TR 60 1541;22;2";CB716000000073;128;22;2;G657A2;NC;2;1.2;CST;;29/08/2022 00:00;;;;
FO716000001947;"71153/USZ/TR 60 1541;22;3";CB716000000073;129;22;3;G657A2;NC;3;1.3;CST;;29/08/2022 00:00;;;;
FO716000001948;"71153/USZ/TR 60 1541;22;4";CB716000000073;130;22;4;G657A2;NC;4;1.4;CST;;29/08/2022 00:00;;;;
FO716000001949;"71153/USZ/TR 60 1541;22;5";CB716000000073;131;22;5;G657A2;NC;5;1.5;CST;;29/08/2022 00:00;;;;
FO716000001950;"71153/USZ/TR 60 1541;22;6";CB716000000073;132;22;6;G657A2;NC;6;1.6;CST;;29/08/2022 00:00;;;;
FO716000001951;"71153/USZ/TR 60 1541;23;1";CB716000000073;133;23;1;G657A2;NC;1;1.1;CST;;29/08/2022 00:00;;;;
FO716000001952;"71153/USZ/TR 60 1541;23;2";CB716000000073;134;23;2;G657A2;NC;2;1.2;CST;;29/08/2022 00:00;;;;
FO716000001953;"71153/USZ/TR 60 1541;23;3";CB716000000073;135;23;3;G657A2;NC;3;1.3;CST;;29/08/2022 00:00;;;;
FO716000001954;"71153/USZ/TR 60 1541;23;4";CB716000000073;136;23;4;G657A2;NC;4;1.4;CST;;29/08/2022 00:00;;;;
FO716000001955;"71153/USZ/TR 60 1541;23;5";CB716000000073;137;23;5;G657A2;NC;5;1.5;CST;;29/08/2022 00:00;;;;
FO716000001956;"71153/USZ/TR 60 1541;23;6";CB716000000073;138;23;6;G657A2;NC;6;1.6;CST;;29/08/2022 00:00;;;;
FO716000001957;"71153/USZ/TR 60 1541;24;1";CB716000000073;139;24;1;G657A2;NC;1;1.1;CST;;29/08/2022 00:00;;;;
FO716000001958;"71153/USZ/TR 60 1541;24;2";CB716000000073;140;24;2;G657A2;NC;2;1.2;CST;;29/08/2022 00:00;;;;
FO716000001959;"71153/USZ/TR 60 1541;24;3";CB716000000073;141;24;3;G657A2;NC;3;1.3;CST;;29/08/2022 00:00;;;;
FO716000001960;"71153/USZ/TR 60 1541;24;4";CB716000000073;142;24;4;G657A2;NC;4;1.4;CST;;29/08/2022 00:00;;;;
FO716000001961;"71153/USZ/TR 60 1541;24;5";CB716000000073;143;24;5;G657A2;NC;5;1.5;CST;;29/08/2022 00:00;;;;
FO716000001962;"71153/USZ/TR 60 1541;24;6";CB716000000073;144;24;6;G657A2;NC;6;1.6;CST;;29/08/2022 00:00;;;;
FO716000001963;"71153/USZ/TR 60 1542;1;1";CB716000000074;1;1;1;G657A2;NC;1;1.1;CST;;29/08/2022 00:00;;;;
FO716000001964;"71153/USZ/TR 60 1542;1;2";CB716000000074;2;1;2;G657A2;NC;2;1.2;CST;;29/08/2022 00:00;;;;
FO716000001965;"71153/USZ/TR 60 1542;1;3";CB716000000074;3;1;3;G657A2;NC;3;1.3;CST;;29/08/2022 00:00;;;;
FO716000001966;"71153/USZ/TR 60 1542;1;4";CB716000000074;4;1;4;G657A2;NC;4;1.4;CST;;29/08/2022 00:00;;;;
FO716000001967;"71153/USZ/TR 60 1542;1;5";CB716000000074;5;1;5;G657A2;NC;5;1.5;CST;;29/08/2022 00:00;;;;
FO716000001968;"71153/USZ/TR 60 1542;1;6";CB716000000074;6;1;6;G657A2;NC;6;1.6;CST;;29/08/2022 00:00;;;;
FO716000001969;"71153/USZ/TR 60 1542;2;1";CB716000000074;7;2;1;G657A2;NC;1;1.1;CST;;29/08/2022 00:00;;;;
FO716000001970;"71153/USZ/TR 60 1542;2;2";CB716000000074;8;2;2;G657A2;NC;2;1.2;CST;;29/08/2022 00:00;;;;
FO716000001971;"71153/USZ/TR 60 1542;2;3";CB716000000074;9;2;3;G657A2;NC;3;1.3;CST;;29/08/2022 00:00;;;;
FO716000001972;"71153/USZ/TR 60 1542;2;4";CB716000000074;10;2;4;G657A2;NC;4;1.4;CST;;29/08/2022 00:00;;;;
FO716000001973;"71153/USZ/TR 60 1542;2;5";CB716000000074;11;2;5;G657A2;NC;5;1.5;CST;;29/08/2022 00:00;;;;
FO716000001974;"71153/USZ/TR 60 1542;2;6";CB716000000074;12;2;6;G657A2;NC;6;1.6;CST;;29/08/2022 00:00;;;;
FO716000001975;"71153/USZ/TR 60 1542;3;1";CB716000000074;13;3;1;G657A2;NC;1;1.1;CST;;29/08/2022 00:00;;;;
FO716000001976;"71153/USZ/TR 60 1542;3;2";CB716000000074;14;3;2;G657A2;NC;2;1.2;CST;;29/08/2022 00:00;;;;
FO716000001977;"71153/USZ/TR 60 1542;3;3";CB716000000074;15;3;3;G657A2;NC;3;1.3;CST;;29/08/2022 00:00;;;;
FO716000001978;"71153/USZ/TR 60 1542;3;4";CB716000000074;16;3;4;G657A2;NC;4;1.4;CST;;29/08/2022 00:00;;;;
FO716000001979;"71153/USZ/TR 60 1542;3;5";CB716000000074;17;3;5;G657A2;NC;5;1.5;CST;;29/08/2022 00:00;;;;
FO716000001980;"71153/USZ/TR 60 1542;3;6";CB716000000074;18;3;6;G657A2;NC;6;1.6;CST;;29/08/2022 00:00;;;;
FO716000001981;"71153/USZ/TR 60 1542;4;1";CB716000000074;19;4;1;G657A2;NC;1;1.1;CST;;29/08/2022 00:00;;;;
FO716000001982;"71153/USZ/TR 60 1542;4;2";CB716000000074;20;4;2;G657A2;NC;2;1.2;CST;;29/08/2022 00:00;;;;
FO716000001983;"71153/USZ/TR 60 1542;4;3";CB716000000074;21;4;3;G657A2;NC;3;1.3;CST;;29/08/2022 00:00;;;;
FO716000001984;"71153/USZ/TR 60 1542;4;4";CB716000000074;22;4;4;G657A2;NC;4;1.4;CST;;29/08/2022 00:00;;;;
FO716000001985;"71153/USZ/TR 60 1542;4;5";CB716000000074;23;4;5;G657A2;NC;5;1.5;CST;;29/08/2022 00:00;;;;
FO716000001986;"71153/USZ/TR 60 1542;4;6";CB716000000074;24;4;6;G657A2;NC;6;1.6;CST;;29/08/2022 00:00;;;;
FO716000001987;"71153/USZ/TR 60 1542;5;1";CB716000000074;25;5;1;G657A2;NC;1;1.1;CST;;29/08/2022 00:00;;;;
FO716000001988;"71153/USZ/TR 60 1542;5;2";CB716000000074;26;5;2;G657A2;NC;2;1.2;CST;;29/08/2022 00:00;;;;
FO716000001989;"71153/USZ/TR 60 1542;5;3";CB716000000074;27;5;3;G657A2;NC;3;1.3;CST;;29/08/2022 00:00;;;;
FO716000001990;"71153/USZ/TR 60 1542;5;4";CB716000000074;28;5;4;G657A2;NC;4;1.4;CST;;29/08/2022 00:00;;;;
FO716000001991;"71153/USZ/TR 60 1542;5;5";CB716000000074;29;5;5;G657A2;NC;5;1.5;CST;;29/08/2022 00:00;;;;
FO716000001992;"71153/USZ/TR 60 1542;5;6";CB716000000074;30;5;6;G657A2;NC;6;1.6;CST;;29/08/2022 00:00;;;;
FO716000001993;"71153/USZ/TR 60 1542;6;1";CB716000000074;31;6;1;G657A2;NC;1;1.1;CST;;29/08/2022 00:00;;;;
FO716000001994;"71153/USZ/TR 60 1542;6;2";CB716000000074;32;6;2;G657A2;NC;2;1.2;CST;;29/08/2022 00:00;;;;
FO716000001995;"71153/USZ/TR 60 1542;6;3";CB716000000074;33;6;3;G657A2;NC;3;1.3;CST;;29/08/2022 00:00;;;;
FO716000001996;"71153/USZ/TR 60 1542;6;4";CB716000000074;34;6;4;G657A2;NC;4;1.4;CST;;29/08/2022 00:00;;;;
FO716000001997;"71153/USZ/TR 60 1542;6;5";CB716000000074;35;6;5;G657A2;NC;5;1.5;CST;;29/08/2022 00:00;;;;
FO716000001998;"71153/USZ/TR 60 1542;6;6";CB716000000074;36;6;6;G657A2;NC;6;1.6;CST;;29/08/2022 00:00;;;;
FO716000001999;"71153/USZ/TR 60 1542;7;1";CB716000000074;37;7;1;G657A2;NC;1;1.1;CST;;29/08/2022 00:00;;;;
FO716000002000;"71153/USZ/TR 60 1542;7;2";CB716000000074;38;7;2;G657A2;NC;2;1.2;CST;;29/08/2022 00:00;;;;
FO716000002001;"71153/USZ/TR 60 1542;7;3";CB716000000074;39;7;3;G657A2;NC;3;1.3;CST;;29/08/2022 00:00;;;;
FO716000002002;"71153/USZ/TR 60 1542;7;4";CB716000000074;40;7;4;G657A2;NC;4;1.4;CST;;29/08/2022 00:00;;;;
FO716000002003;"71153/USZ/TR 60 1542;7;5";CB716000000074;41;7;5;G657A2;NC;5;1.5;CST;;29/08/2022 00:00;;;;
FO716000002004;"71153/USZ/TR 60 1542;7;6";CB716000000074;42;7;6;G657A2;NC;6;1.6;CST;;29/08/2022 00:00;;;;
FO716000002005;"71153/USZ/TR 60 1542;8;1";CB716000000074;43;8;1;G657A2;NC;1;1.1;CST;;29/08/2022 00:00;;;;
FO716000002006;"71153/USZ/TR 60 1542;8;2";CB716000000074;44;8;2;G657A2;NC;2;1.2;CST;;29/08/2022 00:00;;;;
FO716000002007;"71153/USZ/TR 60 1542;8;3";CB716000000074;45;8;3;G657A2;NC;3;1.3;CST;;29/08/2022 00:00;;;;
FO716000002008;"71153/USZ/TR 60 1542;8;4";CB716000000074;46;8;4;G657A2;NC;4;1.4;CST;;29/08/2022 00:00;;;;
FO716000002009;"71153/USZ/TR 60 1542;8;5";CB716000000074;47;8;5;G657A2;NC;5;1.5;CST;;29/08/2022 00:00;;;;
FO716000002010;"71153/USZ/TR 60 1542;8;6";CB716000000074;48;8;6;G657A2;NC;6;1.6;CST;;29/08/2022 00:00;;;;
FO716000002011;"71153/USZ/TR 60 1542;9;1";CB716000000074;49;9;1;G657A2;NC;1;1.1;CST;;29/08/2022 00:00;;;;
FO716000002012;"71153/USZ/TR 60 1542;9;2";CB716000000074;50;9;2;G657A2;NC;2;1.2;CST;;29/08/2022 00:00;;;;
FO716000002013;"71153/USZ/TR 60 1542;9;3";CB716000000074;51;9;3;G657A2;NC;3;1.3;CST;;29/08/2022 00:00;;;;
FO716000002014;"71153/USZ/TR 60 1542;9;4";CB716000000074;52;9;4;G657A2;NC;4;1.4;CST;;29/08/2022 00:00;;;;
FO716000002015;"71153/USZ/TR 60 1542;9;5";CB716000000074;53;9;5;G657A2;NC;5;1.5;CST;;29/08/2022 00:00;;;;
FO716000002016;"71153/USZ/TR 60 1542;9;6";CB716000000074;54;9;6;G657A2;NC;6;1.6;CST;;29/08/2022 00:00;;;;
FO716000002017;"71153/USZ/TR 60 1542;10;1";CB716000000074;55;10;1;G657A2;NC;1;1.1;CST;;29/08/2022 00:00;;;;
FO716000002018;"71153/USZ/TR 60 1542;10;2";CB716000000074;56;10;2;G657A2;NC;2;1.2;CST;;29/08/2022 00:00;;;;
FO716000002019;"71153/USZ/TR 60 1542;10;3";CB716000000074;57;10;3;G657A2;NC;3;1.3;CST;;29/08/2022 00:00;;;;
FO716000002020;"71153/USZ/TR 60 1542;10;4";CB716000000074;58;10;4;G657A2;NC;4;1.4;CST;;29/08/2022 00:00;;;;
FO716000002021;"71153/USZ/TR 60 1542;10;5";CB716000000074;59;10;5;G657A2;NC;5;1.5;CST;;29/08/2022 00:00;;;;
FO716000002022;"71153/USZ/TR 60 1542;10;6";CB716000000074;60;10;6;G657A2;NC;6;1.6;CST;;29/08/2022 00:00;;;;
FO716000002023;"71153/USZ/TR 60 1542;11;1";CB716000000074;61;11;1;G657A2;NC;1;1.1;CST;;29/08/2022 00:00;;;;
FO716000002024;"71153/USZ/TR 60 1542;11;2";CB716000000074;62;11;2;G657A2;NC;2;1.2;CST;;29/08/2022 00:00;;;;
FO716000002025;"71153/USZ/TR 60 1542;11;3";CB716000000074;63;11;3;G657A2;NC;3;1.3;CST;;29/08/2022 00:00;;;;
FO716000002026;"71153/USZ/TR 60 1542;11;4";CB716000000074;64;11;4;G657A2;NC;4;1.4;CST;;29/08/2022 00:00;;;;
FO716000002027;"71153/USZ/TR 60 1542;11;5";CB716000000074;65;11;5;G657A2;NC;5;1.5;CST;;29/08/2022 00:00;;;;
FO716000002028;"71153/USZ/TR 60 1542;11;6";CB716000000074;66;11;6;G657A2;NC;6;1.6;CST;;29/08/2022 00:00;;;;
FO716000002029;"71153/USZ/TR 60 1542;12;1";CB716000000074;67;12;1;G657A2;NC;1;1.1;CST;;29/08/2022 00:00;;;;
FO716000002030;"71153/USZ/TR 60 1542;12;2";CB716000000074;68;12;2;G657A2;NC;2;1.2;CST;;29/08/2022 00:00;;;;
FO716000002031;"71153/USZ/TR 60 1542;12;3";CB716000000074;69;12;3;G657A2;NC;3;1.3;CST;;29/08/2022 00:00;;;;
FO716000002032;"71153/USZ/TR 60 1542;12;4";CB716000000074;70;12;4;G657A2;NC;4;1.4;CST;;29/08/2022 00:00;;;;
FO716000002033;"71153/USZ/TR 60 1542;12;5";CB716000000074;71;12;5;G657A2;NC;5;1.5;CST;;29/08/2022 00:00;;;;
FO716000002034;"71153/USZ/TR 60 1542;12;6";CB716000000074;72;12;6;G657A2;NC;6;1.6;CST;;29/08/2022 00:00;;;;
FO716000002035;"71153/USZ/TR 60 1542;13;1";CB716000000074;73;13;1;G657A2;NC;1;1.1;CST;;29/08/2022 00:00;;;;
FO716000002036;"71153/USZ/TR 60 1542;13;2";CB716000000074;74;13;2;G657A2;NC;2;1.2;CST;;29/08/2022 00:00;;;;
FO716000002037;"71153/USZ/TR 60 1542;13;3";CB716000000074;75;13;3;G657A2;NC;3;1.3;CST;;29/08/2022 00:00;;;;
FO716000002038;"71153/USZ/TR 60 1542;13;4";CB716000000074;76;13;4;G657A2;NC;4;1.4;CST;;29/08/2022 00:00;;;;
FO716000002039;"71153/USZ/TR 60 1542;13;5";CB716000000074;77;13;5;G657A2;NC;5;1.5;CST;;29/08/2022 00:00;;;;
FO716000002040;"71153/USZ/TR 60 1542;13;6";CB716000000074;78;13;6;G657A2;NC;6;1.6;CST;;29/08/2022 00:00;;;;
FO716000002041;"71153/USZ/TR 60 1542;14;1";CB716000000074;79;14;1;G657A2;NC;1;1.1;CST;;29/08/2022 00:00;;;;
FO716000002042;"71153/USZ/TR 60 1542;14;2";CB716000000074;80;14;2;G657A2;NC;2;1.2;CST;;29/08/2022 00:00;;;;
FO716000002043;"71153/USZ/TR 60 1542;14;3";CB716000000074;81;14;3;G657A2;NC;3;1.3;CST;;29/08/2022 00:00;;;;
FO716000002044;"71153/USZ/TR 60 1542;14;4";CB716000000074;82;14;4;G657A2;NC;4;1.4;CST;;29/08/2022 00:00;;;;
FO716000002045;"71153/USZ/TR 60 1542;14;5";CB716000000074;83;14;5;G657A2;NC;5;1.5;CST;;29/08/2022 00:00;;;;
FO716000002046;"71153/USZ/TR 60 1542;14;6";CB716000000074;84;14;6;G657A2;NC;6;1.6;CST;;29/08/2022 00:00;;;;
FO716000002047;"71153/USZ/TR 60 1542;15;1";CB716000000074;85;15;1;G657A2;NC;1;1.1;CST;;29/08/2022 00:00;;;;
FO716000002048;"71153/USZ/TR 60 1542;15;2";CB716000000074;86;15;2;G657A2;NC;2;1.2;CST;;29/08/2022 00:00;;;;
FO716000002049;"71153/USZ/TR 60 1542;15;3";CB716000000074;87;15;3;G657A2;NC;3;1.3;CST;;29/08/2022 00:00;;;;
FO716000002050;"71153/USZ/TR 60 1542;15;4";CB716000000074;88;15;4;G657A2;NC;4;1.4;CST;;29/08/2022 00:00;;;;
FO716000002051;"71153/USZ/TR 60 1542;15;5";CB716000000074;89;15;5;G657A2;NC;5;1.5;CST;;29/08/2022 00:00;;;;
FO716000002052;"71153/USZ/TR 60 1542;15;6";CB716000000074;90;15;6;G657A2;NC;6;1.6;CST;;29/08/2022 00:00;;;;
FO716000002053;"71153/USZ/TR 60 1542;16;1";CB716000000074;91;16;1;G657A2;NC;1;1.1;CST;;29/08/2022 00:00;;;;
FO716000002054;"71153/USZ/TR 60 1542;16;2";CB716000000074;92;16;2;G657A2;NC;2;1.2;CST;;29/08/2022 00:00;;;;
FO716000002055;"71153/USZ/TR 60 1542;16;3";CB716000000074;93;16;3;G657A2;NC;3;1.3;CST;;29/08/2022 00:00;;;;
FO716000002056;"71153/USZ/TR 60 1542;16;4";CB716000000074;94;16;4;G657A2;NC;4;1.4;CST;;29/08/2022 00:00;;;;
FO716000002057;"71153/USZ/TR 60 1542;16;5";CB716000000074;95;16;5;G657A2;NC;5;1.5;CST;;29/08/2022 00:00;;;;
FO716000002058;"71153/USZ/TR 60 1542;16;6";CB716000000074;96;16;6;G657A2;NC;6;1.6;CST;;29/08/2022 00:00;;;;
FO716000002059;"71153/USZ/TR 60 1542;17;1";CB716000000074;97;17;1;G657A2;NC;1;1.1;CST;;29/08/2022 00:00;;;;
FO716000002060;"71153/USZ/TR 60 1542;17;2";CB716000000074;98;17;2;G657A2;NC;2;1.2;CST;;29/08/2022 00:00;;;;
FO716000002061;"71153/USZ/TR 60 1542;17;3";CB716000000074;99;17;3;G657A2;NC;3;1.3;CST;;29/08/2022 00:00;;;;
FO716000002062;"71153/USZ/TR 60 1542;17;4";CB716000000074;100;17;4;G657A2;NC;4;1.4;CST;;29/08/2022 00:00;;;;
FO716000002063;"71153/USZ/TR 60 1542;17;5";CB716000000074;101;17;5;G657A2;NC;5;1.5;CST;;29/08/2022 00:00;;;;
FO716000002064;"71153/USZ/TR 60 1542;17;6";CB716000000074;102;17;6;G657A2;NC;6;1.6;CST;;29/08/2022 00:00;;;;
FO716000002065;"71153/USZ/TR 60 1542;18;1";CB716000000074;103;18;1;G657A2;NC;1;1.1;CST;;29/08/2022 00:00;;;;
FO716000002066;"71153/USZ/TR 60 1542;18;2";CB716000000074;104;18;2;G657A2;NC;2;1.2;CST;;29/08/2022 00:00;;;;
FO716000002067;"71153/USZ/TR 60 1542;18;3";CB716000000074;105;18;3;G657A2;NC;3;1.3;CST;;29/08/2022 00:00;;;;
FO716000002068;"71153/USZ/TR 60 1542;18;4";CB716000000074;106;18;4;G657A2;NC;4;1.4;CST;;29/08/2022 00:00;;;;
FO716000002069;"71153/USZ/TR 60 1542;18;5";CB716000000074;107;18;5;G657A2;NC;5;1.5;CST;;29/08/2022 00:00;;;;
FO716000002070;"71153/USZ/TR 60 1542;18;6";CB716000000074;108;18;6;G657A2;NC;6;1.6;CST;;29/08/2022 00:00;;;;
FO716000002071;"71153/USZ/TR 60 1542;19;1";CB716000000074;109;19;1;G657A2;NC;1;1.1;CST;;29/08/2022 00:00;;;;
FO716000002072;"71153/USZ/TR 60 1542;19;2";CB716000000074;110;19;2;G657A2;NC;2;1.2;CST;;29/08/2022 00:00;;;;
FO716000002073;"71153/USZ/TR 60 1542;19;3";CB716000000074;111;19;3;G657A2;NC;3;1.3;CST;;29/08/2022 00:00;;;;
FO716000002074;"71153/USZ/TR 60 1542;19;4";CB716000000074;112;19;4;G657A2;NC;4;1.4;CST;;29/08/2022 00:00;;;;
FO716000002075;"71153/USZ/TR 60 1542;19;5";CB716000000074;113;19;5;G657A2;NC;5;1.5;CST;;29/08/2022 00:00;;;;
FO716000002076;"71153/USZ/TR 60 1542;19;6";CB716000000074;114;19;6;G657A2;NC;6;1.6;CST;;29/08/2022 00:00;;;;
FO716000002077;"71153/USZ/TR 60 1542;20;1";CB716000000074;115;20;1;G657A2;NC;1;1.1;CST;;29/08/2022 00:00;;;;
FO716000002078;"71153/USZ/TR 60 1542;20;2";CB716000000074;116;20;2;G657A2;NC;2;1.2;CST;;29/08/2022 00:00;;;;
FO716000002079;"71153/USZ/TR 60 1542;20;3";CB716000000074;117;20;3;G657A2;NC;3;1.3;CST;;29/08/2022 00:00;;;;
FO716000002080;"71153/USZ/TR 60 1542;20;4";CB716000000074;118;20;4;G657A2;NC;4;1.4;CST;;29/08/2022 00:00;;;;
FO716000002081;"71153/USZ/TR 60 1542;20;5";CB716000000074;119;20;5;G657A2;NC;5;1.5;CST;;29/08/2022 00:00;;;;
FO716000002082;"71153/USZ/TR 60 1542;20;6";CB716000000074;120;20;6;G657A2;NC;6;1.6;CST;;29/08/2022 00:00;;;;
FO716000002083;"71153/USZ/TR 60 1542;21;1";CB716000000074;121;21;1;G657A2;NC;1;1.1;CST;;29/08/2022 00:00;;;;
FO716000002084;"71153/USZ/TR 60 1542;21;2";CB716000000074;122;21;2;G657A2;NC;2;1.2;CST;;29/08/2022 00:00;;;;
FO716000002085;"71153/USZ/TR 60 1542;21;3";CB716000000074;123;21;3;G657A2;NC;3;1.3;CST;;29/08/2022 00:00;;;;
FO716000002086;"71153/USZ/TR 60 1542;21;4";CB716000000074;124;21;4;G657A2;NC;4;1.4;CST;;29/08/2022 00:00;;;;
FO716000002087;"71153/USZ/TR 60 1542;21;5";CB716000000074;125;21;5;G657A2;NC;5;1.5;CST;;29/08/2022 00:00;;;;
FO716000002088;"71153/USZ/TR 60 1542;21;6";CB716000000074;126;21;6;G657A2;NC;6;1.6;CST;;29/08/2022 00:00;;;;
FO716000002089;"71153/USZ/TR 60 1542;22;1";CB716000000074;127;22;1;G657A2;NC;1;1.1;CST;;29/08/2022 00:00;;;;
FO716000002090;"71153/USZ/TR 60 1542;22;2";CB716000000074;128;22;2;G657A2;NC;2;1.2;CST;;29/08/2022 00:00;;;;
FO716000002091;"71153/USZ/TR 60 1542;22;3";CB716000000074;129;22;3;G657A2;NC;3;1.3;CST;;29/08/2022 00:00;;;;
FO716000002092;"71153/USZ/TR 60 1542;22;4";CB716000000074;130;22;4;G657A2;NC;4;1.4;CST;;29/08/2022 00:00;;;;
FO716000002093;"71153/USZ/TR 60 1542;22;5";CB716000000074;131;22;5;G657A2;NC;5;1.5;CST;;29/08/2022 00:00;;;;
FO716000002094;"71153/USZ/TR 60 1542;22;6";CB716000000074;132;22;6;G657A2;NC;6;1.6;CST;;29/08/2022 00:00;;;;
FO716000002095;"71153/USZ/TR 60 1542;23;1";CB716000000074;133;23;1;G657A2;NC;1;1.1;CST;;29/08/2022 00:00;;;;
FO716000002096;"71153/USZ/TR 60 1542;23;2";CB716000000074;134;23;2;G657A2;NC;2;1.2;CST;;29/08/2022 00:00;;;;
FO716000002097;"71153/USZ/TR 60 1542;23;3";CB716000000074;135;23;3;G657A2;NC;3;1.3;CST;;29/08/2022 00:00;;;;
FO716000002098;"71153/USZ/TR 60 1542;23;4";CB716000000074;136;23;4;G657A2;NC;4;1.4;CST;;29/08/2022 00:00;;;;
FO716000002099;"71153/USZ/TR 60 1542;23;5";CB716000000074;137;23;5;G657A2;NC;5;1.5;CST;;29/08/2022 00:00;;;;
FO716000002100;"71153/USZ/TR 60 1542;23;6";CB716000000074;138;23;6;G657A2;NC;6;1.6;CST;;29/08/2022 00:00;;;;
FO716000002101;"71153/USZ/TR 60 1542;24;1";CB716000000074;139;24;1;G657A2;NC;1;1.1;CST;;29/08/2022 00:00;;;;
FO716000002102;"71153/USZ/TR 60 1542;24;2";CB716000000074;140;24;2;G657A2;NC;2;1.2;CST;;29/08/2022 00:00;;;;
FO716000002103;"71153/USZ/TR 60 1542;24;3";CB716000000074;141;24;3;G657A2;NC;3;1.3;CST;;29/08/2022 00:00;;;;
FO716000002104;"71153/USZ/TR 60 1542;24;4";CB716000000074;142;24;4;G657A2;NC;4;1.4;CST;;29/08/2022 00:00;;;;
FO716000002105;"71153/USZ/TR 60 1542;24;5";CB716000000074;143;24;5;G657A2;NC;5;1.5;CST;;29/08/2022 00:00;;;;
FO716000002106;"71153/USZ/TR 60 1542;24;6";CB716000000074;144;24;6;G657A2;NC;6;1.6;CST;;29/08/2022 00:00;;;;
FO716000002107;"71153/USZ/TR 60 1543;1;1";CB716000000075;1;1;1;G657A2;NC;1;1.1;CST;;29/08/2022 00:00;;;;
FO716000002108;"71153/USZ/TR 60 1543;1;2";CB716000000075;2;1;2;G657A2;NC;2;1.2;CST;;29/08/2022 00:00;;;;
FO716000002109;"71153/USZ/TR 60 1543;1;3";CB716000000075;3;1;3;G657A2;NC;3;1.3;CST;;29/08/2022 00:00;;;;
FO716000002110;"71153/USZ/TR 60 1543;1;4";CB716000000075;4;1;4;G657A2;NC;4;1.4;CST;;29/08/2022 00:00;;;;
FO716000002111;"71153/USZ/TR 60 1543;1;5";CB716000000075;5;1;5;G657A2;NC;5;1.5;CST;;29/08/2022 00:00;;;;
FO716000002112;"71153/USZ/TR 60 1543;1;6";CB716000000075;6;1;6;G657A2;NC;6;1.6;CST;;29/08/2022 00:00;;;;
FO716000002113;"71153/USZ/TR 60 1543;2;1";CB716000000075;7;2;1;G657A2;NC;1;1.1;CST;;29/08/2022 00:00;;;;
FO716000002114;"71153/USZ/TR 60 1543;2;2";CB716000000075;8;2;2;G657A2;NC;2;1.2;CST;;29/08/2022 00:00;;;;
FO716000002115;"71153/USZ/TR 60 1543;2;3";CB716000000075;9;2;3;G657A2;NC;3;1.3;CST;;29/08/2022 00:00;;;;
FO716000002116;"71153/USZ/TR 60 1543;2;4";CB716000000075;10;2;4;G657A2;NC;4;1.4;CST;;29/08/2022 00:00;;;;
FO716000002117;"71153/USZ/TR 60 1543;2;5";CB716000000075;11;2;5;G657A2;NC;5;1.5;CST;;29/08/2022 00:00;;;;
FO716000002118;"71153/USZ/TR 60 1543;2;6";CB716000000075;12;2;6;G657A2;NC;6;1.6;CST;;29/08/2022 00:00;;;;
FO716000002119;"71153/USZ/TR 60 1543;3;1";CB716000000075;13;3;1;G657A2;NC;1;1.1;CST;;29/08/2022 00:00;;;;
FO716000002120;"71153/USZ/TR 60 1543;3;2";CB716000000075;14;3;2;G657A2;NC;2;1.2;CST;;29/08/2022 00:00;;;;
FO716000002121;"71153/USZ/TR 60 1543;3;3";CB716000000075;15;3;3;G657A2;NC;3;1.3;CST;;29/08/2022 00:00;;;;
FO716000002122;"71153/USZ/TR 60 1543;3;4";CB716000000075;16;3;4;G657A2;NC;4;1.4;CST;;29/08/2022 00:00;;;;
FO716000002123;"71153/USZ/TR 60 1543;3;5";CB716000000075;17;3;5;G657A2;NC;5;1.5;CST;;29/08/2022 00:00;;;;
FO716000002124;"71153/USZ/TR 60 1543;3;6";CB716000000075;18;3;6;G657A2;NC;6;1.6;CST;;29/08/2022 00:00;;;;
FO716000002125;"71153/USZ/TR 60 1543;4;1";CB716000000075;19;4;1;G657A2;NC;1;1.1;CST;;29/08/2022 00:00;;;;
FO716000002126;"71153/USZ/TR 60 1543;4;2";CB716000000075;20;4;2;G657A2;NC;2;1.2;CST;;29/08/2022 00:00;;;;
FO716000002127;"71153/USZ/TR 60 1543;4;3";CB716000000075;21;4;3;G657A2;NC;3;1.3;CST;;29/08/2022 00:00;;;;
FO716000002128;"71153/USZ/TR 60 1543;4;4";CB716000000075;22;4;4;G657A2;NC;4;1.4;CST;;29/08/2022 00:00;;;;
FO716000002129;"71153/USZ/TR 60 1543;4;5";CB716000000075;23;4;5;G657A2;NC;5;1.5;CST;;29/08/2022 00:00;;;;
FO716000002130;"71153/USZ/TR 60 1543;4;6";CB716000000075;24;4;6;G657A2;NC;6;1.6;CST;;29/08/2022 00:00;;;;
FO716000002131;"71153/USZ/TR 60 1543;5;1";CB716000000075;25;5;1;G657A2;NC;1;1.1;CST;;29/08/2022 00:00;;;;
FO716000002132;"71153/USZ/TR 60 1543;5;2";CB716000000075;26;5;2;G657A2;NC;2;1.2;CST;;29/08/2022 00:00;;;;
FO716000002133;"71153/USZ/TR 60 1543;5;3";CB716000000075;27;5;3;G657A2;NC;3;1.3;CST;;29/08/2022 00:00;;;;
FO716000002134;"71153/USZ/TR 60 1543;5;4";CB716000000075;28;5;4;G657A2;NC;4;1.4;CST;;29/08/2022 00:00;;;;
FO716000002135;"71153/USZ/TR 60 1543;5;5";CB716000000075;29;5;5;G657A2;NC;5;1.5;CST;;29/08/2022 00:00;;;;
FO716000002136;"71153/USZ/TR 60 1543;5;6";CB716000000075;30;5;6;G657A2;NC;6;1.6;CST;;29/08/2022 00:00;;;;
FO716000002137;"71153/USZ/TR 60 1543;6;1";CB716000000075;31;6;1;G657A2;NC;1;1.1;CST;;29/08/2022 00:00;;;;
FO716000002138;"71153/USZ/TR 60 1543;6;2";CB716000000075;32;6;2;G657A2;NC;2;1.2;CST;;29/08/2022 00:00;;;;
FO716000002139;"71153/USZ/TR 60 1543;6;3";CB716000000075;33;6;3;G657A2;NC;3;1.3;CST;;29/08/2022 00:00;;;;
FO716000002140;"71153/USZ/TR 60 1543;6;4";CB716000000075;34;6;4;G657A2;NC;4;1.4;CST;;29/08/2022 00:00;;;;
FO716000002141;"71153/USZ/TR 60 1543;6;5";CB716000000075;35;6;5;G657A2;NC;5;1.5;CST;;29/08/2022 00:00;;;;
FO716000002142;"71153/USZ/TR 60 1543;6;6";CB716000000075;36;6;6;G657A2;NC;6;1.6;CST;;29/08/2022 00:00;;;;
FO716000002143;"71153/USZ/TR 60 1544;1;1";CB716000000076;1;1;1;G657A2;NC;1;1.1;CST;;29/08/2022 00:00;;;;
FO716000002144;"71153/USZ/TR 60 1544;1;2";CB716000000076;2;1;2;G657A2;NC;2;1.2;CST;;29/08/2022 00:00;;;;
FO716000002145;"71153/USZ/TR 60 1544;1;3";CB716000000076;3;1;3;G657A2;NC;3;1.3;CST;;29/08/2022 00:00;;;;
FO716000002146;"71153/USZ/TR 60 1544;1;4";CB716000000076;4;1;4;G657A2;NC;4;1.4;CST;;29/08/2022 00:00;;;;
FO716000002147;"71153/USZ/TR 60 1544;1;5";CB716000000076;5;1;5;G657A2;NC;5;1.5;CST;;29/08/2022 00:00;;;;
FO716000002148;"71153/USZ/TR 60 1544;1;6";CB716000000076;6;1;6;G657A2;NC;6;1.6;CST;;29/08/2022 00:00;;;;
FO716000002149;"71153/USZ/TR 60 1544;2;1";CB716000000076;7;2;1;G657A2;NC;1;1.1;CST;;29/08/2022 00:00;;;;
FO716000002150;"71153/USZ/TR 60 1544;2;2";CB716000000076;8;2;2;G657A2;NC;2;1.2;CST;;29/08/2022 00:00;;;;
FO716000002151;"71153/USZ/TR 60 1544;2;3";CB716000000076;9;2;3;G657A2;NC;3;1.3;CST;;29/08/2022 00:00;;;;
FO716000002152;"71153/USZ/TR 60 1544;2;4";CB716000000076;10;2;4;G657A2;NC;4;1.4;CST;;29/08/2022 00:00;;;;
FO716000002153;"71153/USZ/TR 60 1544;2;5";CB716000000076;11;2;5;G657A2;NC;5;1.5;CST;;29/08/2022 00:00;;;;
FO716000002154;"71153/USZ/TR 60 1544;2;6";CB716000000076;12;2;6;G657A2;NC;6;1.6;CST;;29/08/2022 00:00;;;;
FO716000002155;"71153/USZ/TR 60 1544;3;1";CB716000000076;13;3;1;G657A2;NC;1;1.1;CST;;29/08/2022 00:00;;;;
FO716000002156;"71153/USZ/TR 60 1544;3;2";CB716000000076;14;3;2;G657A2;NC;2;1.2;CST;;29/08/2022 00:00;;;;
FO716000002157;"71153/USZ/TR 60 1544;3;3";CB716000000076;15;3;3;G657A2;NC;3;1.3;CST;;29/08/2022 00:00;;;;
FO716000002158;"71153/USZ/TR 60 1544;3;4";CB716000000076;16;3;4;G657A2;NC;4;1.4;CST;;29/08/2022 00:00;;;;
FO716000002159;"71153/USZ/TR 60 1544;3;5";CB716000000076;17;3;5;G657A2;NC;5;1.5;CST;;29/08/2022 00:00;;;;
FO716000002160;"71153/USZ/TR 60 1544;3;6";CB716000000076;18;3;6;G657A2;NC;6;1.6;CST;;29/08/2022 00:00;;;;
FO716000002161;"71153/USZ/TR 60 1544;4;1";CB716000000076;19;4;1;G657A2;NC;1;1.1;CST;;29/08/2022 00:00;;;;
FO716000002162;"71153/USZ/TR 60 1544;4;2";CB716000000076;20;4;2;G657A2;NC;2;1.2;CST;;29/08/2022 00:00;;;;
FO716000002163;"71153/USZ/TR 60 1544;4;3";CB716000000076;21;4;3;G657A2;NC;3;1.3;CST;;29/08/2022 00:00;;;;
FO716000002164;"71153/USZ/TR 60 1544;4;4";CB716000000076;22;4;4;G657A2;NC;4;1.4;CST;;29/08/2022 00:00;;;;
FO716000002165;"71153/USZ/TR 60 1544;4;5";CB716000000076;23;4;5;G657A2;NC;5;1.5;CST;;29/08/2022 00:00;;;;
FO716000002166;"71153/USZ/TR 60 1544;4;6";CB716000000076;24;4;6;G657A2;NC;6;1.6;CST;;29/08/2022 00:00;;;;
FO716000002167;"71153/USZ/TR 60 1544;5;1";CB716000000076;25;5;1;G657A2;NC;1;1.1;CST;;29/08/2022 00:00;;;;
FO716000002168;"71153/USZ/TR 60 1544;5;2";CB716000000076;26;5;2;G657A2;NC;2;1.2;CST;;29/08/2022 00:00;;;;
FO716000002169;"71153/USZ/TR 60 1544;5;3";CB716000000076;27;5;3;G657A2;NC;3;1.3;CST;;29/08/2022 00:00;;;;
FO716000002170;"71153/USZ/TR 60 1544;5;4";CB716000000076;28;5;4;G657A2;NC;4;1.4;CST;;29/08/2022 00:00;;;;
FO716000002171;"71153/USZ/TR 60 1544;5;5";CB716000000076;29;5;5;G657A2;NC;5;1.5;CST;;29/08/2022 00:00;;;;
FO716000002172;"71153/USZ/TR 60 1544;5;6";CB716000000076;30;5;6;G657A2;NC;6;1.6;CST;;29/08/2022 00:00;;;;
FO716000002173;"71153/USZ/TR 60 1544;6;1";CB716000000076;31;6;1;G657A2;NC;1;1.1;CST;;29/08/2022 00:00;;;;
FO716000002174;"71153/USZ/TR 60 1544;6;2";CB716000000076;32;6;2;G657A2;NC;2;1.2;CST;;29/08/2022 00:00;;;;
FO716000002175;"71153/USZ/TR 60 1544;6;3";CB716000000076;33;6;3;G657A2;NC;3;1.3;CST;;29/08/2022 00:00;;;;
FO716000002176;"71153/USZ/TR 60 1544;6;4";CB716000000076;34;6;4;G657A2;NC;4;1.4;CST;;29/08/2022 00:00;;;;
FO716000002177;"71153/USZ/TR 60 1544;6;5";CB716000000076;35;6;5;G657A2;NC;5;1.5;CST;;29/08/2022 00:00;;;;
FO716000002178;"71153/USZ/TR 60 1544;6;6";CB716000000076;36;6;6;G657A2;NC;6;1.6;CST;;29/08/2022 00:00;;;;
FO716000002179;"71153/USZ/TR 60 1545;1;1";CB716000000077;1;1;1;G657A2;NC;1;1.1;CST;;29/08/2022 00:00;;;;
FO716000002180;"71153/USZ/TR 60 1545;1;2";CB716000000077;2;1;2;G657A2;NC;2;1.2;CST;;29/08/2022 00:00;;;;
FO716000002181;"71153/USZ/TR 60 1545;1;3";CB716000000077;3;1;3;G657A2;NC;3;1.3;CST;;29/08/2022 00:00;;;;
FO716000002182;"71153/USZ/TR 60 1545;1;4";CB716000000077;4;1;4;G657A2;NC;4;1.4;CST;;29/08/2022 00:00;;;;
FO716000002183;"71153/USZ/TR 60 1545;1;5";CB716000000077;5;1;5;G657A2;NC;5;1.5;CST;;29/08/2022 00:00;;;;
FO716000002184;"71153/USZ/TR 60 1545;1;6";CB716000000077;6;1;6;G657A2;NC;6;1.6;CST;;29/08/2022 00:00;;;;
FO716000002185;"71153/USZ/TR 60 1545;2;1";CB716000000077;7;2;1;G657A2;NC;1;1.1;CST;;29/08/2022 00:00;;;;
FO716000002186;"71153/USZ/TR 60 1545;2;2";CB716000000077;8;2;2;G657A2;NC;2;1.2;CST;;29/08/2022 00:00;;;;
FO716000002187;"71153/USZ/TR 60 1545;2;3";CB716000000077;9;2;3;G657A2;NC;3;1.3;CST;;29/08/2022 00:00;;;;
FO716000002188;"71153/USZ/TR 60 1545;2;4";CB716000000077;10;2;4;G657A2;NC;4;1.4;CST;;29/08/2022 00:00;;;;
FO716000002189;"71153/USZ/TR 60 1545;2;5";CB716000000077;11;2;5;G657A2;NC;5;1.5;CST;;29/08/2022 00:00;;;;
FO716000002190;"71153/USZ/TR 60 1545;2;6";CB716000000077;12;2;6;G657A2;NC;6;1.6;CST;;29/08/2022 00:00;;;;
FO716000002191;"71153/USZ/TR 60 1545;3;1";CB716000000077;13;3;1;G657A2;NC;1;1.1;CST;;29/08/2022 00:00;;;;
FO716000002192;"71153/USZ/TR 60 1545;3;2";CB716000000077;14;3;2;G657A2;NC;2;1.2;CST;;29/08/2022 00:00;;;;
FO716000002193;"71153/USZ/TR 60 1545;3;3";CB716000000077;15;3;3;G657A2;NC;3;1.3;CST;;29/08/2022 00:00;;;;
FO716000002194;"71153/USZ/TR 60 1545;3;4";CB716000000077;16;3;4;G657A2;NC;4;1.4;CST;;29/08/2022 00:00;;;;
FO716000002195;"71153/USZ/TR 60 1545;3;5";CB716000000077;17;3;5;G657A2;NC;5;1.5;CST;;29/08/2022 00:00;;;;
FO716000002196;"71153/USZ/TR 60 1545;3;6";CB716000000077;18;3;6;G657A2;NC;6;1.6;CST;;29/08/2022 00:00;;;;
FO716000002197;"71153/USZ/TR 60 1545;4;1";CB716000000077;19;4;1;G657A2;NC;1;1.1;CST;;29/08/2022 00:00;;;;
FO716000002198;"71153/USZ/TR 60 1545;4;2";CB716000000077;20;4;2;G657A2;NC;2;1.2;CST;;29/08/2022 00:00;;;;
FO716000002199;"71153/USZ/TR 60 1545;4;3";CB716000000077;21;4;3;G657A2;NC;3;1.3;CST;;29/08/2022 00:00;;;;
FO716000002200;"71153/USZ/TR 60 1545;4;4";CB716000000077;22;4;4;G657A2;NC;4;1.4;CST;;29/08/2022 00:00;;;;
FO716000002201;"71153/USZ/TR 60 1545;4;5";CB716000000077;23;4;5;G657A2;NC;5;1.5;CST;;29/08/2022 00:00;;;;
FO716000002202;"71153/USZ/TR 60 1545;4;6";CB716000000077;24;4;6;G657A2;NC;6;1.6;CST;;29/08/2022 00:00;;;;
FO716000002203;"71153/USZ/TR 60 1545;5;1";CB716000000077;25;5;1;G657A2;NC;1;1.1;CST;;29/08/2022 00:00;;;;
FO716000002204;"71153/USZ/TR 60 1545;5;2";CB716000000077;26;5;2;G657A2;NC;2;1.2;CST;;29/08/2022 00:00;;;;
FO716000002205;"71153/USZ/TR 60 1545;5;3";CB716000000077;27;5;3;G657A2;NC;3;1.3;CST;;29/08/2022 00:00;;;;
FO716000002206;"71153/USZ/TR 60 1545;5;4";CB716000000077;28;5;4;G657A2;NC;4;1.4;CST;;29/08/2022 00:00;;;;
FO716000002207;"71153/USZ/TR 60 1545;5;5";CB716000000077;29;5;5;G657A2;NC;5;1.5;CST;;29/08/2022 00:00;;;;
FO716000002208;"71153/USZ/TR 60 1545;5;6";CB716000000077;30;5;6;G657A2;NC;6;1.6;CST;;29/08/2022 00:00;;;;
FO716000002209;"71153/USZ/TR 60 1545;6;1";CB716000000077;31;6;1;G657A2;NC;1;1.1;CST;;29/08/2022 00:00;;;;
FO716000002210;"71153/USZ/TR 60 1545;6;2";CB716000000077;32;6;2;G657A2;NC;2;1.2;CST;;29/08/2022 00:00;;;;
FO716000002211;"71153/USZ/TR 60 1545;6;3";CB716000000077;33;6;3;G657A2;NC;3;1.3;CST;;29/08/2022 00:00;;;;
FO716000002212;"71153/USZ/TR 60 1545;6;4";CB716000000077;34;6;4;G657A2;NC;4;1.4;CST;;29/08/2022 00:00;;;;
FO716000002213;"71153/USZ/TR 60 1545;6;5";CB716000000077;35;6;5;G657A2;NC;5;1.5;CST;;29/08/2022 00:00;;;;
FO716000002214;"71153/USZ/TR 60 1545;6;6";CB716000000077;36;6;6;G657A2;NC;6;1.6;CST;;29/08/2022 00:00;;;;
FO716000002215;"71153/USZ/TR 60 1546;1;1";CB716000000078;1;1;1;G657A2;NC;1;1.1;CST;;29/08/2022 00:00;;;;
FO716000002216;"71153/USZ/TR 60 1546;1;2";CB716000000078;2;1;2;G657A2;NC;2;1.2;CST;;29/08/2022 00:00;;;;
FO716000002217;"71153/USZ/TR 60 1546;1;3";CB716000000078;3;1;3;G657A2;NC;3;1.3;CST;;29/08/2022 00:00;;;;
FO716000002218;"71153/USZ/TR 60 1546;1;4";CB716000000078;4;1;4;G657A2;NC;4;1.4;CST;;29/08/2022 00:00;;;;
FO716000002219;"71153/USZ/TR 60 1546;1;5";CB716000000078;5;1;5;G657A2;NC;5;1.5;CST;;29/08/2022 00:00;;;;
FO716000002220;"71153/USZ/TR 60 1546;1;6";CB716000000078;6;1;6;G657A2;NC;6;1.6;CST;;29/08/2022 00:00;;;;
FO716000002221;"71153/USZ/TR 60 1546;2;1";CB716000000078;7;2;1;G657A2;NC;1;1.1;CST;;29/08/2022 00:00;;;;
FO716000002222;"71153/USZ/TR 60 1546;2;2";CB716000000078;8;2;2;G657A2;NC;2;1.2;CST;;29/08/2022 00:00;;;;
FO716000002223;"71153/USZ/TR 60 1546;2;3";CB716000000078;9;2;3;G657A2;NC;3;1.3;CST;;29/08/2022 00:00;;;;
FO716000002224;"71153/USZ/TR 60 1546;2;4";CB716000000078;10;2;4;G657A2;NC;4;1.4;CST;;29/08/2022 00:00;;;;
FO716000002225;"71153/USZ/TR 60 1546;2;5";CB716000000078;11;2;5;G657A2;NC;5;1.5;CST;;29/08/2022 00:00;;;;
FO716000002226;"71153/USZ/TR 60 1546;2;6";CB716000000078;12;2;6;G657A2;NC;6;1.6;CST;;29/08/2022 00:00;;;;
FO716000002227;"71153/USZ/TR 60 1546;3;1";CB716000000078;13;3;1;G657A2;NC;1;1.1;CST;;29/08/2022 00:00;;;;
FO716000002228;"71153/USZ/TR 60 1546;3;2";CB716000000078;14;3;2;G657A2;NC;2;1.2;CST;;29/08/2022 00:00;;;;
FO716000002229;"71153/USZ/TR 60 1546;3;3";CB716000000078;15;3;3;G657A2;NC;3;1.3;CST;;29/08/2022 00:00;;;;
FO716000002230;"71153/USZ/TR 60 1546;3;4";CB716000000078;16;3;4;G657A2;NC;4;1.4;CST;;29/08/2022 00:00;;;;
FO716000002231;"71153/USZ/TR 60 1546;3;5";CB716000000078;17;3;5;G657A2;NC;5;1.5;CST;;29/08/2022 00:00;;;;
FO716000002232;"71153/USZ/TR 60 1546;3;6";CB716000000078;18;3;6;G657A2;NC;6;1.6;CST;;29/08/2022 00:00;;;;
FO716000002233;"71153/USZ/TR 60 1546;4;1";CB716000000078;19;4;1;G657A2;NC;1;1.1;CST;;29/08/2022 00:00;;;;
FO716000002234;"71153/USZ/TR 60 1546;4;2";CB716000000078;20;4;2;G657A2;NC;2;1.2;CST;;29/08/2022 00:00;;;;
FO716000002235;"71153/USZ/TR 60 1546;4;3";CB716000000078;21;4;3;G657A2;NC;3;1.3;CST;;29/08/2022 00:00;;;;
FO716000002236;"71153/USZ/TR 60 1546;4;4";CB716000000078;22;4;4;G657A2;NC;4;1.4;CST;;29/08/2022 00:00;;;;
FO716000002237;"71153/USZ/TR 60 1546;4;5";CB716000000078;23;4;5;G657A2;NC;5;1.5;CST;;29/08/2022 00:00;;;;
FO716000002238;"71153/USZ/TR 60 1546;4;6";CB716000000078;24;4;6;G657A2;NC;6;1.6;CST;;29/08/2022 00:00;;;;
FO716000002239;"71153/USZ/TR 60 1546;5;1";CB716000000078;25;5;1;G657A2;NC;1;1.1;CST;;29/08/2022 00:00;;;;
FO716000002240;"71153/USZ/TR 60 1546;5;2";CB716000000078;26;5;2;G657A2;NC;2;1.2;CST;;29/08/2022 00:00;;;;
FO716000002241;"71153/USZ/TR 60 1546;5;3";CB716000000078;27;5;3;G657A2;NC;3;1.3;CST;;29/08/2022 00:00;;;;
FO716000002242;"71153/USZ/TR 60 1546;5;4";CB716000000078;28;5;4;G657A2;NC;4;1.4;CST;;29/08/2022 00:00;;;;
FO716000002243;"71153/USZ/TR 60 1546;5;5";CB716000000078;29;5;5;G657A2;NC;5;1.5;CST;;29/08/2022 00:00;;;;
FO716000002244;"71153/USZ/TR 60 1546;5;6";CB716000000078;30;5;6;G657A2;NC;6;1.6;CST;;29/08/2022 00:00;;;;
FO716000002245;"71153/USZ/TR 60 1546;6;1";CB716000000078;31;6;1;G657A2;NC;1;1.1;CST;;29/08/2022 00:00;;;;
FO716000002246;"71153/USZ/TR 60 1546;6;2";CB716000000078;32;6;2;G657A2;NC;2;1.2;CST;;29/08/2022 00:00;;;;
FO716000002247;"71153/USZ/TR 60 1546;6;3";CB716000000078;33;6;3;G657A2;NC;3;1.3;CST;;29/08/2022 00:00;;;;
FO716000002248;"71153/USZ/TR 60 1546;6;4";CB716000000078;34;6;4;G657A2;NC;4;1.4;CST;;29/08/2022 00:00;;;;
FO716000002249;"71153/USZ/TR 60 1546;6;5";CB716000000078;35;6;5;G657A2;NC;5;1.5;CST;;29/08/2022 00:00;;;;
FO716000002250;"71153/USZ/TR 60 1546;6;6";CB716000000078;36;6;6;G657A2;NC;6;1.6;CST;;29/08/2022 00:00;;;;
FO716000002251;"71153/USZ/TR 60 1547;1;1";CB716000000079;1;1;1;G657A2;NC;1;1.1;CST;;29/08/2022 00:00;;;;
FO716000002252;"71153/USZ/TR 60 1547;1;2";CB716000000079;2;1;2;G657A2;NC;2;1.2;CST;;29/08/2022 00:00;;;;
FO716000002253;"71153/USZ/TR 60 1547;1;3";CB716000000079;3;1;3;G657A2;NC;3;1.3;CST;;29/08/2022 00:00;;;;
FO716000002254;"71153/USZ/TR 60 1547;1;4";CB716000000079;4;1;4;G657A2;NC;4;1.4;CST;;29/08/2022 00:00;;;;
FO716000002255;"71153/USZ/TR 60 1547;1;5";CB716000000079;5;1;5;G657A2;NC;5;1.5;CST;;29/08/2022 00:00;;;;
FO716000002256;"71153/USZ/TR 60 1547;1;6";CB716000000079;6;1;6;G657A2;NC;6;1.6;CST;;29/08/2022 00:00;;;;
FO716000002257;"71153/USZ/TR 60 1547;2;1";CB716000000079;7;2;1;G657A2;NC;1;1.1;CST;;29/08/2022 00:00;;;;
FO716000002258;"71153/USZ/TR 60 1547;2;2";CB716000000079;8;2;2;G657A2;NC;2;1.2;CST;;29/08/2022 00:00;;;;
FO716000002259;"71153/USZ/TR 60 1547;2;3";CB716000000079;9;2;3;G657A2;NC;3;1.3;CST;;29/08/2022 00:00;;;;
FO716000002260;"71153/USZ/TR 60 1547;2;4";CB716000000079;10;2;4;G657A2;NC;4;1.4;CST;;29/08/2022 00:00;;;;
FO716000002261;"71153/USZ/TR 60 1547;2;5";CB716000000079;11;2;5;G657A2;NC;5;1.5;CST;;29/08/2022 00:00;;;;
FO716000002262;"71153/USZ/TR 60 1547;2;6";CB716000000079;12;2;6;G657A2;NC;6;1.6;CST;;29/08/2022 00:00;;;;
FO716000002263;"71153/USZ/TR 60 1547;3;1";CB716000000079;13;3;1;G657A2;NC;1;1.1;CST;;29/08/2022 00:00;;;;
FO716000002264;"71153/USZ/TR 60 1547;3;2";CB716000000079;14;3;2;G657A2;NC;2;1.2;CST;;29/08/2022 00:00;;;;
FO716000002265;"71153/USZ/TR 60 1547;3;3";CB716000000079;15;3;3;G657A2;NC;3;1.3;CST;;29/08/2022 00:00;;;;
FO716000002266;"71153/USZ/TR 60 1547;3;4";CB716000000079;16;3;4;G657A2;NC;4;1.4;CST;;29/08/2022 00:00;;;;
FO716000002267;"71153/USZ/TR 60 1547;3;5";CB716000000079;17;3;5;G657A2;NC;5;1.5;CST;;29/08/2022 00:00;;;;
FO716000002268;"71153/USZ/TR 60 1547;3;6";CB716000000079;18;3;6;G657A2;NC;6;1.6;CST;;29/08/2022 00:00;;;;
FO716000002269;"71153/USZ/TR 60 1547;4;1";CB716000000079;19;4;1;G657A2;NC;1;1.1;CST;;29/08/2022 00:00;;;;
FO716000002270;"71153/USZ/TR 60 1547;4;2";CB716000000079;20;4;2;G657A2;NC;2;1.2;CST;;29/08/2022 00:00;;;;
FO716000002271;"71153/USZ/TR 60 1547;4;3";CB716000000079;21;4;3;G657A2;NC;3;1.3;CST;;29/08/2022 00:00;;;;
FO716000002272;"71153/USZ/TR 60 1547;4;4";CB716000000079;22;4;4;G657A2;NC;4;1.4;CST;;29/08/2022 00:00;;;;
FO716000002273;"71153/USZ/TR 60 1547;4;5";CB716000000079;23;4;5;G657A2;NC;5;1.5;CST;;29/08/2022 00:00;;;;
FO716000002274;"71153/USZ/TR 60 1547;4;6";CB716000000079;24;4;6;G657A2;NC;6;1.6;CST;;29/08/2022 00:00;;;;
FO716000002275;"71153/USZ/TR 60 1547;5;1";CB716000000079;25;5;1;G657A2;NC;1;1.1;CST;;29/08/2022 00:00;;;;
FO716000002276;"71153/USZ/TR 60 1547;5;2";CB716000000079;26;5;2;G657A2;NC;2;1.2;CST;;29/08/2022 00:00;;;;
FO716000002277;"71153/USZ/TR 60 1547;5;3";CB716000000079;27;5;3;G657A2;NC;3;1.3;CST;;29/08/2022 00:00;;;;
FO716000002278;"71153/USZ/TR 60 1547;5;4";CB716000000079;28;5;4;G657A2;NC;4;1.4;CST;;29/08/2022 00:00;;;;
FO716000002279;"71153/USZ/TR 60 1547;5;5";CB716000000079;29;5;5;G657A2;NC;5;1.5;CST;;29/08/2022 00:00;;;;
FO716000002280;"71153/USZ/TR 60 1547;5;6";CB716000000079;30;5;6;G657A2;NC;6;1.6;CST;;29/08/2022 00:00;;;;
FO716000002281;"71153/USZ/TR 60 1547;6;1";CB716000000079;31;6;1;G657A2;NC;1;1.1;CST;;29/08/2022 00:00;;;;
FO716000002282;"71153/USZ/TR 60 1547;6;2";CB716000000079;32;6;2;G657A2;NC;2;1.2;CST;;29/08/2022 00:00;;;;
FO716000002283;"71153/USZ/TR 60 1547;6;3";CB716000000079;33;6;3;G657A2;NC;3;1.3;CST;;29/08/2022 00:00;;;;
FO716000002284;"71153/USZ/TR 60 1547;6;4";CB716000000079;34;6;4;G657A2;NC;4;1.4;CST;;29/08/2022 00:00;;;;
FO716000002285;"71153/USZ/TR 60 1547;6;5";CB716000000079;35;6;5;G657A2;NC;5;1.5;CST;;29/08/2022 00:00;;;;
FO716000002286;"71153/USZ/TR 60 1547;6;6";CB716000000079;36;6;6;G657A2;NC;6;1.6;CST;;29/08/2022 00:00;;;;
FO716000002287;"71153/USZ/TR 60 1548;1;1";CB716000000080;1;1;1;G657A2;NC;1;1.1;CST;;29/08/2022 00:00;;;;
FO716000002288;"71153/USZ/TR 60 1548;1;2";CB716000000080;2;1;2;G657A2;NC;2;1.2;CST;;29/08/2022 00:00;;;;
FO716000002289;"71153/USZ/TR 60 1548;1;3";CB716000000080;3;1;3;G657A2;NC;3;1.3;CST;;29/08/2022 00:00;;;;
FO716000002290;"71153/USZ/TR 60 1548;1;4";CB716000000080;4;1;4;G657A2;NC;4;1.4;CST;;29/08/2022 00:00;;;;
FO716000002291;"71153/USZ/TR 60 1548;1;5";CB716000000080;5;1;5;G657A2;NC;5;1.5;CST;;29/08/2022 00:00;;;;
FO716000002292;"71153/USZ/TR 60 1548;1;6";CB716000000080;6;1;6;G657A2;NC;6;1.6;CST;;29/08/2022 00:00;;;;
FO716000002293;"71153/USZ/TR 60 1548;2;1";CB716000000080;7;2;1;G657A2;NC;1;1.1;CST;;29/08/2022 00:00;;;;
FO716000002294;"71153/USZ/TR 60 1548;2;2";CB716000000080;8;2;2;G657A2;NC;2;1.2;CST;;29/08/2022 00:00;;;;
FO716000002295;"71153/USZ/TR 60 1548;2;3";CB716000000080;9;2;3;G657A2;NC;3;1.3;CST;;29/08/2022 00:00;;;;
FO716000002296;"71153/USZ/TR 60 1548;2;4";CB716000000080;10;2;4;G657A2;NC;4;1.4;CST;;29/08/2022 00:00;;;;
FO716000002297;"71153/USZ/TR 60 1548;2;5";CB716000000080;11;2;5;G657A2;NC;5;1.5;CST;;29/08/2022 00:00;;;;
FO716000002298;"71153/USZ/TR 60 1548;2;6";CB716000000080;12;2;6;G657A2;NC;6;1.6;CST;;29/08/2022 00:00;;;;
FO716000002299;"71153/USZ/TR 60 1548;3;1";CB716000000080;13;3;1;G657A2;NC;1;1.1;CST;;29/08/2022 00:00;;;;
FO716000002300;"71153/USZ/TR 60 1548;3;2";CB716000000080;14;3;2;G657A2;NC;2;1.2;CST;;29/08/2022 00:00;;;;
FO716000002301;"71153/USZ/TR 60 1548;3;3";CB716000000080;15;3;3;G657A2;NC;3;1.3;CST;;29/08/2022 00:00;;;;
FO716000002302;"71153/USZ/TR 60 1548;3;4";CB716000000080;16;3;4;G657A2;NC;4;1.4;CST;;29/08/2022 00:00;;;;
FO716000002303;"71153/USZ/TR 60 1548;3;5";CB716000000080;17;3;5;G657A2;NC;5;1.5;CST;;29/08/2022 00:00;;;;
FO716000002304;"71153/USZ/TR 60 1548;3;6";CB716000000080;18;3;6;G657A2;NC;6;1.6;CST;;29/08/2022 00:00;;;;
FO716000002305;"71153/USZ/TR 60 1548;4;1";CB716000000080;19;4;1;G657A2;NC;1;1.1;CST;;29/08/2022 00:00;;;;
FO716000002306;"71153/USZ/TR 60 1548;4;2";CB716000000080;20;4;2;G657A2;NC;2;1.2;CST;;29/08/2022 00:00;;;;
FO716000002307;"71153/USZ/TR 60 1548;4;3";CB716000000080;21;4;3;G657A2;NC;3;1.3;CST;;29/08/2022 00:00;;;;
FO716000002308;"71153/USZ/TR 60 1548;4;4";CB716000000080;22;4;4;G657A2;NC;4;1.4;CST;;29/08/2022 00:00;;;;
FO716000002309;"71153/USZ/TR 60 1548;4;5";CB716000000080;23;4;5;G657A2;NC;5;1.5;CST;;29/08/2022 00:00;;;;
FO716000002310;"71153/USZ/TR 60 1548;4;6";CB716000000080;24;4;6;G657A2;NC;6;1.6;CST;;29/08/2022 00:00;;;;
FO716000002311;"71153/USZ/TR 60 1548;5;1";CB716000000080;25;5;1;G657A2;NC;1;1.1;CST;;29/08/2022 00:00;;;;
FO716000002312;"71153/USZ/TR 60 1548;5;2";CB716000000080;26;5;2;G657A2;NC;2;1.2;CST;;29/08/2022 00:00;;;;
FO716000002313;"71153/USZ/TR 60 1548;5;3";CB716000000080;27;5;3;G657A2;NC;3;1.3;CST;;29/08/2022 00:00;;;;
FO716000002314;"71153/USZ/TR 60 1548;5;4";CB716000000080;28;5;4;G657A2;NC;4;1.4;CST;;29/08/2022 00:00;;;;
FO716000002315;"71153/USZ/TR 60 1548;5;5";CB716000000080;29;5;5;G657A2;NC;5;1.5;CST;;29/08/2022 00:00;;;;
FO716000002316;"71153/USZ/TR 60 1548;5;6";CB716000000080;30;5;6;G657A2;NC;6;1.6;CST;;29/08/2022 00:00;;;;
FO716000002317;"71153/USZ/TR 60 1548;6;1";CB716000000080;31;6;1;G657A2;NC;1;1.1;CST;;29/08/2022 00:00;;;;
FO716000002318;"71153/USZ/TR 60 1548;6;2";CB716000000080;32;6;2;G657A2;NC;2;1.2;CST;;29/08/2022 00:00;;;;
FO716000002319;"71153/USZ/TR 60 1548;6;3";CB716000000080;33;6;3;G657A2;NC;3;1.3;CST;;29/08/2022 00:00;;;;
FO716000002320;"71153/USZ/TR 60 1548;6;4";CB716000000080;34;6;4;G657A2;NC;4;1.4;CST;;29/08/2022 00:00;;;;
FO716000002321;"71153/USZ/TR 60 1548;6;5";CB716000000080;35;6;5;G657A2;NC;5;1.5;CST;;29/08/2022 00:00;;;;
FO716000002322;"71153/USZ/TR 60 1548;6;6";CB716000000080;36;6;6;G657A2;NC;6;1.6;CST;;29/08/2022 00:00;;;;
FO716000002323;"71153/USZ/TR 60 1549;1;1";CB716000000081;1;1;1;G657A2;NC;1;1.1;CST;;29/08/2022 00:00;;;;
FO716000002324;"71153/USZ/TR 60 1549;1;2";CB716000000081;2;1;2;G657A2;NC;2;1.2;CST;;29/08/2022 00:00;;;;
FO716000002325;"71153/USZ/TR 60 1549;1;3";CB716000000081;3;1;3;G657A2;NC;3;1.3;CST;;29/08/2022 00:00;;;;
FO716000002326;"71153/USZ/TR 60 1549;1;4";CB716000000081;4;1;4;G657A2;NC;4;1.4;CST;;29/08/2022 00:00;;;;
FO716000002327;"71153/USZ/TR 60 1549;1;5";CB716000000081;5;1;5;G657A2;NC;5;1.5;CST;;29/08/2022 00:00;;;;
FO716000002328;"71153/USZ/TR 60 1549;1;6";CB716000000081;6;1;6;G657A2;NC;6;1.6;CST;;29/08/2022 00:00;;;;
FO716000002329;"71153/USZ/TR 60 1549;2;1";CB716000000081;7;2;1;G657A2;NC;1;1.1;CST;;29/08/2022 00:00;;;;
FO716000002330;"71153/USZ/TR 60 1549;2;2";CB716000000081;8;2;2;G657A2;NC;2;1.2;CST;;29/08/2022 00:00;;;;
FO716000002331;"71153/USZ/TR 60 1549;2;3";CB716000000081;9;2;3;G657A2;NC;3;1.3;CST;;29/08/2022 00:00;;;;
FO716000002332;"71153/USZ/TR 60 1549;2;4";CB716000000081;10;2;4;G657A2;NC;4;1.4;CST;;29/08/2022 00:00;;;;
FO716000002333;"71153/USZ/TR 60 1549;2;5";CB716000000081;11;2;5;G657A2;NC;5;1.5;CST;;29/08/2022 00:00;;;;
FO716000002334;"71153/USZ/TR 60 1549;2;6";CB716000000081;12;2;6;G657A2;NC;6;1.6;CST;;29/08/2022 00:00;;;;
FO716000002335;"71153/USZ/TR 60 1549;3;1";CB716000000081;13;3;1;G657A2;NC;1;1.1;CST;;29/08/2022 00:00;;;;
FO716000002336;"71153/USZ/TR 60 1549;3;2";CB716000000081;14;3;2;G657A2;NC;2;1.2;CST;;29/08/2022 00:00;;;;
FO716000002337;"71153/USZ/TR 60 1549;3;3";CB716000000081;15;3;3;G657A2;NC;3;1.3;CST;;29/08/2022 00:00;;;;
FO716000002338;"71153/USZ/TR 60 1549;3;4";CB716000000081;16;3;4;G657A2;NC;4;1.4;CST;;29/08/2022 00:00;;;;
FO716000002339;"71153/USZ/TR 60 1549;3;5";CB716000000081;17;3;5;G657A2;NC;5;1.5;CST;;29/08/2022 00:00;;;;
FO716000002340;"71153/USZ/TR 60 1549;3;6";CB716000000081;18;3;6;G657A2;NC;6;1.6;CST;;29/08/2022 00:00;;;;
FO716000002341;"71153/USZ/TR 60 1549;4;1";CB716000000081;19;4;1;G657A2;NC;1;1.1;CST;;29/08/2022 00:00;;;;
FO716000002342;"71153/USZ/TR 60 1549;4;2";CB716000000081;20;4;2;G657A2;NC;2;1.2;CST;;29/08/2022 00:00;;;;
FO716000002343;"71153/USZ/TR 60 1549;4;3";CB716000000081;21;4;3;G657A2;NC;3;1.3;CST;;29/08/2022 00:00;;;;
FO716000002344;"71153/USZ/TR 60 1549;4;4";CB716000000081;22;4;4;G657A2;NC;4;1.4;CST;;29/08/2022 00:00;;;;
FO716000002345;"71153/USZ/TR 60 1549;4;5";CB716000000081;23;4;5;G657A2;NC;5;1.5;CST;;29/08/2022 00:00;;;;
FO716000002346;"71153/USZ/TR 60 1549;4;6";CB716000000081;24;4;6;G657A2;NC;6;1.6;CST;;29/08/2022 00:00;;;;
FO716000002347;"71153/USZ/TR 60 1550;1;1";CB716000000082;1;1;1;G657A2;NC;1;1.1;CST;;29/08/2022 00:00;;;;
FO716000002348;"71153/USZ/TR 60 1550;1;2";CB716000000082;2;1;2;G657A2;NC;2;1.2;CST;;29/08/2022 00:00;;;;
FO716000002349;"71153/USZ/TR 60 1550;1;3";CB716000000082;3;1;3;G657A2;NC;3;1.3;CST;;29/08/2022 00:00;;;;
FO716000002350;"71153/USZ/TR 60 1550;1;4";CB716000000082;4;1;4;G657A2;NC;4;1.4;CST;;29/08/2022 00:00;;;;
FO716000002351;"71153/USZ/TR 60 1550;1;5";CB716000000082;5;1;5;G657A2;NC;5;1.5;CST;;29/08/2022 00:00;;;;
FO716000002352;"71153/USZ/TR 60 1550;1;6";CB716000000082;6;1;6;G657A2;NC;6;1.6;CST;;29/08/2022 00:00;;;;
FO716000002353;"71153/USZ/TR 60 1550;2;1";CB716000000082;7;2;1;G657A2;NC;1;1.1;CST;;29/08/2022 00:00;;;;
FO716000002354;"71153/USZ/TR 60 1550;2;2";CB716000000082;8;2;2;G657A2;NC;2;1.2;CST;;29/08/2022 00:00;;;;
FO716000002355;"71153/USZ/TR 60 1550;2;3";CB716000000082;9;2;3;G657A2;NC;3;1.3;CST;;29/08/2022 00:00;;;;
FO716000002356;"71153/USZ/TR 60 1550;2;4";CB716000000082;10;2;4;G657A2;NC;4;1.4;CST;;29/08/2022 00:00;;;;
FO716000002357;"71153/USZ/TR 60 1550;2;5";CB716000000082;11;2;5;G657A2;NC;5;1.5;CST;;29/08/2022 00:00;;;;
FO716000002358;"71153/USZ/TR 60 1550;2;6";CB716000000082;12;2;6;G657A2;NC;6;1.6;CST;;29/08/2022 00:00;;;;
FO716000002359;"71153/USZ/TR 60 1550;3;1";CB716000000082;13;3;1;G657A2;NC;1;1.1;CST;;29/08/2022 00:00;;;;
FO716000002360;"71153/USZ/TR 60 1550;3;2";CB716000000082;14;3;2;G657A2;NC;2;1.2;CST;;29/08/2022 00:00;;;;
FO716000002361;"71153/USZ/TR 60 1550;3;3";CB716000000082;15;3;3;G657A2;NC;3;1.3;CST;;29/08/2022 00:00;;;;
FO716000002362;"71153/USZ/TR 60 1550;3;4";CB716000000082;16;3;4;G657A2;NC;4;1.4;CST;;29/08/2022 00:00;;;;
FO716000002363;"71153/USZ/TR 60 1550;3;5";CB716000000082;17;3;5;G657A2;NC;5;1.5;CST;;29/08/2022 00:00;;;;
FO716000002364;"71153/USZ/TR 60 1550;3;6";CB716000000082;18;3;6;G657A2;NC;6;1.6;CST;;29/08/2022 00:00;;;;
FO716000002365;"71153/USZ/TR 60 1550;4;1";CB716000000082;19;4;1;G657A2;NC;1;1.1;CST;;29/08/2022 00:00;;;;
FO716000002366;"71153/USZ/TR 60 1550;4;2";CB716000000082;20;4;2;G657A2;NC;2;1.2;CST;;29/08/2022 00:00;;;;
FO716000002367;"71153/USZ/TR 60 1550;4;3";CB716000000082;21;4;3;G657A2;NC;3;1.3;CST;;29/08/2022 00:00;;;;
FO716000002368;"71153/USZ/TR 60 1550;4;4";CB716000000082;22;4;4;G657A2;NC;4;1.4;CST;;29/08/2022 00:00;;;;
FO716000002369;"71153/USZ/TR 60 1550;4;5";CB716000000082;23;4;5;G657A2;NC;5;1.5;CST;;29/08/2022 00:00;;;;
FO716000002370;"71153/USZ/TR 60 1550;4;6";CB716000000082;24;4;6;G657A2;NC;6;1.6;CST;;29/08/2022 00:00;;;;
FO716000002371;"71153/USZ/TR 60 1551;1;1";CB716000000083;1;1;1;G657A2;NC;1;1.1;CST;;29/08/2022 00:00;;;;
FO716000002372;"71153/USZ/TR 60 1551;1;2";CB716000000083;2;1;2;G657A2;NC;2;1.2;CST;;29/08/2022 00:00;;;;
FO716000002373;"71153/USZ/TR 60 1551;1;3";CB716000000083;3;1;3;G657A2;NC;3;1.3;CST;;29/08/2022 00:00;;;;
FO716000002374;"71153/USZ/TR 60 1551;1;4";CB716000000083;4;1;4;G657A2;NC;4;1.4;CST;;29/08/2022 00:00;;;;
FO716000002375;"71153/USZ/TR 60 1551;1;5";CB716000000083;5;1;5;G657A2;NC;5;1.5;CST;;29/08/2022 00:00;;;;
FO716000002376;"71153/USZ/TR 60 1551;1;6";CB716000000083;6;1;6;G657A2;NC;6;1.6;CST;;29/08/2022 00:00;;;;
FO716000002377;"71153/USZ/TR 60 1551;2;1";CB716000000083;7;2;1;G657A2;NC;1;1.1;CST;;29/08/2022 00:00;;;;
FO716000002378;"71153/USZ/TR 60 1551;2;2";CB716000000083;8;2;2;G657A2;NC;2;1.2;CST;;29/08/2022 00:00;;;;
FO716000002379;"71153/USZ/TR 60 1551;2;3";CB716000000083;9;2;3;G657A2;NC;3;1.3;CST;;29/08/2022 00:00;;;;
FO716000002380;"71153/USZ/TR 60 1551;2;4";CB716000000083;10;2;4;G657A2;NC;4;1.4;CST;;29/08/2022 00:00;;;;
FO716000002381;"71153/USZ/TR 60 1551;2;5";CB716000000083;11;2;5;G657A2;NC;5;1.5;CST;;29/08/2022 00:00;;;;
FO716000002382;"71153/USZ/TR 60 1551;2;6";CB716000000083;12;2;6;G657A2;NC;6;1.6;CST;;29/08/2022 00:00;;;;
FO716000002383;"71153/USZ/TR 60 1551;3;1";CB716000000083;13;3;1;G657A2;NC;1;1.1;CST;;29/08/2022 00:00;;;;
FO716000002384;"71153/USZ/TR 60 1551;3;2";CB716000000083;14;3;2;G657A2;NC;2;1.2;CST;;29/08/2022 00:00;;;;
FO716000002385;"71153/USZ/TR 60 1551;3;3";CB716000000083;15;3;3;G657A2;NC;3;1.3;CST;;29/08/2022 00:00;;;;
FO716000002386;"71153/USZ/TR 60 1551;3;4";CB716000000083;16;3;4;G657A2;NC;4;1.4;CST;;29/08/2022 00:00;;;;
FO716000002387;"71153/USZ/TR 60 1551;3;5";CB716000000083;17;3;5;G657A2;NC;5;1.5;CST;;29/08/2022 00:00;;;;
FO716000002388;"71153/USZ/TR 60 1551;3;6";CB716000000083;18;3;6;G657A2;NC;6;1.6;CST;;29/08/2022 00:00;;;;
FO716000002389;"71153/USZ/TR 60 1551;4;1";CB716000000083;19;4;1;G657A2;NC;1;1.1;CST;;29/08/2022 00:00;;;;
FO716000002390;"71153/USZ/TR 60 1551;4;2";CB716000000083;20;4;2;G657A2;NC;2;1.2;CST;;29/08/2022 00:00;;;;
FO716000002391;"71153/USZ/TR 60 1551;4;3";CB716000000083;21;4;3;G657A2;NC;3;1.3;CST;;29/08/2022 00:00;;;;
FO716000002392;"71153/USZ/TR 60 1551;4;4";CB716000000083;22;4;4;G657A2;NC;4;1.4;CST;;29/08/2022 00:00;;;;
FO716000002393;"71153/USZ/TR 60 1551;4;5";CB716000000083;23;4;5;G657A2;NC;5;1.5;CST;;29/08/2022 00:00;;;;
FO716000002394;"71153/USZ/TR 60 1551;4;6";CB716000000083;24;4;6;G657A2;NC;6;1.6;CST;;29/08/2022 00:00;;;;
FO716000002395;"71153/USZ/TR 60 1552;1;1";CB716000000084;1;1;1;G657A2;NC;1;1.1;CST;;29/08/2022 00:00;;;;
FO716000002396;"71153/USZ/TR 60 1552;1;2";CB716000000084;2;1;2;G657A2;NC;2;1.2;CST;;29/08/2022 00:00;;;;
FO716000002397;"71153/USZ/TR 60 1552;1;3";CB716000000084;3;1;3;G657A2;NC;3;1.3;CST;;29/08/2022 00:00;;;;
FO716000002398;"71153/USZ/TR 60 1552;1;4";CB716000000084;4;1;4;G657A2;NC;4;1.4;CST;;29/08/2022 00:00;;;;
FO716000002399;"71153/USZ/TR 60 1552;1;5";CB716000000084;5;1;5;G657A2;NC;5;1.5;CST;;29/08/2022 00:00;;;;
FO716000002400;"71153/USZ/TR 60 1552;1;6";CB716000000084;6;1;6;G657A2;NC;6;1.6;CST;;29/08/2022 00:00;;;;
FO716000002401;"71153/USZ/TR 60 1552;2;1";CB716000000084;7;2;1;G657A2;NC;1;1.1;CST;;29/08/2022 00:00;;;;
FO716000002402;"71153/USZ/TR 60 1552;2;2";CB716000000084;8;2;2;G657A2;NC;2;1.2;CST;;29/08/2022 00:00;;;;
FO716000002403;"71153/USZ/TR 60 1552;2;3";CB716000000084;9;2;3;G657A2;NC;3;1.3;CST;;29/08/2022 00:00;;;;
FO716000002404;"71153/USZ/TR 60 1552;2;4";CB716000000084;10;2;4;G657A2;NC;4;1.4;CST;;29/08/2022 00:00;;;;
FO716000002405;"71153/USZ/TR 60 1552;2;5";CB716000000084;11;2;5;G657A2;NC;5;1.5;CST;;29/08/2022 00:00;;;;
FO716000002406;"71153/USZ/TR 60 1552;2;6";CB716000000084;12;2;6;G657A2;NC;6;1.6;CST;;29/08/2022 00:00;;;;
FO716000002407;"71153/USZ/TR 60 1552;3;1";CB716000000084;13;3;1;G657A2;NC;1;1.1;CST;;29/08/2022 00:00;;;;
FO716000002408;"71153/USZ/TR 60 1552;3;2";CB716000000084;14;3;2;G657A2;NC;2;1.2;CST;;29/08/2022 00:00;;;;
FO716000002409;"71153/USZ/TR 60 1552;3;3";CB716000000084;15;3;3;G657A2;NC;3;1.3;CST;;29/08/2022 00:00;;;;
FO716000002410;"71153/USZ/TR 60 1552;3;4";CB716000000084;16;3;4;G657A2;NC;4;1.4;CST;;29/08/2022 00:00;;;;
FO716000002411;"71153/USZ/TR 60 1552;3;5";CB716000000084;17;3;5;G657A2;NC;5;1.5;CST;;29/08/2022 00:00;;;;
FO716000002412;"71153/USZ/TR 60 1552;3;6";CB716000000084;18;3;6;G657A2;NC;6;1.6;CST;;29/08/2022 00:00;;;;
FO716000002413;"71153/USZ/TR 60 1552;4;1";CB716000000084;19;4;1;G657A2;NC;1;1.1;CST;;29/08/2022 00:00;;;;
FO716000002414;"71153/USZ/TR 60 1552;4;2";CB716000000084;20;4;2;G657A2;NC;2;1.2;CST;;29/08/2022 00:00;;;;
FO716000002415;"71153/USZ/TR 60 1552;4;3";CB716000000084;21;4;3;G657A2;NC;3;1.3;CST;;29/08/2022 00:00;;;;
FO716000002416;"71153/USZ/TR 60 1552;4;4";CB716000000084;22;4;4;G657A2;NC;4;1.4;CST;;29/08/2022 00:00;;;;
FO716000002417;"71153/USZ/TR 60 1552;4;5";CB716000000084;23;4;5;G657A2;NC;5;1.5;CST;;29/08/2022 00:00;;;;
FO716000002418;"71153/USZ/TR 60 1552;4;6";CB716000000084;24;4;6;G657A2;NC;6;1.6;CST;;29/08/2022 00:00;;;;
FO716000002419;"71153/USZ/TR 60 1553;1;1";CB716000000086;1;1;1;G657A2;NC;1;1.1;CST;;29/08/2022 00:00;;;;
FO716000002420;"71153/USZ/TR 60 1553;1;2";CB716000000086;2;1;2;G657A2;NC;2;1.2;CST;;29/08/2022 00:00;;;;
FO716000002421;"71153/USZ/TR 60 1553;1;3";CB716000000086;3;1;3;G657A2;NC;3;1.3;CST;;29/08/2022 00:00;;;;
FO716000002422;"71153/USZ/TR 60 1553;1;4";CB716000000086;4;1;4;G657A2;NC;4;1.4;CST;;29/08/2022 00:00;;;;
FO716000002423;"71153/USZ/TR 60 1553;1;5";CB716000000086;5;1;5;G657A2;NC;5;1.5;CST;;29/08/2022 00:00;;;;
FO716000002424;"71153/USZ/TR 60 1553;1;6";CB716000000086;6;1;6;G657A2;NC;6;1.6;CST;;29/08/2022 00:00;;;;
FO716000002425;"71153/USZ/TR 60 1553;2;1";CB716000000086;7;2;1;G657A2;NC;1;1.1;CST;;29/08/2022 00:00;;;;
FO716000002426;"71153/USZ/TR 60 1553;2;2";CB716000000086;8;2;2;G657A2;NC;2;1.2;CST;;29/08/2022 00:00;;;;
FO716000002427;"71153/USZ/TR 60 1553;2;3";CB716000000086;9;2;3;G657A2;NC;3;1.3;CST;;29/08/2022 00:00;;;;
FO716000002428;"71153/USZ/TR 60 1553;2;4";CB716000000086;10;2;4;G657A2;NC;4;1.4;CST;;29/08/2022 00:00;;;;
FO716000002429;"71153/USZ/TR 60 1553;2;5";CB716000000086;11;2;5;G657A2;NC;5;1.5;CST;;29/08/2022 00:00;;;;
FO716000002430;"71153/USZ/TR 60 1553;2;6";CB716000000086;12;2;6;G657A2;NC;6;1.6;CST;;29/08/2022 00:00;;;;
FO716000002431;"71153/USZ/TR 60 1554;1;1";CB716000000087;1;1;1;G657A2;NC;1;1.1;CST;;29/08/2022 00:00;;;;
FO716000002432;"71153/USZ/TR 60 1554;1;2";CB716000000087;2;1;2;G657A2;NC;2;1.2;CST;;29/08/2022 00:00;;;;
FO716000002433;"71153/USZ/TR 60 1554;1;3";CB716000000087;3;1;3;G657A2;NC;3;1.3;CST;;29/08/2022 00:00;;;;
FO716000002434;"71153/USZ/TR 60 1554;1;4";CB716000000087;4;1;4;G657A2;NC;4;1.4;CST;;29/08/2022 00:00;;;;
FO716000002435;"71153/USZ/TR 60 1554;1;5";CB716000000087;5;1;5;G657A2;NC;5;1.5;CST;;29/08/2022 00:00;;;;
FO716000002436;"71153/USZ/TR 60 1554;1;6";CB716000000087;6;1;6;G657A2;NC;6;1.6;CST;;29/08/2022 00:00;;;;
FO716000002437;"71153/USZ/TR 60 1554;2;1";CB716000000087;7;2;1;G657A2;NC;1;1.1;CST;;29/08/2022 00:00;;;;
FO716000002438;"71153/USZ/TR 60 1554;2;2";CB716000000087;8;2;2;G657A2;NC;2;1.2;CST;;29/08/2022 00:00;;;;
FO716000002439;"71153/USZ/TR 60 1554;2;3";CB716000000087;9;2;3;G657A2;NC;3;1.3;CST;;29/08/2022 00:00;;;;
FO716000002440;"71153/USZ/TR 60 1554;2;4";CB716000000087;10;2;4;G657A2;NC;4;1.4;CST;;29/08/2022 00:00;;;;
FO716000002441;"71153/USZ/TR 60 1554;2;5";CB716000000087;11;2;5;G657A2;NC;5;1.5;CST;;29/08/2022 00:00;;;;
FO716000002442;"71153/USZ/TR 60 1554;2;6";CB716000000087;12;2;6;G657A2;NC;6;1.6;CST;;29/08/2022 00:00;;;;
FO716000002443;"71153/USZ/TR 60 1555;1;1";CB716000000085;1;1;1;G657A2;NC;1;1.1;CST;;29/08/2022 00:00;;;;
FO716000002444;"71153/USZ/TR 60 1555;1;2";CB716000000085;2;1;2;G657A2;NC;2;1.2;CST;;29/08/2022 00:00;;;;
FO716000002445;"71153/USZ/TR 60 1555;1;3";CB716000000085;3;1;3;G657A2;NC;3;1.3;CST;;29/08/2022 00:00;;;;
FO716000002446;"71153/USZ/TR 60 1555;1;4";CB716000000085;4;1;4;G657A2;NC;4;1.4;CST;;29/08/2022 00:00;;;;
FO716000002447;"71153/USZ/TR 60 1555;1;5";CB716000000085;5;1;5;G657A2;NC;5;1.5;CST;;29/08/2022 00:00;;;;
FO716000002448;"71153/USZ/TR 60 1555;1;6";CB716000000085;6;1;6;G657A2;NC;6;1.6;CST;;29/08/2022 00:00;;;;
FO716000002449;"71153/USZ/TR 60 1556;1;1";CB716000000088;1;1;1;G657A2;NC;1;1.1;CST;;29/08/2022 00:00;;;;
FO716000002450;"71153/USZ/TR 60 1556;1;2";CB716000000088;2;1;2;G657A2;NC;2;1.2;CST;;29/08/2022 00:00;;;;
FO716000002451;"71153/USZ/TR 60 1556;1;3";CB716000000088;3;1;3;G657A2;NC;3;1.3;CST;;29/08/2022 00:00;;;;
FO716000002452;"71153/USZ/TR 60 1556;1;4";CB716000000088;4;1;4;G657A2;NC;4;1.4;CST;;29/08/2022 00:00;;;;
FO716000002453;"71153/USZ/TR 60 1556;1;5";CB716000000088;5;1;5;G657A2;NC;5;1.5;CST;;29/08/2022 00:00;;;;
FO716000002454;"71153/USZ/TR 60 1556;1;6";CB716000000088;6;1;6;G657A2;NC;6;1.6;CST;;29/08/2022 00:00;;;;
FO716000002455;"71153/USZ/TR 60 1557;1;1";CB716000000089;1;1;1;G657A2;NC;1;1.1;CST;;29/08/2022 00:00;;;;
FO716000002456;"71153/USZ/TR 60 1557;1;2";CB716000000089;2;1;2;G657A2;NC;2;1.2;CST;;29/08/2022 00:00;;;;
FO716000002457;"71153/USZ/TR 60 1557;1;3";CB716000000089;3;1;3;G657A2;NC;3;1.3;CST;;29/08/2022 00:00;;;;
FO716000002458;"71153/USZ/TR 60 1557;1;4";CB716000000089;4;1;4;G657A2;NC;4;1.4;CST;;29/08/2022 00:00;;;;
FO716000002459;"71153/USZ/TR 60 1557;1;5";CB716000000089;5;1;5;G657A2;NC;5;1.5;CST;;29/08/2022 00:00;;;;
FO716000002460;"71153/USZ/TR 60 1557;1;6";CB716000000089;6;1;6;G657A2;NC;6;1.6;CST;;29/08/2022 00:00;;;;
FO716000002461;"71153/USZ/TR 60 1557;2;1";CB716000000089;7;2;1;G657A2;NC;1;1.1;CST;;29/08/2022 00:00;;;;
FO716000002462;"71153/USZ/TR 60 1557;2;2";CB716000000089;8;2;2;G657A2;NC;2;1.2;CST;;29/08/2022 00:00;;;;
FO716000002463;"71153/USZ/TR 60 1557;2;3";CB716000000089;9;2;3;G657A2;NC;3;1.3;CST;;29/08/2022 00:00;;;;
FO716000002464;"71153/USZ/TR 60 1557;2;4";CB716000000089;10;2;4;G657A2;NC;4;1.4;CST;;29/08/2022 00:00;;;;
FO716000002465;"71153/USZ/TR 60 1557;2;5";CB716000000089;11;2;5;G657A2;NC;5;1.5;CST;;29/08/2022 00:00;;;;
FO716000002466;"71153/USZ/TR 60 1557;2;6";CB716000000089;12;2;6;G657A2;NC;6;1.6;CST;;29/08/2022 00:00;;;;
FO716000002467;"71153/USZ/TR 60 1557;3;1";CB716000000089;13;3;1;G657A2;NC;1;1.1;CST;;29/08/2022 00:00;;;;
FO716000002468;"71153/USZ/TR 60 1557;3;2";CB716000000089;14;3;2;G657A2;NC;2;1.2;CST;;29/08/2022 00:00;;;;
FO716000002469;"71153/USZ/TR 60 1557;3;3";CB716000000089;15;3;3;G657A2;NC;3;1.3;CST;;29/08/2022 00:00;;;;
FO716000002470;"71153/USZ/TR 60 1557;3;4";CB716000000089;16;3;4;G657A2;NC;4;1.4;CST;;29/08/2022 00:00;;;;
FO716000002471;"71153/USZ/TR 60 1557;3;5";CB716000000089;17;3;5;G657A2;NC;5;1.5;CST;;29/08/2022 00:00;;;;
FO716000002472;"71153/USZ/TR 60 1557;3;6";CB716000000089;18;3;6;G657A2;NC;6;1.6;CST;;29/08/2022 00:00;;;;
FO716000002473;"71153/USZ/TR 60 1557;4;1";CB716000000089;19;4;1;G657A2;NC;1;1.1;CST;;29/08/2022 00:00;;;;
FO716000002474;"71153/USZ/TR 60 1557;4;2";CB716000000089;20;4;2;G657A2;NC;2;1.2;CST;;29/08/2022 00:00;;;;
FO716000002475;"71153/USZ/TR 60 1557;4;3";CB716000000089;21;4;3;G657A2;NC;3;1.3;CST;;29/08/2022 00:00;;;;
FO716000002476;"71153/USZ/TR 60 1557;4;4";CB716000000089;22;4;4;G657A2;NC;4;1.4;CST;;29/08/2022 00:00;;;;
FO716000002477;"71153/USZ/TR 60 1557;4;5";CB716000000089;23;4;5;G657A2;NC;5;1.5;CST;;29/08/2022 00:00;;;;
FO716000002478;"71153/USZ/TR 60 1557;4;6";CB716000000089;24;4;6;G657A2;NC;6;1.6;CST;;29/08/2022 00:00;;;;
FO716000002479;"71153/USZ/TR 60 1558;1;1";CB716000000090;1;1;1;G657A2;NC;1;1.1;CST;;29/08/2022 00:00;;;;
FO716000002480;"71153/USZ/TR 60 1558;1;2";CB716000000090;2;1;2;G657A2;NC;2;1.2;CST;;29/08/2022 00:00;;;;
FO716000002481;"71153/USZ/TR 60 1558;1;3";CB716000000090;3;1;3;G657A2;NC;3;1.3;CST;;29/08/2022 00:00;;;;
FO716000002482;"71153/USZ/TR 60 1558;1;4";CB716000000090;4;1;4;G657A2;NC;4;1.4;CST;;29/08/2022 00:00;;;;
FO716000002483;"71153/USZ/TR 60 1558;1;5";CB716000000090;5;1;5;G657A2;NC;5;1.5;CST;;29/08/2022 00:00;;;;
FO716000002484;"71153/USZ/TR 60 1558;1;6";CB716000000090;6;1;6;G657A2;NC;6;1.6;CST;;29/08/2022 00:00;;;;
FO716000002485;"71153/USZ/TR 60 1558;2;1";CB716000000090;7;2;1;G657A2;NC;1;1.1;CST;;29/08/2022 00:00;;;;
FO716000002486;"71153/USZ/TR 60 1558;2;2";CB716000000090;8;2;2;G657A2;NC;2;1.2;CST;;29/08/2022 00:00;;;;
FO716000002487;"71153/USZ/TR 60 1558;2;3";CB716000000090;9;2;3;G657A2;NC;3;1.3;CST;;29/08/2022 00:00;;;;
FO716000002488;"71153/USZ/TR 60 1558;2;4";CB716000000090;10;2;4;G657A2;NC;4;1.4;CST;;29/08/2022 00:00;;;;
FO716000002489;"71153/USZ/TR 60 1558;2;5";CB716000000090;11;2;5;G657A2;NC;5;1.5;CST;;29/08/2022 00:00;;;;
FO716000002490;"71153/USZ/TR 60 1558;2;6";CB716000000090;12;2;6;G657A2;NC;6;1.6;CST;;29/08/2022 00:00;;;;
FO716000002491;"71153/USZ/TR 60 1558;3;1";CB716000000090;13;3;1;G657A2;NC;1;1.1;CST;;29/08/2022 00:00;;;;
FO716000002492;"71153/USZ/TR 60 1558;3;2";CB716000000090;14;3;2;G657A2;NC;2;1.2;CST;;29/08/2022 00:00;;;;
FO716000002493;"71153/USZ/TR 60 1558;3;3";CB716000000090;15;3;3;G657A2;NC;3;1.3;CST;;29/08/2022 00:00;;;;
FO716000002494;"71153/USZ/TR 60 1558;3;4";CB716000000090;16;3;4;G657A2;NC;4;1.4;CST;;29/08/2022 00:00;;;;
FO716000002495;"71153/USZ/TR 60 1558;3;5";CB716000000090;17;3;5;G657A2;NC;5;1.5;CST;;29/08/2022 00:00;;;;
FO716000002496;"71153/USZ/TR 60 1558;3;6";CB716000000090;18;3;6;G657A2;NC;6;1.6;CST;;29/08/2022 00:00;;;;
FO716000002497;"71153/USZ/TR 60 1558;4;1";CB716000000090;19;4;1;G657A2;NC;1;1.1;CST;;29/08/2022 00:00;;;;
FO716000002498;"71153/USZ/TR 60 1558;4;2";CB716000000090;20;4;2;G657A2;NC;2;1.2;CST;;29/08/2022 00:00;;;;
FO716000002499;"71153/USZ/TR 60 1558;4;3";CB716000000090;21;4;3;G657A2;NC;3;1.3;CST;;29/08/2022 00:00;;;;
FO716000002500;"71153/USZ/TR 60 1558;4;4";CB716000000090;22;4;4;G657A2;NC;4;1.4;CST;;29/08/2022 00:00;;;;
FO716000002501;"71153/USZ/TR 60 1558;4;5";CB716000000090;23;4;5;G657A2;NC;5;1.5;CST;;29/08/2022 00:00;;;;
FO716000002502;"71153/USZ/TR 60 1558;4;6";CB716000000090;24;4;6;G657A2;NC;6;1.6;CST;;29/08/2022 00:00;;;;
FO716000002503;"71153/USZ/TR 60 1559;1;1";CB716000000091;1;1;1;G657A2;NC;1;1.1;CST;;29/08/2022 00:00;;;;
FO716000002504;"71153/USZ/TR 60 1559;1;2";CB716000000091;2;1;2;G657A2;NC;2;1.2;CST;;29/08/2022 00:00;;;;
FO716000002505;"71153/USZ/TR 60 1559;1;3";CB716000000091;3;1;3;G657A2;NC;3;1.3;CST;;29/08/2022 00:00;;;;
FO716000002506;"71153/USZ/TR 60 1559;1;4";CB716000000091;4;1;4;G657A2;NC;4;1.4;CST;;29/08/2022 00:00;;;;
FO716000002507;"71153/USZ/TR 60 1559;1;5";CB716000000091;5;1;5;G657A2;NC;5;1.5;CST;;29/08/2022 00:00;;;;
FO716000002508;"71153/USZ/TR 60 1559;1;6";CB716000000091;6;1;6;G657A2;NC;6;1.6;CST;;29/08/2022 00:00;;;;
FO716000002509;"71153/USZ/TR 60 1559;2;1";CB716000000091;7;2;1;G657A2;NC;1;1.1;CST;;29/08/2022 00:00;;;;
FO716000002510;"71153/USZ/TR 60 1559;2;2";CB716000000091;8;2;2;G657A2;NC;2;1.2;CST;;29/08/2022 00:00;;;;
FO716000002511;"71153/USZ/TR 60 1559;2;3";CB716000000091;9;2;3;G657A2;NC;3;1.3;CST;;29/08/2022 00:00;;;;
FO716000002512;"71153/USZ/TR 60 1559;2;4";CB716000000091;10;2;4;G657A2;NC;4;1.4;CST;;29/08/2022 00:00;;;;
FO716000002513;"71153/USZ/TR 60 1559;2;5";CB716000000091;11;2;5;G657A2;NC;5;1.5;CST;;29/08/2022 00:00;;;;
FO716000002514;"71153/USZ/TR 60 1559;2;6";CB716000000091;12;2;6;G657A2;NC;6;1.6;CST;;29/08/2022 00:00;;;;
FO716000002515;"71153/USZ/TR 60 1559;3;1";CB716000000091;13;3;1;G657A2;NC;1;1.1;CST;;29/08/2022 00:00;;;;
FO716000002516;"71153/USZ/TR 60 1559;3;2";CB716000000091;14;3;2;G657A2;NC;2;1.2;CST;;29/08/2022 00:00;;;;
FO716000002517;"71153/USZ/TR 60 1559;3;3";CB716000000091;15;3;3;G657A2;NC;3;1.3;CST;;29/08/2022 00:00;;;;
FO716000002518;"71153/USZ/TR 60 1559;3;4";CB716000000091;16;3;4;G657A2;NC;4;1.4;CST;;29/08/2022 00:00;;;;
FO716000002519;"71153/USZ/TR 60 1559;3;5";CB716000000091;17;3;5;G657A2;NC;5;1.5;CST;;29/08/2022 00:00;;;;
FO716000002520;"71153/USZ/TR 60 1559;3;6";CB716000000091;18;3;6;G657A2;NC;6;1.6;CST;;29/08/2022 00:00;;;;
FO716000002521;"71153/USZ/TR 60 1559;4;1";CB716000000091;19;4;1;G657A2;NC;1;1.1;CST;;29/08/2022 00:00;;;;
FO716000002522;"71153/USZ/TR 60 1559;4;2";CB716000000091;20;4;2;G657A2;NC;2;1.2;CST;;29/08/2022 00:00;;;;
FO716000002523;"71153/USZ/TR 60 1559;4;3";CB716000000091;21;4;3;G657A2;NC;3;1.3;CST;;29/08/2022 00:00;;;;
FO716000002524;"71153/USZ/TR 60 1559;4;4";CB716000000091;22;4;4;G657A2;NC;4;1.4;CST;;29/08/2022 00:00;;;;
FO716000002525;"71153/USZ/TR 60 1559;4;5";CB716000000091;23;4;5;G657A2;NC;5;1.5;CST;;29/08/2022 00:00;;;;
FO716000002526;"71153/USZ/TR 60 1559;4;6";CB716000000091;24;4;6;G657A2;NC;6;1.6;CST;;29/08/2022 00:00;;;;
FO716000002527;"71153/USZ/TR 60 1560;1;1";CB716000000092;1;1;1;G657A2;NC;1;1.1;CST;;29/08/2022 00:00;;;;
FO716000002528;"71153/USZ/TR 60 1560;1;2";CB716000000092;2;1;2;G657A2;NC;2;1.2;CST;;29/08/2022 00:00;;;;
FO716000002529;"71153/USZ/TR 60 1560;1;3";CB716000000092;3;1;3;G657A2;NC;3;1.3;CST;;29/08/2022 00:00;;;;
FO716000002530;"71153/USZ/TR 60 1560;1;4";CB716000000092;4;1;4;G657A2;NC;4;1.4;CST;;29/08/2022 00:00;;;;
FO716000002531;"71153/USZ/TR 60 1560;1;5";CB716000000092;5;1;5;G657A2;NC;5;1.5;CST;;29/08/2022 00:00;;;;
FO716000002532;"71153/USZ/TR 60 1560;1;6";CB716000000092;6;1;6;G657A2;NC;6;1.6;CST;;29/08/2022 00:00;;;;
FO716000002533;"71153/USZ/TR 60 1561;1;1";CB716000000093;1;1;1;G657A2;NC;1;1.1;CST;;29/08/2022 00:00;;;;
FO716000002534;"71153/USZ/TR 60 1561;1;2";CB716000000093;2;1;2;G657A2;NC;2;1.2;CST;;29/08/2022 00:00;;;;
FO716000002535;"71153/USZ/TR 60 1561;1;3";CB716000000093;3;1;3;G657A2;NC;3;1.3;CST;;29/08/2022 00:00;;;;
FO716000002536;"71153/USZ/TR 60 1561;1;4";CB716000000093;4;1;4;G657A2;NC;4;1.4;CST;;29/08/2022 00:00;;;;
FO716000002537;"71153/USZ/TR 60 1561;1;5";CB716000000093;5;1;5;G657A2;NC;5;1.5;CST;;29/08/2022 00:00;;;;
FO716000002538;"71153/USZ/TR 60 1561;1;6";CB716000000093;6;1;6;G657A2;NC;6;1.6;CST;;29/08/2022 00:00;;;;
FO716000002539;"71153/USZ/TR 60 1562;1;1";CB716000000094;1;1;1;G657A2;NC;1;1.1;CST;;29/08/2022 00:00;;;;
FO716000002540;"71153/USZ/TR 60 1562;1;2";CB716000000094;2;1;2;G657A2;NC;2;1.2;CST;;29/08/2022 00:00;;;;
FO716000002541;"71153/USZ/TR 60 1562;1;3";CB716000000094;3;1;3;G657A2;NC;3;1.3;CST;;29/08/2022 00:00;;;;
FO716000002542;"71153/USZ/TR 60 1562;1;4";CB716000000094;4;1;4;G657A2;NC;4;1.4;CST;;29/08/2022 00:00;;;;
FO716000002543;"71153/USZ/TR 60 1562;1;5";CB716000000094;5;1;5;G657A2;NC;5;1.5;CST;;29/08/2022 00:00;;;;
FO716000002544;"71153/USZ/TR 60 1562;1;6";CB716000000094;6;1;6;G657A2;NC;6;1.6;CST;;29/08/2022 00:00;;;;
FO716000002545;"71153/USZ/TR 60 1563;1;1";CB716000000095;1;1;1;G657A2;NC;1;1.1;CST;;29/08/2022 00:00;;;;
FO716000002546;"71153/USZ/TR 60 1563;1;2";CB716000000095;2;1;2;G657A2;NC;2;1.2;CST;;29/08/2022 00:00;;;;
FO716000002547;"71153/USZ/TR 60 1563;1;3";CB716000000095;3;1;3;G657A2;NC;3;1.3;CST;;29/08/2022 00:00;;;;
FO716000002548;"71153/USZ/TR 60 1563;1;4";CB716000000095;4;1;4;G657A2;NC;4;1.4;CST;;29/08/2022 00:00;;;;
FO716000002549;"71153/USZ/TR 60 1563;1;5";CB716000000095;5;1;5;G657A2;NC;5;1.5;CST;;29/08/2022 00:00;;;;
FO716000002550;"71153/USZ/TR 60 1563;1;6";CB716000000095;6;1;6;G657A2;NC;6;1.6;CST;;29/08/2022 00:00;;;;
FO716000002551;"71153/USZ/TR 60 1564;1;1";CB716000000096;1;1;1;G657A2;NC;1;1.1;CST;;29/08/2022 00:00;;;;
FO716000002552;"71153/USZ/TR 60 1564;1;2";CB716000000096;2;1;2;G657A2;NC;2;1.2;CST;;29/08/2022 00:00;;;;
FO716000002553;"71153/USZ/TR 60 1564;1;3";CB716000000096;3;1;3;G657A2;NC;3;1.3;CST;;29/08/2022 00:00;;;;
FO716000002554;"71153/USZ/TR 60 1564;1;4";CB716000000096;4;1;4;G657A2;NC;4;1.4;CST;;29/08/2022 00:00;;;;
FO716000002555;"71153/USZ/TR 60 1564;1;5";CB716000000096;5;1;5;G657A2;NC;5;1.5;CST;;29/08/2022 00:00;;;;
FO716000002556;"71153/USZ/TR 60 1564;1;6";CB716000000096;6;1;6;G657A2;NC;6;1.6;CST;;29/08/2022 00:00;;;;
FO716000002557;"71153/USZ/TR 60 1564;2;1";CB716000000096;7;2;1;G657A2;NC;1;1.1;CST;;29/08/2022 00:00;;;;
FO716000002558;"71153/USZ/TR 60 1564;2;2";CB716000000096;8;2;2;G657A2;NC;2;1.2;CST;;29/08/2022 00:00;;;;
FO716000002559;"71153/USZ/TR 60 1564;2;3";CB716000000096;9;2;3;G657A2;NC;3;1.3;CST;;29/08/2022 00:00;;;;
FO716000002560;"71153/USZ/TR 60 1564;2;4";CB716000000096;10;2;4;G657A2;NC;4;1.4;CST;;29/08/2022 00:00;;;;
FO716000002561;"71153/USZ/TR 60 1564;2;5";CB716000000096;11;2;5;G657A2;NC;5;1.5;CST;;29/08/2022 00:00;;;;
FO716000002562;"71153/USZ/TR 60 1564;2;6";CB716000000096;12;2;6;G657A2;NC;6;1.6;CST;;29/08/2022 00:00;;;;
FO716000002563;"71153/USZ/TR 60 1564;3;1";CB716000000096;13;3;1;G657A2;NC;1;1.1;CST;;29/08/2022 00:00;;;;
FO716000002564;"71153/USZ/TR 60 1564;3;2";CB716000000096;14;3;2;G657A2;NC;2;1.2;CST;;29/08/2022 00:00;;;;
FO716000002565;"71153/USZ/TR 60 1564;3;3";CB716000000096;15;3;3;G657A2;NC;3;1.3;CST;;29/08/2022 00:00;;;;
FO716000002566;"71153/USZ/TR 60 1564;3;4";CB716000000096;16;3;4;G657A2;NC;4;1.4;CST;;29/08/2022 00:00;;;;
FO716000002567;"71153/USZ/TR 60 1564;3;5";CB716000000096;17;3;5;G657A2;NC;5;1.5;CST;;29/08/2022 00:00;;;;
FO716000002568;"71153/USZ/TR 60 1564;3;6";CB716000000096;18;3;6;G657A2;NC;6;1.6;CST;;29/08/2022 00:00;;;;
FO716000002569;"71153/USZ/TR 60 1564;4;1";CB716000000096;19;4;1;G657A2;NC;1;1.1;CST;;29/08/2022 00:00;;;;
FO716000002570;"71153/USZ/TR 60 1564;4;2";CB716000000096;20;4;2;G657A2;NC;2;1.2;CST;;29/08/2022 00:00;;;;
FO716000002571;"71153/USZ/TR 60 1564;4;3";CB716000000096;21;4;3;G657A2;NC;3;1.3;CST;;29/08/2022 00:00;;;;
FO716000002572;"71153/USZ/TR 60 1564;4;4";CB716000000096;22;4;4;G657A2;NC;4;1.4;CST;;29/08/2022 00:00;;;;
FO716000002573;"71153/USZ/TR 60 1564;4;5";CB716000000096;23;4;5;G657A2;NC;5;1.5;CST;;29/08/2022 00:00;;;;
FO716000002574;"71153/USZ/TR 60 1564;4;6";CB716000000096;24;4;6;G657A2;NC;6;1.6;CST;;29/08/2022 00:00;;;;
FO716000002575;"71153/USZ/TR 60 1564;5;1";CB716000000096;25;5;1;G657A2;NC;1;1.1;CST;;29/08/2022 00:00;;;;
FO716000002576;"71153/USZ/TR 60 1564;5;2";CB716000000096;26;5;2;G657A2;NC;2;1.2;CST;;29/08/2022 00:00;;;;
FO716000002577;"71153/USZ/TR 60 1564;5;3";CB716000000096;27;5;3;G657A2;NC;3;1.3;CST;;29/08/2022 00:00;;;;
FO716000002578;"71153/USZ/TR 60 1564;5;4";CB716000000096;28;5;4;G657A2;NC;4;1.4;CST;;29/08/2022 00:00;;;;
FO716000002579;"71153/USZ/TR 60 1564;5;5";CB716000000096;29;5;5;G657A2;NC;5;1.5;CST;;29/08/2022 00:00;;;;
FO716000002580;"71153/USZ/TR 60 1564;5;6";CB716000000096;30;5;6;G657A2;NC;6;1.6;CST;;29/08/2022 00:00;;;;
FO716000002581;"71153/USZ/TR 60 1564;6;1";CB716000000096;31;6;1;G657A2;NC;1;1.1;CST;;29/08/2022 00:00;;;;
FO716000002582;"71153/USZ/TR 60 1564;6;2";CB716000000096;32;6;2;G657A2;NC;2;1.2;CST;;29/08/2022 00:00;;;;
FO716000002583;"71153/USZ/TR 60 1564;6;3";CB716000000096;33;6;3;G657A2;NC;3;1.3;CST;;29/08/2022 00:00;;;;
FO716000002584;"71153/USZ/TR 60 1564;6;4";CB716000000096;34;6;4;G657A2;NC;4;1.4;CST;;29/08/2022 00:00;;;;
FO716000002585;"71153/USZ/TR 60 1564;6;5";CB716000000096;35;6;5;G657A2;NC;5;1.5;CST;;29/08/2022 00:00;;;;
FO716000002586;"71153/USZ/TR 60 1564;6;6";CB716000000096;36;6;6;G657A2;NC;6;1.6;CST;;29/08/2022 00:00;;;;
FO716000002587;"71153/USZ/TR 60 1565;1;1";CB716000000097;1;1;1;G657A2;NC;1;1.1;CST;;29/08/2022 00:00;;;;
FO716000002588;"71153/USZ/TR 60 1565;1;2";CB716000000097;2;1;2;G657A2;NC;2;1.2;CST;;29/08/2022 00:00;;;;
FO716000002589;"71153/USZ/TR 60 1565;1;3";CB716000000097;3;1;3;G657A2;NC;3;1.3;CST;;29/08/2022 00:00;;;;
FO716000002590;"71153/USZ/TR 60 1565;1;4";CB716000000097;4;1;4;G657A2;NC;4;1.4;CST;;29/08/2022 00:00;;;;
FO716000002591;"71153/USZ/TR 60 1565;1;5";CB716000000097;5;1;5;G657A2;NC;5;1.5;CST;;29/08/2022 00:00;;;;
FO716000002592;"71153/USZ/TR 60 1565;1;6";CB716000000097;6;1;6;G657A2;NC;6;1.6;CST;;29/08/2022 00:00;;;;
FO716000002593;"71153/USZ/TR 60 1565;2;1";CB716000000097;7;2;1;G657A2;NC;1;1.1;CST;;29/08/2022 00:00;;;;
FO716000002594;"71153/USZ/TR 60 1565;2;2";CB716000000097;8;2;2;G657A2;NC;2;1.2;CST;;29/08/2022 00:00;;;;
FO716000002595;"71153/USZ/TR 60 1565;2;3";CB716000000097;9;2;3;G657A2;NC;3;1.3;CST;;29/08/2022 00:00;;;;
FO716000002596;"71153/USZ/TR 60 1565;2;4";CB716000000097;10;2;4;G657A2;NC;4;1.4;CST;;29/08/2022 00:00;;;;
FO716000002597;"71153/USZ/TR 60 1565;2;5";CB716000000097;11;2;5;G657A2;NC;5;1.5;CST;;29/08/2022 00:00;;;;
FO716000002598;"71153/USZ/TR 60 1565;2;6";CB716000000097;12;2;6;G657A2;NC;6;1.6;CST;;29/08/2022 00:00;;;;
FO716000002599;"71153/USZ/TR 60 1565;3;1";CB716000000097;13;3;1;G657A2;NC;1;1.1;CST;;29/08/2022 00:00;;;;
FO716000002600;"71153/USZ/TR 60 1565;3;2";CB716000000097;14;3;2;G657A2;NC;2;1.2;CST;;29/08/2022 00:00;;;;
FO716000002601;"71153/USZ/TR 60 1565;3;3";CB716000000097;15;3;3;G657A2;NC;3;1.3;CST;;29/08/2022 00:00;;;;
FO716000002602;"71153/USZ/TR 60 1565;3;4";CB716000000097;16;3;4;G657A2;NC;4;1.4;CST;;29/08/2022 00:00;;;;
FO716000002603;"71153/USZ/TR 60 1565;3;5";CB716000000097;17;3;5;G657A2;NC;5;1.5;CST;;29/08/2022 00:00;;;;
FO716000002604;"71153/USZ/TR 60 1565;3;6";CB716000000097;18;3;6;G657A2;NC;6;1.6;CST;;29/08/2022 00:00;;;;
FO716000002605;"71153/USZ/TR 60 1565;4;1";CB716000000097;19;4;1;G657A2;NC;1;1.1;CST;;29/08/2022 00:00;;;;
FO716000002606;"71153/USZ/TR 60 1565;4;2";CB716000000097;20;4;2;G657A2;NC;2;1.2;CST;;29/08/2022 00:00;;;;
FO716000002607;"71153/USZ/TR 60 1565;4;3";CB716000000097;21;4;3;G657A2;NC;3;1.3;CST;;29/08/2022 00:00;;;;
FO716000002608;"71153/USZ/TR 60 1565;4;4";CB716000000097;22;4;4;G657A2;NC;4;1.4;CST;;29/08/2022 00:00;;;;
FO716000002609;"71153/USZ/TR 60 1565;4;5";CB716000000097;23;4;5;G657A2;NC;5;1.5;CST;;29/08/2022 00:00;;;;
FO716000002610;"71153/USZ/TR 60 1565;4;6";CB716000000097;24;4;6;G657A2;NC;6;1.6;CST;;29/08/2022 00:00;;;;
FO716000002611;"71153/USZ/TR 60 1565;5;1";CB716000000097;25;5;1;G657A2;NC;1;1.1;CST;;29/08/2022 00:00;;;;
FO716000002612;"71153/USZ/TR 60 1565;5;2";CB716000000097;26;5;2;G657A2;NC;2;1.2;CST;;29/08/2022 00:00;;;;
FO716000002613;"71153/USZ/TR 60 1565;5;3";CB716000000097;27;5;3;G657A2;NC;3;1.3;CST;;29/08/2022 00:00;;;;
FO716000002614;"71153/USZ/TR 60 1565;5;4";CB716000000097;28;5;4;G657A2;NC;4;1.4;CST;;29/08/2022 00:00;;;;
FO716000002615;"71153/USZ/TR 60 1565;5;5";CB716000000097;29;5;5;G657A2;NC;5;1.5;CST;;29/08/2022 00:00;;;;
FO716000002616;"71153/USZ/TR 60 1565;5;6";CB716000000097;30;5;6;G657A2;NC;6;1.6;CST;;29/08/2022 00:00;;;;
FO716000002617;"71153/USZ/TR 60 1565;6;1";CB716000000097;31;6;1;G657A2;NC;1;1.1;CST;;29/08/2022 00:00;;;;
FO716000002618;"71153/USZ/TR 60 1565;6;2";CB716000000097;32;6;2;G657A2;NC;2;1.2;CST;;29/08/2022 00:00;;;;
FO716000002619;"71153/USZ/TR 60 1565;6;3";CB716000000097;33;6;3;G657A2;NC;3;1.3;CST;;29/08/2022 00:00;;;;
FO716000002620;"71153/USZ/TR 60 1565;6;4";CB716000000097;34;6;4;G657A2;NC;4;1.4;CST;;29/08/2022 00:00;;;;
FO716000002621;"71153/USZ/TR 60 1565;6;5";CB716000000097;35;6;5;G657A2;NC;5;1.5;CST;;29/08/2022 00:00;;;;
FO716000002622;"71153/USZ/TR 60 1565;6;6";CB716000000097;36;6;6;G657A2;NC;6;1.6;CST;;29/08/2022 00:00;;;;
FO716000002623;"71153/USZ/TR 60 1566;1;1";CB716000000098;1;1;1;G657A2;NC;1;1.1;CST;;29/08/2022 00:00;;;;
FO716000002624;"71153/USZ/TR 60 1566;1;2";CB716000000098;2;1;2;G657A2;NC;2;1.2;CST;;29/08/2022 00:00;;;;
FO716000002625;"71153/USZ/TR 60 1566;1;3";CB716000000098;3;1;3;G657A2;NC;3;1.3;CST;;29/08/2022 00:00;;;;
FO716000002626;"71153/USZ/TR 60 1566;1;4";CB716000000098;4;1;4;G657A2;NC;4;1.4;CST;;29/08/2022 00:00;;;;
FO716000002627;"71153/USZ/TR 60 1566;1;5";CB716000000098;5;1;5;G657A2;NC;5;1.5;CST;;29/08/2022 00:00;;;;
FO716000002628;"71153/USZ/TR 60 1566;1;6";CB716000000098;6;1;6;G657A2;NC;6;1.6;CST;;29/08/2022 00:00;;;;
FO716000002629;"71153/USZ/TR 60 1566;2;1";CB716000000098;7;2;1;G657A2;NC;1;1.1;CST;;29/08/2022 00:00;;;;
FO716000002630;"71153/USZ/TR 60 1566;2;2";CB716000000098;8;2;2;G657A2;NC;2;1.2;CST;;29/08/2022 00:00;;;;
FO716000002631;"71153/USZ/TR 60 1566;2;3";CB716000000098;9;2;3;G657A2;NC;3;1.3;CST;;29/08/2022 00:00;;;;
FO716000002632;"71153/USZ/TR 60 1566;2;4";CB716000000098;10;2;4;G657A2;NC;4;1.4;CST;;29/08/2022 00:00;;;;
FO716000002633;"71153/USZ/TR 60 1566;2;5";CB716000000098;11;2;5;G657A2;NC;5;1.5;CST;;29/08/2022 00:00;;;;
FO716000002634;"71153/USZ/TR 60 1566;2;6";CB716000000098;12;2;6;G657A2;NC;6;1.6;CST;;29/08/2022 00:00;;;;
FO716000002635;"71153/USZ/TR 60 1566;3;1";CB716000000098;13;3;1;G657A2;NC;1;1.1;CST;;29/08/2022 00:00;;;;
FO716000002636;"71153/USZ/TR 60 1566;3;2";CB716000000098;14;3;2;G657A2;NC;2;1.2;CST;;29/08/2022 00:00;;;;
FO716000002637;"71153/USZ/TR 60 1566;3;3";CB716000000098;15;3;3;G657A2;NC;3;1.3;CST;;29/08/2022 00:00;;;;
FO716000002638;"71153/USZ/TR 60 1566;3;4";CB716000000098;16;3;4;G657A2;NC;4;1.4;CST;;29/08/2022 00:00;;;;
FO716000002639;"71153/USZ/TR 60 1566;3;5";CB716000000098;17;3;5;G657A2;NC;5;1.5;CST;;29/08/2022 00:00;;;;
FO716000002640;"71153/USZ/TR 60 1566;3;6";CB716000000098;18;3;6;G657A2;NC;6;1.6;CST;;29/08/2022 00:00;;;;
FO716000002641;"71153/USZ/TR 60 1566;4;1";CB716000000098;19;4;1;G657A2;NC;1;1.1;CST;;29/08/2022 00:00;;;;
FO716000002642;"71153/USZ/TR 60 1566;4;2";CB716000000098;20;4;2;G657A2;NC;2;1.2;CST;;29/08/2022 00:00;;;;
FO716000002643;"71153/USZ/TR 60 1566;4;3";CB716000000098;21;4;3;G657A2;NC;3;1.3;CST;;29/08/2022 00:00;;;;
FO716000002644;"71153/USZ/TR 60 1566;4;4";CB716000000098;22;4;4;G657A2;NC;4;1.4;CST;;29/08/2022 00:00;;;;
FO716000002645;"71153/USZ/TR 60 1566;4;5";CB716000000098;23;4;5;G657A2;NC;5;1.5;CST;;29/08/2022 00:00;;;;
FO716000002646;"71153/USZ/TR 60 1566;4;6";CB716000000098;24;4;6;G657A2;NC;6;1.6;CST;;29/08/2022 00:00;;;;
FO716000002647;"71153/USZ/TR 60 1566;5;1";CB716000000098;25;5;1;G657A2;NC;1;1.1;CST;;29/08/2022 00:00;;;;
FO716000002648;"71153/USZ/TR 60 1566;5;2";CB716000000098;26;5;2;G657A2;NC;2;1.2;CST;;29/08/2022 00:00;;;;
FO716000002649;"71153/USZ/TR 60 1566;5;3";CB716000000098;27;5;3;G657A2;NC;3;1.3;CST;;29/08/2022 00:00;;;;
FO716000002650;"71153/USZ/TR 60 1566;5;4";CB716000000098;28;5;4;G657A2;NC;4;1.4;CST;;29/08/2022 00:00;;;;
FO716000002651;"71153/USZ/TR 60 1566;5;5";CB716000000098;29;5;5;G657A2;NC;5;1.5;CST;;29/08/2022 00:00;;;;
FO716000002652;"71153/USZ/TR 60 1566;5;6";CB716000000098;30;5;6;G657A2;NC;6;1.6;CST;;29/08/2022 00:00;;;;
FO716000002653;"71153/USZ/TR 60 1566;6;1";CB716000000098;31;6;1;G657A2;NC;1;1.1;CST;;29/08/2022 00:00;;;;
FO716000002654;"71153/USZ/TR 60 1566;6;2";CB716000000098;32;6;2;G657A2;NC;2;1.2;CST;;29/08/2022 00:00;;;;
FO716000002655;"71153/USZ/TR 60 1566;6;3";CB716000000098;33;6;3;G657A2;NC;3;1.3;CST;;29/08/2022 00:00;;;;
FO716000002656;"71153/USZ/TR 60 1566;6;4";CB716000000098;34;6;4;G657A2;NC;4;1.4;CST;;29/08/2022 00:00;;;;
FO716000002657;"71153/USZ/TR 60 1566;6;5";CB716000000098;35;6;5;G657A2;NC;5;1.5;CST;;29/08/2022 00:00;;;;
FO716000002658;"71153/USZ/TR 60 1566;6;6";CB716000000098;36;6;6;G657A2;NC;6;1.6;CST;;29/08/2022 00:00;;;;
FO716000002659;"71153/USZ/TR 60 1567;1;1";CB716000000099;1;1;1;G657A2;NC;1;1.1;CST;;29/08/2022 00:00;;;;
FO716000002660;"71153/USZ/TR 60 1567;1;2";CB716000000099;2;1;2;G657A2;NC;2;1.2;CST;;29/08/2022 00:00;;;;
FO716000002661;"71153/USZ/TR 60 1567;1;3";CB716000000099;3;1;3;G657A2;NC;3;1.3;CST;;29/08/2022 00:00;;;;
FO716000002662;"71153/USZ/TR 60 1567;1;4";CB716000000099;4;1;4;G657A2;NC;4;1.4;CST;;29/08/2022 00:00;;;;
FO716000002663;"71153/USZ/TR 60 1567;1;5";CB716000000099;5;1;5;G657A2;NC;5;1.5;CST;;29/08/2022 00:00;;;;
FO716000002664;"71153/USZ/TR 60 1567;1;6";CB716000000099;6;1;6;G657A2;NC;6;1.6;CST;;29/08/2022 00:00;;;;
FO716000002665;"71153/USZ/TR 60 1567;2;1";CB716000000099;7;2;1;G657A2;NC;1;1.1;CST;;29/08/2022 00:00;;;;
FO716000002666;"71153/USZ/TR 60 1567;2;2";CB716000000099;8;2;2;G657A2;NC;2;1.2;CST;;29/08/2022 00:00;;;;
FO716000002667;"71153/USZ/TR 60 1567;2;3";CB716000000099;9;2;3;G657A2;NC;3;1.3;CST;;29/08/2022 00:00;;;;
FO716000002668;"71153/USZ/TR 60 1567;2;4";CB716000000099;10;2;4;G657A2;NC;4;1.4;CST;;29/08/2022 00:00;;;;
FO716000002669;"71153/USZ/TR 60 1567;2;5";CB716000000099;11;2;5;G657A2;NC;5;1.5;CST;;29/08/2022 00:00;;;;
FO716000002670;"71153/USZ/TR 60 1567;2;6";CB716000000099;12;2;6;G657A2;NC;6;1.6;CST;;29/08/2022 00:00;;;;
FO716000002671;"71153/USZ/TR 60 1567;3;1";CB716000000099;13;3;1;G657A2;NC;1;1.1;CST;;29/08/2022 00:00;;;;
FO716000002672;"71153/USZ/TR 60 1567;3;2";CB716000000099;14;3;2;G657A2;NC;2;1.2;CST;;29/08/2022 00:00;;;;
FO716000002673;"71153/USZ/TR 60 1567;3;3";CB716000000099;15;3;3;G657A2;NC;3;1.3;CST;;29/08/2022 00:00;;;;
FO716000002674;"71153/USZ/TR 60 1567;3;4";CB716000000099;16;3;4;G657A2;NC;4;1.4;CST;;29/08/2022 00:00;;;;
FO716000002675;"71153/USZ/TR 60 1567;3;5";CB716000000099;17;3;5;G657A2;NC;5;1.5;CST;;29/08/2022 00:00;;;;
FO716000002676;"71153/USZ/TR 60 1567;3;6";CB716000000099;18;3;6;G657A2;NC;6;1.6;CST;;29/08/2022 00:00;;;;
FO716000002677;"71153/USZ/TR 60 1567;4;1";CB716000000099;19;4;1;G657A2;NC;1;1.1;CST;;29/08/2022 00:00;;;;
FO716000002678;"71153/USZ/TR 60 1567;4;2";CB716000000099;20;4;2;G657A2;NC;2;1.2;CST;;29/08/2022 00:00;;;;
FO716000002679;"71153/USZ/TR 60 1567;4;3";CB716000000099;21;4;3;G657A2;NC;3;1.3;CST;;29/08/2022 00:00;;;;
FO716000002680;"71153/USZ/TR 60 1567;4;4";CB716000000099;22;4;4;G657A2;NC;4;1.4;CST;;29/08/2022 00:00;;;;
FO716000002681;"71153/USZ/TR 60 1567;4;5";CB716000000099;23;4;5;G657A2;NC;5;1.5;CST;;29/08/2022 00:00;;;;
FO716000002682;"71153/USZ/TR 60 1567;4;6";CB716000000099;24;4;6;G657A2;NC;6;1.6;CST;;29/08/2022 00:00;;;;
FO716000002683;"71153/USZ/TR 60 1567;5;1";CB716000000099;25;5;1;G657A2;NC;1;1.1;CST;;29/08/2022 00:00;;;;
FO716000002684;"71153/USZ/TR 60 1567;5;2";CB716000000099;26;5;2;G657A2;NC;2;1.2;CST;;29/08/2022 00:00;;;;
FO716000002685;"71153/USZ/TR 60 1567;5;3";CB716000000099;27;5;3;G657A2;NC;3;1.3;CST;;29/08/2022 00:00;;;;
FO716000002686;"71153/USZ/TR 60 1567;5;4";CB716000000099;28;5;4;G657A2;NC;4;1.4;CST;;29/08/2022 00:00;;;;
FO716000002687;"71153/USZ/TR 60 1567;5;5";CB716000000099;29;5;5;G657A2;NC;5;1.5;CST;;29/08/2022 00:00;;;;
FO716000002688;"71153/USZ/TR 60 1567;5;6";CB716000000099;30;5;6;G657A2;NC;6;1.6;CST;;29/08/2022 00:00;;;;
FO716000002689;"71153/USZ/TR 60 1567;6;1";CB716000000099;31;6;1;G657A2;NC;1;1.1;CST;;29/08/2022 00:00;;;;
FO716000002690;"71153/USZ/TR 60 1567;6;2";CB716000000099;32;6;2;G657A2;NC;2;1.2;CST;;29/08/2022 00:00;;;;
FO716000002691;"71153/USZ/TR 60 1567;6;3";CB716000000099;33;6;3;G657A2;NC;3;1.3;CST;;29/08/2022 00:00;;;;
FO716000002692;"71153/USZ/TR 60 1567;6;4";CB716000000099;34;6;4;G657A2;NC;4;1.4;CST;;29/08/2022 00:00;;;;
FO716000002693;"71153/USZ/TR 60 1567;6;5";CB716000000099;35;6;5;G657A2;NC;5;1.5;CST;;29/08/2022 00:00;;;;
FO716000002694;"71153/USZ/TR 60 1567;6;6";CB716000000099;36;6;6;G657A2;NC;6;1.6;CST;;29/08/2022 00:00;;;;
FO716000002695;"71153/USZ/TR 60 1568;1;1";CB716000000100;1;1;1;G657A2;NC;1;1.1;CST;;29/08/2022 00:00;;;;
FO716000002696;"71153/USZ/TR 60 1568;1;2";CB716000000100;2;1;2;G657A2;NC;2;1.2;CST;;29/08/2022 00:00;;;;
FO716000002697;"71153/USZ/TR 60 1568;1;3";CB716000000100;3;1;3;G657A2;NC;3;1.3;CST;;29/08/2022 00:00;;;;
FO716000002698;"71153/USZ/TR 60 1568;1;4";CB716000000100;4;1;4;G657A2;NC;4;1.4;CST;;29/08/2022 00:00;;;;
FO716000002699;"71153/USZ/TR 60 1568;1;5";CB716000000100;5;1;5;G657A2;NC;5;1.5;CST;;29/08/2022 00:00;;;;
FO716000002700;"71153/USZ/TR 60 1568;1;6";CB716000000100;6;1;6;G657A2;NC;6;1.6;CST;;29/08/2022 00:00;;;;
FO716000002701;"71153/USZ/TR 60 1568;2;1";CB716000000100;7;2;1;G657A2;NC;1;1.1;CST;;29/08/2022 00:00;;;;
FO716000002702;"71153/USZ/TR 60 1568;2;2";CB716000000100;8;2;2;G657A2;NC;2;1.2;CST;;29/08/2022 00:00;;;;
FO716000002703;"71153/USZ/TR 60 1568;2;3";CB716000000100;9;2;3;G657A2;NC;3;1.3;CST;;29/08/2022 00:00;;;;
FO716000002704;"71153/USZ/TR 60 1568;2;4";CB716000000100;10;2;4;G657A2;NC;4;1.4;CST;;29/08/2022 00:00;;;;
FO716000002705;"71153/USZ/TR 60 1568;2;5";CB716000000100;11;2;5;G657A2;NC;5;1.5;CST;;29/08/2022 00:00;;;;
FO716000002706;"71153/USZ/TR 60 1568;2;6";CB716000000100;12;2;6;G657A2;NC;6;1.6;CST;;29/08/2022 00:00;;;;
FO716000002707;"71153/USZ/TR 60 1568;3;1";CB716000000100;13;3;1;G657A2;NC;1;1.1;CST;;29/08/2022 00:00;;;;
FO716000002708;"71153/USZ/TR 60 1568;3;2";CB716000000100;14;3;2;G657A2;NC;2;1.2;CST;;29/08/2022 00:00;;;;
FO716000002709;"71153/USZ/TR 60 1568;3;3";CB716000000100;15;3;3;G657A2;NC;3;1.3;CST;;29/08/2022 00:00;;;;
FO716000002710;"71153/USZ/TR 60 1568;3;4";CB716000000100;16;3;4;G657A2;NC;4;1.4;CST;;29/08/2022 00:00;;;;
FO716000002711;"71153/USZ/TR 60 1568;3;5";CB716000000100;17;3;5;G657A2;NC;5;1.5;CST;;29/08/2022 00:00;;;;
FO716000002712;"71153/USZ/TR 60 1568;3;6";CB716000000100;18;3;6;G657A2;NC;6;1.6;CST;;29/08/2022 00:00;;;;
FO716000002713;"71153/USZ/TR 60 1568;4;1";CB716000000100;19;4;1;G657A2;NC;1;1.1;CST;;29/08/2022 00:00;;;;
FO716000002714;"71153/USZ/TR 60 1568;4;2";CB716000000100;20;4;2;G657A2;NC;2;1.2;CST;;29/08/2022 00:00;;;;
FO716000002715;"71153/USZ/TR 60 1568;4;3";CB716000000100;21;4;3;G657A2;NC;3;1.3;CST;;29/08/2022 00:00;;;;
FO716000002716;"71153/USZ/TR 60 1568;4;4";CB716000000100;22;4;4;G657A2;NC;4;1.4;CST;;29/08/2022 00:00;;;;
FO716000002717;"71153/USZ/TR 60 1568;4;5";CB716000000100;23;4;5;G657A2;NC;5;1.5;CST;;29/08/2022 00:00;;;;
FO716000002718;"71153/USZ/TR 60 1568;4;6";CB716000000100;24;4;6;G657A2;NC;6;1.6;CST;;29/08/2022 00:00;;;;
FO716000002719;"71153/USZ/TR 60 1568;5;1";CB716000000100;25;5;1;G657A2;NC;1;1.1;CST;;29/08/2022 00:00;;;;
FO716000002720;"71153/USZ/TR 60 1568;5;2";CB716000000100;26;5;2;G657A2;NC;2;1.2;CST;;29/08/2022 00:00;;;;
FO716000002721;"71153/USZ/TR 60 1568;5;3";CB716000000100;27;5;3;G657A2;NC;3;1.3;CST;;29/08/2022 00:00;;;;
FO716000002722;"71153/USZ/TR 60 1568;5;4";CB716000000100;28;5;4;G657A2;NC;4;1.4;CST;;29/08/2022 00:00;;;;
FO716000002723;"71153/USZ/TR 60 1568;5;5";CB716000000100;29;5;5;G657A2;NC;5;1.5;CST;;29/08/2022 00:00;;;;
FO716000002724;"71153/USZ/TR 60 1568;5;6";CB716000000100;30;5;6;G657A2;NC;6;1.6;CST;;29/08/2022 00:00;;;;
FO716000002725;"71153/USZ/TR 60 1568;6;1";CB716000000100;31;6;1;G657A2;NC;1;1.1;CST;;29/08/2022 00:00;;;;
FO716000002726;"71153/USZ/TR 60 1568;6;2";CB716000000100;32;6;2;G657A2;NC;2;1.2;CST;;29/08/2022 00:00;;;;
FO716000002727;"71153/USZ/TR 60 1568;6;3";CB716000000100;33;6;3;G657A2;NC;3;1.3;CST;;29/08/2022 00:00;;;;
FO716000002728;"71153/USZ/TR 60 1568;6;4";CB716000000100;34;6;4;G657A2;NC;4;1.4;CST;;29/08/2022 00:00;;;;
FO716000002729;"71153/USZ/TR 60 1568;6;5";CB716000000100;35;6;5;G657A2;NC;5;1.5;CST;;29/08/2022 00:00;;;;
FO716000002730;"71153/USZ/TR 60 1568;6;6";CB716000000100;36;6;6;G657A2;NC;6;1.6;CST;;29/08/2022 00:00;;;;
FO716000002731;"71153/USZ/TR 60 1569;1;1";CB716000000101;1;1;1;G657A2;NC;1;1.1;CST;;29/08/2022 00:00;;;;
FO716000002732;"71153/USZ/TR 60 1569;1;2";CB716000000101;2;1;2;G657A2;NC;2;1.2;CST;;29/08/2022 00:00;;;;
FO716000002733;"71153/USZ/TR 60 1569;1;3";CB716000000101;3;1;3;G657A2;NC;3;1.3;CST;;29/08/2022 00:00;;;;
FO716000002734;"71153/USZ/TR 60 1569;1;4";CB716000000101;4;1;4;G657A2;NC;4;1.4;CST;;29/08/2022 00:00;;;;
FO716000002735;"71153/USZ/TR 60 1569;1;5";CB716000000101;5;1;5;G657A2;NC;5;1.5;CST;;29/08/2022 00:00;;;;
FO716000002736;"71153/USZ/TR 60 1569;1;6";CB716000000101;6;1;6;G657A2;NC;6;1.6;CST;;29/08/2022 00:00;;;;
FO716000002737;"71153/USZ/TR 60 1569;2;1";CB716000000101;7;2;1;G657A2;NC;1;1.1;CST;;29/08/2022 00:00;;;;
FO716000002738;"71153/USZ/TR 60 1569;2;2";CB716000000101;8;2;2;G657A2;NC;2;1.2;CST;;29/08/2022 00:00;;;;
FO716000002739;"71153/USZ/TR 60 1569;2;3";CB716000000101;9;2;3;G657A2;NC;3;1.3;CST;;29/08/2022 00:00;;;;
FO716000002740;"71153/USZ/TR 60 1569;2;4";CB716000000101;10;2;4;G657A2;NC;4;1.4;CST;;29/08/2022 00:00;;;;
FO716000002741;"71153/USZ/TR 60 1569;2;5";CB716000000101;11;2;5;G657A2;NC;5;1.5;CST;;29/08/2022 00:00;;;;
FO716000002742;"71153/USZ/TR 60 1569;2;6";CB716000000101;12;2;6;G657A2;NC;6;1.6;CST;;29/08/2022 00:00;;;;
FO716000002743;"71153/USZ/TR 60 1569;3;1";CB716000000101;13;3;1;G657A2;NC;1;1.1;CST;;29/08/2022 00:00;;;;
FO716000002744;"71153/USZ/TR 60 1569;3;2";CB716000000101;14;3;2;G657A2;NC;2;1.2;CST;;29/08/2022 00:00;;;;
FO716000002745;"71153/USZ/TR 60 1569;3;3";CB716000000101;15;3;3;G657A2;NC;3;1.3;CST;;29/08/2022 00:00;;;;
FO716000002746;"71153/USZ/TR 60 1569;3;4";CB716000000101;16;3;4;G657A2;NC;4;1.4;CST;;29/08/2022 00:00;;;;
FO716000002747;"71153/USZ/TR 60 1569;3;5";CB716000000101;17;3;5;G657A2;NC;5;1.5;CST;;29/08/2022 00:00;;;;
FO716000002748;"71153/USZ/TR 60 1569;3;6";CB716000000101;18;3;6;G657A2;NC;6;1.6;CST;;29/08/2022 00:00;;;;
FO716000002749;"71153/USZ/TR 60 1569;4;1";CB716000000101;19;4;1;G657A2;NC;1;1.1;CST;;29/08/2022 00:00;;;;
FO716000002750;"71153/USZ/TR 60 1569;4;2";CB716000000101;20;4;2;G657A2;NC;2;1.2;CST;;29/08/2022 00:00;;;;
FO716000002751;"71153/USZ/TR 60 1569;4;3";CB716000000101;21;4;3;G657A2;NC;3;1.3;CST;;29/08/2022 00:00;;;;
FO716000002752;"71153/USZ/TR 60 1569;4;4";CB716000000101;22;4;4;G657A2;NC;4;1.4;CST;;29/08/2022 00:00;;;;
FO716000002753;"71153/USZ/TR 60 1569;4;5";CB716000000101;23;4;5;G657A2;NC;5;1.5;CST;;29/08/2022 00:00;;;;
FO716000002754;"71153/USZ/TR 60 1569;4;6";CB716000000101;24;4;6;G657A2;NC;6;1.6;CST;;29/08/2022 00:00;;;;
FO716000002755;"71153/USZ/TR 60 1569;5;1";CB716000000101;25;5;1;G657A2;NC;1;1.1;CST;;29/08/2022 00:00;;;;
FO716000002756;"71153/USZ/TR 60 1569;5;2";CB716000000101;26;5;2;G657A2;NC;2;1.2;CST;;29/08/2022 00:00;;;;
FO716000002757;"71153/USZ/TR 60 1569;5;3";CB716000000101;27;5;3;G657A2;NC;3;1.3;CST;;29/08/2022 00:00;;;;
FO716000002758;"71153/USZ/TR 60 1569;5;4";CB716000000101;28;5;4;G657A2;NC;4;1.4;CST;;29/08/2022 00:00;;;;
FO716000002759;"71153/USZ/TR 60 1569;5;5";CB716000000101;29;5;5;G657A2;NC;5;1.5;CST;;29/08/2022 00:00;;;;
FO716000002760;"71153/USZ/TR 60 1569;5;6";CB716000000101;30;5;6;G657A2;NC;6;1.6;CST;;29/08/2022 00:00;;;;
FO716000002761;"71153/USZ/TR 60 1569;6;1";CB716000000101;31;6;1;G657A2;NC;1;1.1;CST;;29/08/2022 00:00;;;;
FO716000002762;"71153/USZ/TR 60 1569;6;2";CB716000000101;32;6;2;G657A2;NC;2;1.2;CST;;29/08/2022 00:00;;;;
FO716000002763;"71153/USZ/TR 60 1569;6;3";CB716000000101;33;6;3;G657A2;NC;3;1.3;CST;;29/08/2022 00:00;;;;
FO716000002764;"71153/USZ/TR 60 1569;6;4";CB716000000101;34;6;4;G657A2;NC;4;1.4;CST;;29/08/2022 00:00;;;;
FO716000002765;"71153/USZ/TR 60 1569;6;5";CB716000000101;35;6;5;G657A2;NC;5;1.5;CST;;29/08/2022 00:00;;;;
FO716000002766;"71153/USZ/TR 60 1569;6;6";CB716000000101;36;6;6;G657A2;NC;6;1.6;CST;;29/08/2022 00:00;;;;
FO716000002767;"71153/USZ/TR 60 1570;1;1";CB716000000102;1;1;1;G657A2;NC;1;1.1;CST;;29/08/2022 00:00;;;;
FO716000002768;"71153/USZ/TR 60 1570;1;2";CB716000000102;2;1;2;G657A2;NC;2;1.2;CST;;29/08/2022 00:00;;;;
FO716000002769;"71153/USZ/TR 60 1570;1;3";CB716000000102;3;1;3;G657A2;NC;3;1.3;CST;;29/08/2022 00:00;;;;
FO716000002770;"71153/USZ/TR 60 1570;1;4";CB716000000102;4;1;4;G657A2;NC;4;1.4;CST;;29/08/2022 00:00;;;;
FO716000002771;"71153/USZ/TR 60 1570;1;5";CB716000000102;5;1;5;G657A2;NC;5;1.5;CST;;29/08/2022 00:00;;;;
FO716000002772;"71153/USZ/TR 60 1570;1;6";CB716000000102;6;1;6;G657A2;NC;6;1.6;CST;;29/08/2022 00:00;;;;
FO716000002773;"71153/USZ/TR 60 1570;2;1";CB716000000102;7;2;1;G657A2;NC;1;1.1;CST;;29/08/2022 00:00;;;;
FO716000002774;"71153/USZ/TR 60 1570;2;2";CB716000000102;8;2;2;G657A2;NC;2;1.2;CST;;29/08/2022 00:00;;;;
FO716000002775;"71153/USZ/TR 60 1570;2;3";CB716000000102;9;2;3;G657A2;NC;3;1.3;CST;;29/08/2022 00:00;;;;
FO716000002776;"71153/USZ/TR 60 1570;2;4";CB716000000102;10;2;4;G657A2;NC;4;1.4;CST;;29/08/2022 00:00;;;;
FO716000002777;"71153/USZ/TR 60 1570;2;5";CB716000000102;11;2;5;G657A2;NC;5;1.5;CST;;29/08/2022 00:00;;;;
FO716000002778;"71153/USZ/TR 60 1570;2;6";CB716000000102;12;2;6;G657A2;NC;6;1.6;CST;;29/08/2022 00:00;;;;
FO716000002779;"71153/USZ/TR 60 1570;3;1";CB716000000102;13;3;1;G657A2;NC;1;1.1;CST;;29/08/2022 00:00;;;;
FO716000002780;"71153/USZ/TR 60 1570;3;2";CB716000000102;14;3;2;G657A2;NC;2;1.2;CST;;29/08/2022 00:00;;;;
FO716000002781;"71153/USZ/TR 60 1570;3;3";CB716000000102;15;3;3;G657A2;NC;3;1.3;CST;;29/08/2022 00:00;;;;
FO716000002782;"71153/USZ/TR 60 1570;3;4";CB716000000102;16;3;4;G657A2;NC;4;1.4;CST;;29/08/2022 00:00;;;;
FO716000002783;"71153/USZ/TR 60 1570;3;5";CB716000000102;17;3;5;G657A2;NC;5;1.5;CST;;29/08/2022 00:00;;;;
FO716000002784;"71153/USZ/TR 60 1570;3;6";CB716000000102;18;3;6;G657A2;NC;6;1.6;CST;;29/08/2022 00:00;;;;
FO716000002785;"71153/USZ/TR 60 1570;4;1";CB716000000102;19;4;1;G657A2;NC;1;1.1;CST;;29/08/2022 00:00;;;;
FO716000002786;"71153/USZ/TR 60 1570;4;2";CB716000000102;20;4;2;G657A2;NC;2;1.2;CST;;29/08/2022 00:00;;;;
FO716000002787;"71153/USZ/TR 60 1570;4;3";CB716000000102;21;4;3;G657A2;NC;3;1.3;CST;;29/08/2022 00:00;;;;
FO716000002788;"71153/USZ/TR 60 1570;4;4";CB716000000102;22;4;4;G657A2;NC;4;1.4;CST;;29/08/2022 00:00;;;;
FO716000002789;"71153/USZ/TR 60 1570;4;5";CB716000000102;23;4;5;G657A2;NC;5;1.5;CST;;29/08/2022 00:00;;;;
FO716000002790;"71153/USZ/TR 60 1570;4;6";CB716000000102;24;4;6;G657A2;NC;6;1.6;CST;;29/08/2022 00:00;;;;
FO716000002791;"71153/USZ/TR 60 1570;5;1";CB716000000102;25;5;1;G657A2;NC;1;1.1;CST;;29/08/2022 00:00;;;;
FO716000002792;"71153/USZ/TR 60 1570;5;2";CB716000000102;26;5;2;G657A2;NC;2;1.2;CST;;29/08/2022 00:00;;;;
FO716000002793;"71153/USZ/TR 60 1570;5;3";CB716000000102;27;5;3;G657A2;NC;3;1.3;CST;;29/08/2022 00:00;;;;
FO716000002794;"71153/USZ/TR 60 1570;5;4";CB716000000102;28;5;4;G657A2;NC;4;1.4;CST;;29/08/2022 00:00;;;;
FO716000002795;"71153/USZ/TR 60 1570;5;5";CB716000000102;29;5;5;G657A2;NC;5;1.5;CST;;29/08/2022 00:00;;;;
FO716000002796;"71153/USZ/TR 60 1570;5;6";CB716000000102;30;5;6;G657A2;NC;6;1.6;CST;;29/08/2022 00:00;;;;
FO716000002797;"71153/USZ/TR 60 1570;6;1";CB716000000102;31;6;1;G657A2;NC;1;1.1;CST;;29/08/2022 00:00;;;;
FO716000002798;"71153/USZ/TR 60 1570;6;2";CB716000000102;32;6;2;G657A2;NC;2;1.2;CST;;29/08/2022 00:00;;;;
FO716000002799;"71153/USZ/TR 60 1570;6;3";CB716000000102;33;6;3;G657A2;NC;3;1.3;CST;;29/08/2022 00:00;;;;
FO716000002800;"71153/USZ/TR 60 1570;6;4";CB716000000102;34;6;4;G657A2;NC;4;1.4;CST;;29/08/2022 00:00;;;;
FO716000002801;"71153/USZ/TR 60 1570;6;5";CB716000000102;35;6;5;G657A2;NC;5;1.5;CST;;29/08/2022 00:00;;;;
FO716000002802;"71153/USZ/TR 60 1570;6;6";CB716000000102;36;6;6;G657A2;NC;6;1.6;CST;;29/08/2022 00:00;;;;
FO716000002803;"71153/USZ/TR 60 1571;1;1";CB716000000103;1;1;1;G657A2;NC;1;1.1;CST;;29/08/2022 00:00;;;;
FO716000002804;"71153/USZ/TR 60 1571;1;2";CB716000000103;2;1;2;G657A2;NC;2;1.2;CST;;29/08/2022 00:00;;;;
FO716000002805;"71153/USZ/TR 60 1571;1;3";CB716000000103;3;1;3;G657A2;NC;3;1.3;CST;;29/08/2022 00:00;;;;
FO716000002806;"71153/USZ/TR 60 1571;1;4";CB716000000103;4;1;4;G657A2;NC;4;1.4;CST;;29/08/2022 00:00;;;;
FO716000002807;"71153/USZ/TR 60 1571;1;5";CB716000000103;5;1;5;G657A2;NC;5;1.5;CST;;29/08/2022 00:00;;;;
FO716000002808;"71153/USZ/TR 60 1571;1;6";CB716000000103;6;1;6;G657A2;NC;6;1.6;CST;;29/08/2022 00:00;;;;
FO716000002809;"71153/USZ/TR 60 1571;2;1";CB716000000103;7;2;1;G657A2;NC;1;1.1;CST;;29/08/2022 00:00;;;;
FO716000002810;"71153/USZ/TR 60 1571;2;2";CB716000000103;8;2;2;G657A2;NC;2;1.2;CST;;29/08/2022 00:00;;;;
FO716000002811;"71153/USZ/TR 60 1571;2;3";CB716000000103;9;2;3;G657A2;NC;3;1.3;CST;;29/08/2022 00:00;;;;
FO716000002812;"71153/USZ/TR 60 1571;2;4";CB716000000103;10;2;4;G657A2;NC;4;1.4;CST;;29/08/2022 00:00;;;;
FO716000002813;"71153/USZ/TR 60 1571;2;5";CB716000000103;11;2;5;G657A2;NC;5;1.5;CST;;29/08/2022 00:00;;;;
FO716000002814;"71153/USZ/TR 60 1571;2;6";CB716000000103;12;2;6;G657A2;NC;6;1.6;CST;;29/08/2022 00:00;;;;
FO716000002815;"71153/USZ/TR 60 1571;3;1";CB716000000103;13;3;1;G657A2;NC;1;1.1;CST;;29/08/2022 00:00;;;;
FO716000002816;"71153/USZ/TR 60 1571;3;2";CB716000000103;14;3;2;G657A2;NC;2;1.2;CST;;29/08/2022 00:00;;;;
FO716000002817;"71153/USZ/TR 60 1571;3;3";CB716000000103;15;3;3;G657A2;NC;3;1.3;CST;;29/08/2022 00:00;;;;
FO716000002818;"71153/USZ/TR 60 1571;3;4";CB716000000103;16;3;4;G657A2;NC;4;1.4;CST;;29/08/2022 00:00;;;;
FO716000002819;"71153/USZ/TR 60 1571;3;5";CB716000000103;17;3;5;G657A2;NC;5;1.5;CST;;29/08/2022 00:00;;;;
FO716000002820;"71153/USZ/TR 60 1571;3;6";CB716000000103;18;3;6;G657A2;NC;6;1.6;CST;;29/08/2022 00:00;;;;
FO716000002821;"71153/USZ/TR 60 1571;4;1";CB716000000103;19;4;1;G657A2;NC;1;1.1;CST;;29/08/2022 00:00;;;;
FO716000002822;"71153/USZ/TR 60 1571;4;2";CB716000000103;20;4;2;G657A2;NC;2;1.2;CST;;29/08/2022 00:00;;;;
FO716000002823;"71153/USZ/TR 60 1571;4;3";CB716000000103;21;4;3;G657A2;NC;3;1.3;CST;;29/08/2022 00:00;;;;
FO716000002824;"71153/USZ/TR 60 1571;4;4";CB716000000103;22;4;4;G657A2;NC;4;1.4;CST;;29/08/2022 00:00;;;;
FO716000002825;"71153/USZ/TR 60 1571;4;5";CB716000000103;23;4;5;G657A2;NC;5;1.5;CST;;29/08/2022 00:00;;;;
FO716000002826;"71153/USZ/TR 60 1571;4;6";CB716000000103;24;4;6;G657A2;NC;6;1.6;CST;;29/08/2022 00:00;;;;
FO716000002827;"71153/USZ/TR 60 1571;5;1";CB716000000103;25;5;1;G657A2;NC;1;1.1;CST;;29/08/2022 00:00;;;;
FO716000002828;"71153/USZ/TR 60 1571;5;2";CB716000000103;26;5;2;G657A2;NC;2;1.2;CST;;29/08/2022 00:00;;;;
FO716000002829;"71153/USZ/TR 60 1571;5;3";CB716000000103;27;5;3;G657A2;NC;3;1.3;CST;;29/08/2022 00:00;;;;
FO716000002830;"71153/USZ/TR 60 1571;5;4";CB716000000103;28;5;4;G657A2;NC;4;1.4;CST;;29/08/2022 00:00;;;;
FO716000002831;"71153/USZ/TR 60 1571;5;5";CB716000000103;29;5;5;G657A2;NC;5;1.5;CST;;29/08/2022 00:00;;;;
FO716000002832;"71153/USZ/TR 60 1571;5;6";CB716000000103;30;5;6;G657A2;NC;6;1.6;CST;;29/08/2022 00:00;;;;
FO716000002833;"71153/USZ/TR 60 1571;6;1";CB716000000103;31;6;1;G657A2;NC;1;1.1;CST;;29/08/2022 00:00;;;;
FO716000002834;"71153/USZ/TR 60 1571;6;2";CB716000000103;32;6;2;G657A2;NC;2;1.2;CST;;29/08/2022 00:00;;;;
FO716000002835;"71153/USZ/TR 60 1571;6;3";CB716000000103;33;6;3;G657A2;NC;3;1.3;CST;;29/08/2022 00:00;;;;
FO716000002836;"71153/USZ/TR 60 1571;6;4";CB716000000103;34;6;4;G657A2;NC;4;1.4;CST;;29/08/2022 00:00;;;;
FO716000002837;"71153/USZ/TR 60 1571;6;5";CB716000000103;35;6;5;G657A2;NC;5;1.5;CST;;29/08/2022 00:00;;;;
FO716000002838;"71153/USZ/TR 60 1571;6;6";CB716000000103;36;6;6;G657A2;NC;6;1.6;CST;;29/08/2022 00:00;;;;
FO716000002839;"71153/USZ/TR 60 1572;1;1";CB716000000104;1;1;1;G657A2;NC;1;1.1;CST;;29/08/2022 00:00;;;;
FO716000002840;"71153/USZ/TR 60 1572;1;2";CB716000000104;2;1;2;G657A2;NC;2;1.2;CST;;29/08/2022 00:00;;;;
FO716000002841;"71153/USZ/TR 60 1572;1;3";CB716000000104;3;1;3;G657A2;NC;3;1.3;CST;;29/08/2022 00:00;;;;
FO716000002842;"71153/USZ/TR 60 1572;1;4";CB716000000104;4;1;4;G657A2;NC;4;1.4;CST;;29/08/2022 00:00;;;;
FO716000002843;"71153/USZ/TR 60 1572;1;5";CB716000000104;5;1;5;G657A2;NC;5;1.5;CST;;29/08/2022 00:00;;;;
FO716000002844;"71153/USZ/TR 60 1572;1;6";CB716000000104;6;1;6;G657A2;NC;6;1.6;CST;;29/08/2022 00:00;;;;
FO716000002845;"71153/USZ/TR 60 1572;2;1";CB716000000104;7;2;1;G657A2;NC;1;1.1;CST;;29/08/2022 00:00;;;;
FO716000002846;"71153/USZ/TR 60 1572;2;2";CB716000000104;8;2;2;G657A2;NC;2;1.2;CST;;29/08/2022 00:00;;;;
FO716000002847;"71153/USZ/TR 60 1572;2;3";CB716000000104;9;2;3;G657A2;NC;3;1.3;CST;;29/08/2022 00:00;;;;
FO716000002848;"71153/USZ/TR 60 1572;2;4";CB716000000104;10;2;4;G657A2;NC;4;1.4;CST;;29/08/2022 00:00;;;;
FO716000002849;"71153/USZ/TR 60 1572;2;5";CB716000000104;11;2;5;G657A2;NC;5;1.5;CST;;29/08/2022 00:00;;;;
FO716000002850;"71153/USZ/TR 60 1572;2;6";CB716000000104;12;2;6;G657A2;NC;6;1.6;CST;;29/08/2022 00:00;;;;
FO716000002851;"71153/USZ/TR 60 1572;3;1";CB716000000104;13;3;1;G657A2;NC;1;1.1;CST;;29/08/2022 00:00;;;;
FO716000002852;"71153/USZ/TR 60 1572;3;2";CB716000000104;14;3;2;G657A2;NC;2;1.2;CST;;29/08/2022 00:00;;;;
FO716000002853;"71153/USZ/TR 60 1572;3;3";CB716000000104;15;3;3;G657A2;NC;3;1.3;CST;;29/08/2022 00:00;;;;
FO716000002854;"71153/USZ/TR 60 1572;3;4";CB716000000104;16;3;4;G657A2;NC;4;1.4;CST;;29/08/2022 00:00;;;;
FO716000002855;"71153/USZ/TR 60 1572;3;5";CB716000000104;17;3;5;G657A2;NC;5;1.5;CST;;29/08/2022 00:00;;;;
FO716000002856;"71153/USZ/TR 60 1572;3;6";CB716000000104;18;3;6;G657A2;NC;6;1.6;CST;;29/08/2022 00:00;;;;
FO716000002857;"71153/USZ/TR 60 1572;4;1";CB716000000104;19;4;1;G657A2;NC;1;1.1;CST;;29/08/2022 00:00;;;;
FO716000002858;"71153/USZ/TR 60 1572;4;2";CB716000000104;20;4;2;G657A2;NC;2;1.2;CST;;29/08/2022 00:00;;;;
FO716000002859;"71153/USZ/TR 60 1572;4;3";CB716000000104;21;4;3;G657A2;NC;3;1.3;CST;;29/08/2022 00:00;;;;
FO716000002860;"71153/USZ/TR 60 1572;4;4";CB716000000104;22;4;4;G657A2;NC;4;1.4;CST;;29/08/2022 00:00;;;;
FO716000002861;"71153/USZ/TR 60 1572;4;5";CB716000000104;23;4;5;G657A2;NC;5;1.5;CST;;29/08/2022 00:00;;;;
FO716000002862;"71153/USZ/TR 60 1572;4;6";CB716000000104;24;4;6;G657A2;NC;6;1.6;CST;;29/08/2022 00:00;;;;
FO716000002863;"71153/USZ/TR 60 1572;5;1";CB716000000104;25;5;1;G657A2;NC;1;1.1;CST;;29/08/2022 00:00;;;;
FO716000002864;"71153/USZ/TR 60 1572;5;2";CB716000000104;26;5;2;G657A2;NC;2;1.2;CST;;29/08/2022 00:00;;;;
FO716000002865;"71153/USZ/TR 60 1572;5;3";CB716000000104;27;5;3;G657A2;NC;3;1.3;CST;;29/08/2022 00:00;;;;
FO716000002866;"71153/USZ/TR 60 1572;5;4";CB716000000104;28;5;4;G657A2;NC;4;1.4;CST;;29/08/2022 00:00;;;;
FO716000002867;"71153/USZ/TR 60 1572;5;5";CB716000000104;29;5;5;G657A2;NC;5;1.5;CST;;29/08/2022 00:00;;;;
FO716000002868;"71153/USZ/TR 60 1572;5;6";CB716000000104;30;5;6;G657A2;NC;6;1.6;CST;;29/08/2022 00:00;;;;
FO716000002869;"71153/USZ/TR 60 1572;6;1";CB716000000104;31;6;1;G657A2;NC;1;1.1;CST;;29/08/2022 00:00;;;;
FO716000002870;"71153/USZ/TR 60 1572;6;2";CB716000000104;32;6;2;G657A2;NC;2;1.2;CST;;29/08/2022 00:00;;;;
FO716000002871;"71153/USZ/TR 60 1572;6;3";CB716000000104;33;6;3;G657A2;NC;3;1.3;CST;;29/08/2022 00:00;;;;
FO716000002872;"71153/USZ/TR 60 1572;6;4";CB716000000104;34;6;4;G657A2;NC;4;1.4;CST;;29/08/2022 00:00;;;;
FO716000002873;"71153/USZ/TR 60 1572;6;5";CB716000000104;35;6;5;G657A2;NC;5;1.5;CST;;29/08/2022 00:00;;;;
FO716000002874;"71153/USZ/TR 60 1572;6;6";CB716000000104;36;6;6;G657A2;NC;6;1.6;CST;;29/08/2022 00:00;;;;
FO716000002875;"71153/USZ/TR 60 1573;1;1";CB716000000105;1;1;1;G657A2;NC;1;1.1;CST;;29/08/2022 00:00;;;;
FO716000002876;"71153/USZ/TR 60 1573;1;2";CB716000000105;2;1;2;G657A2;NC;2;1.2;CST;;29/08/2022 00:00;;;;
FO716000002877;"71153/USZ/TR 60 1573;1;3";CB716000000105;3;1;3;G657A2;NC;3;1.3;CST;;29/08/2022 00:00;;;;
FO716000002878;"71153/USZ/TR 60 1573;1;4";CB716000000105;4;1;4;G657A2;NC;4;1.4;CST;;29/08/2022 00:00;;;;
FO716000002879;"71153/USZ/TR 60 1573;1;5";CB716000000105;5;1;5;G657A2;NC;5;1.5;CST;;29/08/2022 00:00;;;;
FO716000002880;"71153/USZ/TR 60 1573;1;6";CB716000000105;6;1;6;G657A2;NC;6;1.6;CST;;29/08/2022 00:00;;;;
FO716000002881;"71153/USZ/TR 60 1574;1;1";CB716000000006;1;1;1;G657A2;NC;1;1.1;CST;;29/08/2022 00:00;;;;
FO716000002882;"71153/USZ/TR 60 1574;1;2";CB716000000006;2;1;2;G657A2;NC;2;1.2;CST;;29/08/2022 00:00;;;;
FO716000002883;"71153/USZ/TR 60 1574;1;3";CB716000000006;3;1;3;G657A2;NC;3;1.3;CST;;29/08/2022 00:00;;;;
FO716000002884;"71153/USZ/TR 60 1574;1;4";CB716000000006;4;1;4;G657A2;NC;4;1.4;CST;;29/08/2022 00:00;;;;
FO716000002885;"71153/USZ/TR 60 1574;1;5";CB716000000006;5;1;5;G657A2;NC;5;1.5;CST;;29/08/2022 00:00;;;;
FO716000002886;"71153/USZ/TR 60 1574;1;6";CB716000000006;6;1;6;G657A2;NC;6;1.6;CST;;29/08/2022 00:00;;;;
FO716000002887;"71153/USZ/TR 60 1574;2;1";CB716000000006;7;2;1;G657A2;NC;1;1.1;CST;;29/08/2022 00:00;;;;
FO716000002888;"71153/USZ/TR 60 1574;2;2";CB716000000006;8;2;2;G657A2;NC;2;1.2;CST;;29/08/2022 00:00;;;;
FO716000002889;"71153/USZ/TR 60 1574;2;3";CB716000000006;9;2;3;G657A2;NC;3;1.3;CST;;29/08/2022 00:00;;;;
FO716000002890;"71153/USZ/TR 60 1574;2;4";CB716000000006;10;2;4;G657A2;NC;4;1.4;CST;;29/08/2022 00:00;;;;
FO716000002891;"71153/USZ/TR 60 1574;2;5";CB716000000006;11;2;5;G657A2;NC;5;1.5;CST;;29/08/2022 00:00;;;;
FO716000002892;"71153/USZ/TR 60 1574;2;6";CB716000000006;12;2;6;G657A2;NC;6;1.6;CST;;29/08/2022 00:00;;;;
FO716000002893;"71153/USZ/TR 60 1574;3;1";CB716000000006;13;3;1;G657A2;NC;1;1.1;CST;;29/08/2022 00:00;;;;
FO716000002894;"71153/USZ/TR 60 1574;3;2";CB716000000006;14;3;2;G657A2;NC;2;1.2;CST;;29/08/2022 00:00;;;;
FO716000002895;"71153/USZ/TR 60 1574;3;3";CB716000000006;15;3;3;G657A2;NC;3;1.3;CST;;29/08/2022 00:00;;;;
FO716000002896;"71153/USZ/TR 60 1574;3;4";CB716000000006;16;3;4;G657A2;NC;4;1.4;CST;;29/08/2022 00:00;;;;
FO716000002897;"71153/USZ/TR 60 1574;3;5";CB716000000006;17;3;5;G657A2;NC;5;1.5;CST;;29/08/2022 00:00;;;;
FO716000002898;"71153/USZ/TR 60 1574;3;6";CB716000000006;18;3;6;G657A2;NC;6;1.6;CST;;29/08/2022 00:00;;;;
FO716000002899;"71153/USZ/TR 60 1574;4;1";CB716000000006;19;4;1;G657A2;NC;1;1.1;CST;;29/08/2022 00:00;;;;
FO716000002900;"71153/USZ/TR 60 1574;4;2";CB716000000006;20;4;2;G657A2;NC;2;1.2;CST;;29/08/2022 00:00;;;;
FO716000002901;"71153/USZ/TR 60 1574;4;3";CB716000000006;21;4;3;G657A2;NC;3;1.3;CST;;29/08/2022 00:00;;;;
FO716000002902;"71153/USZ/TR 60 1574;4;4";CB716000000006;22;4;4;G657A2;NC;4;1.4;CST;;29/08/2022 00:00;;;;
FO716000002903;"71153/USZ/TR 60 1574;4;5";CB716000000006;23;4;5;G657A2;NC;5;1.5;CST;;29/08/2022 00:00;;;;
FO716000002904;"71153/USZ/TR 60 1574;4;6";CB716000000006;24;4;6;G657A2;NC;6;1.6;CST;;29/08/2022 00:00;;;;
