rt_id;rt_code;rt_code_ext;rt_fo_code;rt_fo_ordr;rt_comment;rt_creadat;rt_majdate;rt_majsrc;rt_abddate;rt_abdsrc
716000000001;RT716000000329;;FO716000000001;1;;2022-08-29 00:00:00;;;;
716000000002;RT716000000329;;FO716000000145;2;;2022-08-29 00:00:00;;;;
716000000003;RT716000000329;;FO716000000289;3;;2022-08-29 00:00:00;;;;
716000000004;RT716000000330;;FO716000000290;1;;2022-08-29 00:00:00;;;;
716000000005;RT716000000330;;FO716000000002;2;;2022-08-29 00:00:00;;;;
716000000006;RT716000000330;;FO716000000146;3;;2022-08-29 00:00:00;;;;
716000000007;RT716000000331;;FO716000000291;1;;2022-08-29 00:00:00;;;;
716000000008;RT716000000331;;FO716000000003;2;;2022-08-29 00:00:00;;;;
716000000009;RT716000000331;;FO716000000147;3;;2022-08-29 00:00:00;;;;
716000000010;RT716000000332;;FO716000000148;1;;2022-08-29 00:00:00;;;;
716000000011;RT716000000332;;FO716000000004;2;;2022-08-29 00:00:00;;;;
716000000012;RT716000000332;;FO716000000292;3;;2022-08-29 00:00:00;;;;
716000000013;RT716000000333;;FO716000000293;1;;2022-08-29 00:00:00;;;;
716000000014;RT716000000333;;FO716000000149;2;;2022-08-29 00:00:00;;;;
716000000015;RT716000000333;;FO716000000005;3;;2022-08-29 00:00:00;;;;
716000000016;RT716000000334;;FO716000000006;1;;2022-08-29 00:00:00;;;;
716000000017;RT716000000334;;FO716000000294;2;;2022-08-29 00:00:00;;;;
716000000018;RT716000000334;;FO716000000150;3;;2022-08-29 00:00:00;;;;
716000000019;RT716000000335;;FO716000000319;1;;2022-08-29 00:00:00;;;;
716000000020;RT716000000335;;FO716000000295;2;;2022-08-29 00:00:00;;;;
716000000021;RT716000000335;;FO716000000151;3;;2022-08-29 00:00:00;;;;
716000000022;RT716000000335;;FO716000000007;4;;2022-08-29 00:00:00;;;;
716000000023;RT716000000336;;FO716000000152;1;;2022-08-29 00:00:00;;;;
716000000024;RT716000000336;;FO716000000008;2;;2022-08-29 00:00:00;;;;
716000000025;RT716000000336;;FO716000000320;3;;2022-08-29 00:00:00;;;;
716000000026;RT716000000336;;FO716000000296;4;;2022-08-29 00:00:00;;;;
716000000027;RT716000000337;;FO716000000321;1;;2022-08-29 00:00:00;;;;
716000000028;RT716000000337;;FO716000000153;2;;2022-08-29 00:00:00;;;;
716000000029;RT716000000337;;FO716000000009;3;;2022-08-29 00:00:00;;;;
716000000030;RT716000000337;;FO716000000297;4;;2022-08-29 00:00:00;;;;
716000000031;RT716000000338;;FO716000000154;1;;2022-08-29 00:00:00;;;;
716000000032;RT716000000338;;FO716000000298;2;;2022-08-29 00:00:00;;;;
716000000033;RT716000000338;;FO716000000010;3;;2022-08-29 00:00:00;;;;
716000000034;RT716000000338;;FO716000000322;4;;2022-08-29 00:00:00;;;;
716000000035;RT716000000339;;FO716000000155;1;;2022-08-29 00:00:00;;;;
716000000036;RT716000000339;;FO716000000323;2;;2022-08-29 00:00:00;;;;
716000000037;RT716000000339;;FO716000000011;3;;2022-08-29 00:00:00;;;;
716000000038;RT716000000339;;FO716000000299;4;;2022-08-29 00:00:00;;;;
716000000039;RT716000000340;;FO716000000012;1;;2022-08-29 00:00:00;;;;
716000000040;RT716000000340;;FO716000000324;2;;2022-08-29 00:00:00;;;;
716000000041;RT716000000340;;FO716000000300;3;;2022-08-29 00:00:00;;;;
716000000042;RT716000000340;;FO716000000156;4;;2022-08-29 00:00:00;;;;
716000000043;RT716000000341;;FO716000000301;1;;2022-08-29 00:00:00;;;;
716000000044;RT716000000341;;FO716000000157;2;;2022-08-29 00:00:00;;;;
716000000045;RT716000000341;;FO716000000349;3;;2022-08-29 00:00:00;;;;
716000000046;RT716000000341;;FO716000000013;4;;2022-08-29 00:00:00;;;;
716000000047;RT716000000341;;FO716000000325;5;;2022-08-29 00:00:00;;;;
716000000048;RT716000000342;;FO716000000326;1;;2022-08-29 00:00:00;;;;
716000000049;RT716000000342;;FO716000000350;2;;2022-08-29 00:00:00;;;;
716000000050;RT716000000342;;FO716000000158;3;;2022-08-29 00:00:00;;;;
716000000051;RT716000000342;;FO716000000302;4;;2022-08-29 00:00:00;;;;
716000000052;RT716000000342;;FO716000000014;5;;2022-08-29 00:00:00;;;;
716000000053;RT716000000343;;FO716000000351;1;;2022-08-29 00:00:00;;;;
716000000054;RT716000000343;;FO716000000327;2;;2022-08-29 00:00:00;;;;
716000000055;RT716000000343;;FO716000000303;3;;2022-08-29 00:00:00;;;;
716000000056;RT716000000343;;FO716000000015;4;;2022-08-29 00:00:00;;;;
716000000057;RT716000000343;;FO716000000159;5;;2022-08-29 00:00:00;;;;
716000000058;RT716000000344;;FO716000000160;1;;2022-08-29 00:00:00;;;;
716000000059;RT716000000344;;FO716000000304;2;;2022-08-29 00:00:00;;;;
716000000060;RT716000000344;;FO716000000016;3;;2022-08-29 00:00:00;;;;
716000000061;RT716000000344;;FO716000000328;4;;2022-08-29 00:00:00;;;;
716000000062;RT716000000344;;FO716000000352;5;;2022-08-29 00:00:00;;;;
716000000063;RT716000000345;;FO716000000161;1;;2022-08-29 00:00:00;;;;
716000000064;RT716000000345;;FO716000000017;2;;2022-08-29 00:00:00;;;;
716000000065;RT716000000345;;FO716000000305;3;;2022-08-29 00:00:00;;;;
716000000066;RT716000000345;;FO716000000353;4;;2022-08-29 00:00:00;;;;
716000000067;RT716000000345;;FO716000000329;5;;2022-08-29 00:00:00;;;;
716000000068;RT716000000346;;FO716000000330;1;;2022-08-29 00:00:00;;;;
716000000069;RT716000000346;;FO716000000354;2;;2022-08-29 00:00:00;;;;
716000000070;RT716000000346;;FO716000000162;3;;2022-08-29 00:00:00;;;;
716000000071;RT716000000346;;FO716000000306;4;;2022-08-29 00:00:00;;;;
716000000072;RT716000000346;;FO716000000018;5;;2022-08-29 00:00:00;;;;
716000000073;RT716000000347;;FO716000000331;1;;2022-08-29 00:00:00;;;;
716000000074;RT716000000347;;FO716000000355;2;;2022-08-29 00:00:00;;;;
716000000075;RT716000000347;;FO716000000163;3;;2022-08-29 00:00:00;;;;
716000000076;RT716000000347;;FO716000000307;4;;2022-08-29 00:00:00;;;;
716000000077;RT716000000347;;FO716000002899;5;;2022-08-29 00:00:00;;;;
716000000078;RT716000000347;;FO716000000019;6;;2022-08-29 00:00:00;;;;
716000000079;RT716000000348;;FO716000000020;1;;2022-08-29 00:00:00;;;;
716000000080;RT716000000348;;FO716000000332;2;;2022-08-29 00:00:00;;;;
716000000081;RT716000000348;;FO716000000356;3;;2022-08-29 00:00:00;;;;
716000000082;RT716000000348;;FO716000000164;4;;2022-08-29 00:00:00;;;;
716000000083;RT716000000348;;FO716000000308;5;;2022-08-29 00:00:00;;;;
716000000084;RT716000000348;;FO716000002900;6;;2022-08-29 00:00:00;;;;
716000000085;RT716000000349;;FO716000000165;1;;2022-08-29 00:00:00;;;;
716000000086;RT716000000349;;FO716000002901;2;;2022-08-29 00:00:00;;;;
716000000087;RT716000000349;;FO716000000309;3;;2022-08-29 00:00:00;;;;
716000000088;RT716000000349;;FO716000000021;4;;2022-08-29 00:00:00;;;;
716000000089;RT716000000349;;FO716000000333;5;;2022-08-29 00:00:00;;;;
716000000090;RT716000000349;;FO716000000357;6;;2022-08-29 00:00:00;;;;
716000000091;RT716000000350;;FO716000000310;1;;2022-08-29 00:00:00;;;;
716000000092;RT716000000350;;FO716000002902;2;;2022-08-29 00:00:00;;;;
716000000093;RT716000000350;;FO716000000334;3;;2022-08-29 00:00:00;;;;
716000000094;RT716000000350;;FO716000000022;4;;2022-08-29 00:00:00;;;;
716000000095;RT716000000350;;FO716000000358;5;;2022-08-29 00:00:00;;;;
716000000096;RT716000000350;;FO716000000166;6;;2022-08-29 00:00:00;;;;
716000000097;RT716000000351;;FO716000000167;1;;2022-08-29 00:00:00;;;;
716000000098;RT716000000351;;FO716000000023;2;;2022-08-29 00:00:00;;;;
716000000099;RT716000000351;;FO716000000359;3;;2022-08-29 00:00:00;;;;
716000000100;RT716000000351;;FO716000000335;4;;2022-08-29 00:00:00;;;;
716000000101;RT716000000351;;FO716000002903;5;;2022-08-29 00:00:00;;;;
716000000102;RT716000000351;;FO716000000311;6;;2022-08-29 00:00:00;;;;
716000000103;RT716000000352;;FO716000000168;1;;2022-08-29 00:00:00;;;;
716000000104;RT716000000352;;FO716000000312;2;;2022-08-29 00:00:00;;;;
716000000105;RT716000000352;;FO716000000336;3;;2022-08-29 00:00:00;;;;
716000000106;RT716000000352;;FO716000002904;4;;2022-08-29 00:00:00;;;;
716000000107;RT716000000352;;FO716000000024;5;;2022-08-29 00:00:00;;;;
716000000108;RT716000000352;;FO716000000360;6;;2022-08-29 00:00:00;;;;
716000000109;RT716000000353;;FO716000000169;1;;2022-08-29 00:00:00;;;;
716000000110;RT716000000353;;FO716000000025;2;;2022-08-29 00:00:00;;;;
716000000111;RT716000000353;;FO716000000361;3;;2022-08-29 00:00:00;;;;
716000000112;RT716000000354;;FO716000000170;1;;2022-08-29 00:00:00;;;;
716000000113;RT716000000354;;FO716000000026;2;;2022-08-29 00:00:00;;;;
716000000114;RT716000000354;;FO716000000362;3;;2022-08-29 00:00:00;;;;
716000000115;RT716000000355;;FO716000000171;1;;2022-08-29 00:00:00;;;;
716000000116;RT716000000355;;FO716000000363;2;;2022-08-29 00:00:00;;;;
716000000117;RT716000000355;;FO716000000027;3;;2022-08-29 00:00:00;;;;
716000000118;RT716000000356;;FO716000000364;1;;2022-08-29 00:00:00;;;;
716000000119;RT716000000356;;FO716000000028;2;;2022-08-29 00:00:00;;;;
716000000120;RT716000000356;;FO716000000172;3;;2022-08-29 00:00:00;;;;
716000000121;RT716000000357;;FO716000000029;1;;2022-08-29 00:00:00;;;;
716000000122;RT716000000357;;FO716000000365;2;;2022-08-29 00:00:00;;;;
716000000123;RT716000000357;;FO716000000173;3;;2022-08-29 00:00:00;;;;
716000000124;RT716000000358;;FO716000000366;1;;2022-08-29 00:00:00;;;;
716000000125;RT716000000358;;FO716000000174;2;;2022-08-29 00:00:00;;;;
716000000126;RT716000000358;;FO716000000030;3;;2022-08-29 00:00:00;;;;
716000000127;RT716000000359;;FO716000000175;1;;2022-08-29 00:00:00;;;;
716000000128;RT716000000359;;FO716000000367;2;;2022-08-29 00:00:00;;;;
716000000129;RT716000000359;;FO716000000031;3;;2022-08-29 00:00:00;;;;
716000000130;RT716000000359;;FO716000000391;4;;2022-08-29 00:00:00;;;;
716000000131;RT716000000360;;FO716000000368;1;;2022-08-29 00:00:00;;;;
716000000132;RT716000000360;;FO716000000392;2;;2022-08-29 00:00:00;;;;
716000000133;RT716000000360;;FO716000000032;3;;2022-08-29 00:00:00;;;;
716000000134;RT716000000360;;FO716000000176;4;;2022-08-29 00:00:00;;;;
716000000135;RT716000000361;;FO716000000033;1;;2022-08-29 00:00:00;;;;
716000000136;RT716000000361;;FO716000000177;2;;2022-08-29 00:00:00;;;;
716000000137;RT716000000361;;FO716000000369;3;;2022-08-29 00:00:00;;;;
716000000138;RT716000000361;;FO716000000393;4;;2022-08-29 00:00:00;;;;
716000000139;RT716000000362;;FO716000000178;1;;2022-08-29 00:00:00;;;;
716000000140;RT716000000362;;FO716000000370;2;;2022-08-29 00:00:00;;;;
716000000141;RT716000000362;;FO716000000034;3;;2022-08-29 00:00:00;;;;
716000000142;RT716000000362;;FO716000000394;4;;2022-08-29 00:00:00;;;;
716000000143;RT716000000363;;FO716000000179;1;;2022-08-29 00:00:00;;;;
716000000144;RT716000000363;;FO716000000371;2;;2022-08-29 00:00:00;;;;
716000000145;RT716000000363;;FO716000000395;3;;2022-08-29 00:00:00;;;;
716000000146;RT716000000363;;FO716000000035;4;;2022-08-29 00:00:00;;;;
716000000147;RT716000000364;;FO716000000396;1;;2022-08-29 00:00:00;;;;
716000000148;RT716000000364;;FO716000000180;2;;2022-08-29 00:00:00;;;;
716000000149;RT716000000364;;FO716000000036;3;;2022-08-29 00:00:00;;;;
716000000150;RT716000000364;;FO716000000372;4;;2022-08-29 00:00:00;;;;
716000000151;RT716000000365;;FO716000000181;1;;2022-08-29 00:00:00;;;;
716000000152;RT716000000365;;FO716000000421;2;;2022-08-29 00:00:00;;;;
716000000153;RT716000000365;;FO716000000373;3;;2022-08-29 00:00:00;;;;
716000000154;RT716000000365;;FO716000000397;4;;2022-08-29 00:00:00;;;;
716000000155;RT716000000365;;FO716000000037;5;;2022-08-29 00:00:00;;;;
716000000156;RT716000000366;;FO716000000374;1;;2022-08-29 00:00:00;;;;
716000000157;RT716000000366;;FO716000000182;2;;2022-08-29 00:00:00;;;;
716000000158;RT716000000366;;FO716000000038;3;;2022-08-29 00:00:00;;;;
716000000159;RT716000000366;;FO716000000422;4;;2022-08-29 00:00:00;;;;
716000000160;RT716000000366;;FO716000000398;5;;2022-08-29 00:00:00;;;;
716000000161;RT716000000367;;FO716000000183;1;;2022-08-29 00:00:00;;;;
716000000162;RT716000000367;;FO716000000423;2;;2022-08-29 00:00:00;;;;
716000000163;RT716000000367;;FO716000000375;3;;2022-08-29 00:00:00;;;;
716000000164;RT716000000367;;FO716000000399;4;;2022-08-29 00:00:00;;;;
716000000165;RT716000000367;;FO716000000039;5;;2022-08-29 00:00:00;;;;
716000000166;RT716000000368;;FO716000000400;1;;2022-08-29 00:00:00;;;;
716000000167;RT716000000368;;FO716000000424;2;;2022-08-29 00:00:00;;;;
716000000168;RT716000000368;;FO716000000184;3;;2022-08-29 00:00:00;;;;
716000000169;RT716000000368;;FO716000000376;4;;2022-08-29 00:00:00;;;;
716000000170;RT716000000368;;FO716000000040;5;;2022-08-29 00:00:00;;;;
716000000171;RT716000000369;;FO716000000425;1;;2022-08-29 00:00:00;;;;
716000000172;RT716000000369;;FO716000000401;2;;2022-08-29 00:00:00;;;;
716000000173;RT716000000369;;FO716000000377;3;;2022-08-29 00:00:00;;;;
716000000174;RT716000000369;;FO716000000041;4;;2022-08-29 00:00:00;;;;
716000000175;RT716000000369;;FO716000000185;5;;2022-08-29 00:00:00;;;;
716000000176;RT716000000370;;FO716000000186;1;;2022-08-29 00:00:00;;;;
716000000177;RT716000000370;;FO716000000426;2;;2022-08-29 00:00:00;;;;
716000000178;RT716000000370;;FO716000000378;3;;2022-08-29 00:00:00;;;;
716000000179;RT716000000370;;FO716000000402;4;;2022-08-29 00:00:00;;;;
716000000180;RT716000000370;;FO716000000042;5;;2022-08-29 00:00:00;;;;
716000000181;RT716000000371;;FO716000000187;1;;2022-08-29 00:00:00;;;;
716000000182;RT716000000371;;FO716000000451;2;;2022-08-29 00:00:00;;;;
716000000183;RT716000000371;;FO716000000427;3;;2022-08-29 00:00:00;;;;
716000000184;RT716000000371;;FO716000000043;4;;2022-08-29 00:00:00;;;;
716000000185;RT716000000371;;FO716000000379;5;;2022-08-29 00:00:00;;;;
716000000186;RT716000000371;;FO716000000403;6;;2022-08-29 00:00:00;;;;
716000000187;RT716000000372;;FO716000000044;1;;2022-08-29 00:00:00;;;;
716000000188;RT716000000372;;FO716000000380;2;;2022-08-29 00:00:00;;;;
716000000189;RT716000000372;;FO716000000404;3;;2022-08-29 00:00:00;;;;
716000000190;RT716000000372;;FO716000000452;4;;2022-08-29 00:00:00;;;;
716000000191;RT716000000372;;FO716000000428;5;;2022-08-29 00:00:00;;;;
716000000192;RT716000000372;;FO716000000188;6;;2022-08-29 00:00:00;;;;
716000000193;RT716000000373;;FO716000000453;1;;2022-08-29 00:00:00;;;;
716000000194;RT716000000373;;FO716000000429;2;;2022-08-29 00:00:00;;;;
716000000195;RT716000000373;;FO716000000381;3;;2022-08-29 00:00:00;;;;
716000000196;RT716000000373;;FO716000000189;4;;2022-08-29 00:00:00;;;;
716000000197;RT716000000373;;FO716000000405;5;;2022-08-29 00:00:00;;;;
716000000198;RT716000000373;;FO716000000045;6;;2022-08-29 00:00:00;;;;
716000000199;RT716000000374;;FO716000000454;1;;2022-08-29 00:00:00;;;;
716000000200;RT716000000374;;FO716000000046;2;;2022-08-29 00:00:00;;;;
716000000201;RT716000000374;;FO716000000382;3;;2022-08-29 00:00:00;;;;
716000000202;RT716000000374;;FO716000000430;4;;2022-08-29 00:00:00;;;;
716000000203;RT716000000374;;FO716000000406;5;;2022-08-29 00:00:00;;;;
716000000204;RT716000000374;;FO716000000190;6;;2022-08-29 00:00:00;;;;
716000000205;RT716000000375;;FO716000000407;1;;2022-08-29 00:00:00;;;;
716000000206;RT716000000375;;FO716000000383;2;;2022-08-29 00:00:00;;;;
716000000207;RT716000000375;;FO716000000047;3;;2022-08-29 00:00:00;;;;
716000000208;RT716000000375;;FO716000000455;4;;2022-08-29 00:00:00;;;;
716000000209;RT716000000375;;FO716000000191;5;;2022-08-29 00:00:00;;;;
716000000210;RT716000000375;;FO716000000431;6;;2022-08-29 00:00:00;;;;
716000000211;RT716000000376;;FO716000000048;1;;2022-08-29 00:00:00;;;;
716000000212;RT716000000376;;FO716000000432;2;;2022-08-29 00:00:00;;;;
716000000213;RT716000000376;;FO716000000456;3;;2022-08-29 00:00:00;;;;
716000000214;RT716000000376;;FO716000000192;4;;2022-08-29 00:00:00;;;;
716000000215;RT716000000376;;FO716000000384;5;;2022-08-29 00:00:00;;;;
716000000216;RT716000000376;;FO716000000408;6;;2022-08-29 00:00:00;;;;
716000000217;RT716000000377;;FO716000000049;1;;2022-08-29 00:00:00;;;;
716000000218;RT716000000377;;FO716000000193;2;;2022-08-29 00:00:00;;;;
716000000219;RT716000000377;;FO716000000457;3;;2022-08-29 00:00:00;;;;
716000000220;RT716000000378;;FO716000000050;1;;2022-08-29 00:00:00;;;;
716000000221;RT716000000378;;FO716000000194;2;;2022-08-29 00:00:00;;;;
716000000222;RT716000000378;;FO716000000458;3;;2022-08-29 00:00:00;;;;
716000000223;RT716000000379;;FO716000000459;1;;2022-08-29 00:00:00;;;;
716000000224;RT716000000379;;FO716000000195;2;;2022-08-29 00:00:00;;;;
716000000225;RT716000000379;;FO716000000051;3;;2022-08-29 00:00:00;;;;
716000000226;RT716000000380;;FO716000000052;1;;2022-08-29 00:00:00;;;;
716000000227;RT716000000380;;FO716000000460;2;;2022-08-29 00:00:00;;;;
716000000228;RT716000000380;;FO716000000196;3;;2022-08-29 00:00:00;;;;
716000000229;RT716000000381;;FO716000000053;1;;2022-08-29 00:00:00;;;;
716000000230;RT716000000381;;FO716000000197;2;;2022-08-29 00:00:00;;;;
716000000231;RT716000000381;;FO716000000461;3;;2022-08-29 00:00:00;;;;
716000000232;RT716000000382;;FO716000000462;1;;2022-08-29 00:00:00;;;;
716000000233;RT716000000382;;FO716000000198;2;;2022-08-29 00:00:00;;;;
716000000234;RT716000000382;;FO716000000054;3;;2022-08-29 00:00:00;;;;
716000000235;RT716000000383;;FO716000000055;1;;2022-08-29 00:00:00;;;;
716000000236;RT716000000383;;FO716000000463;2;;2022-08-29 00:00:00;;;;
716000000237;RT716000000383;;FO716000000475;3;;2022-08-29 00:00:00;;;;
716000000238;RT716000000383;;FO716000000199;4;;2022-08-29 00:00:00;;;;
716000000239;RT716000000384;;FO716000000056;1;;2022-08-29 00:00:00;;;;
716000000240;RT716000000384;;FO716000000200;2;;2022-08-29 00:00:00;;;;
716000000241;RT716000000384;;FO716000000476;3;;2022-08-29 00:00:00;;;;
716000000242;RT716000000384;;FO716000000464;4;;2022-08-29 00:00:00;;;;
716000000243;RT716000000385;;FO716000000465;1;;2022-08-29 00:00:00;;;;
716000000244;RT716000000385;;FO716000000477;2;;2022-08-29 00:00:00;;;;
716000000245;RT716000000385;;FO716000000057;3;;2022-08-29 00:00:00;;;;
716000000246;RT716000000385;;FO716000000201;4;;2022-08-29 00:00:00;;;;
716000000247;RT716000000386;;FO716000000202;1;;2022-08-29 00:00:00;;;;
716000000248;RT716000000386;;FO716000000478;2;;2022-08-29 00:00:00;;;;
716000000249;RT716000000386;;FO716000000466;3;;2022-08-29 00:00:00;;;;
716000000250;RT716000000386;;FO716000000058;4;;2022-08-29 00:00:00;;;;
716000000251;RT716000000387;;FO716000000059;1;;2022-08-29 00:00:00;;;;
716000000252;RT716000000387;;FO716000000203;2;;2022-08-29 00:00:00;;;;
716000000253;RT716000000387;;FO716000000479;3;;2022-08-29 00:00:00;;;;
716000000254;RT716000000387;;FO716000000467;4;;2022-08-29 00:00:00;;;;
716000000255;RT716000000388;;FO716000000468;1;;2022-08-29 00:00:00;;;;
716000000256;RT716000000388;;FO716000000480;2;;2022-08-29 00:00:00;;;;
716000000257;RT716000000388;;FO716000000060;3;;2022-08-29 00:00:00;;;;
716000000258;RT716000000388;;FO716000000204;4;;2022-08-29 00:00:00;;;;
716000000259;RT716000000389;;FO716000000205;1;;2022-08-29 00:00:00;;;;
716000000260;RT716000000389;;FO716000000481;2;;2022-08-29 00:00:00;;;;
716000000261;RT716000000389;;FO716000000061;3;;2022-08-29 00:00:00;;;;
716000000262;RT716000000390;;FO716000000482;1;;2022-08-29 00:00:00;;;;
716000000263;RT716000000390;;FO716000000062;2;;2022-08-29 00:00:00;;;;
716000000264;RT716000000390;;FO716000000206;3;;2022-08-29 00:00:00;;;;
716000000265;RT716000000391;;FO716000000207;1;;2022-08-29 00:00:00;;;;
716000000266;RT716000000391;;FO716000000063;2;;2022-08-29 00:00:00;;;;
716000000267;RT716000000391;;FO716000000483;3;;2022-08-29 00:00:00;;;;
716000000268;RT716000000392;;FO716000000484;1;;2022-08-29 00:00:00;;;;
716000000269;RT716000000392;;FO716000000064;2;;2022-08-29 00:00:00;;;;
716000000270;RT716000000392;;FO716000000208;3;;2022-08-29 00:00:00;;;;
716000000271;RT716000000393;;FO716000000485;1;;2022-08-29 00:00:00;;;;
716000000272;RT716000000393;;FO716000000065;2;;2022-08-29 00:00:00;;;;
716000000273;RT716000000393;;FO716000000209;3;;2022-08-29 00:00:00;;;;
716000000274;RT716000000394;;FO716000000486;1;;2022-08-29 00:00:00;;;;
716000000275;RT716000000394;;FO716000000210;2;;2022-08-29 00:00:00;;;;
716000000276;RT716000000394;;FO716000000066;3;;2022-08-29 00:00:00;;;;
716000000277;RT716000000395;;FO716000000211;1;;2022-08-29 00:00:00;;;;
716000000278;RT716000000395;;FO716000000067;2;;2022-08-29 00:00:00;;;;
716000000279;RT716000000395;;FO716000000499;3;;2022-08-29 00:00:00;;;;
716000000280;RT716000000395;;FO716000000487;4;;2022-08-29 00:00:00;;;;
716000000281;RT716000000396;;FO716000000212;1;;2022-08-29 00:00:00;;;;
716000000282;RT716000000396;;FO716000000488;2;;2022-08-29 00:00:00;;;;
716000000283;RT716000000396;;FO716000000068;3;;2022-08-29 00:00:00;;;;
716000000284;RT716000000396;;FO716000000500;4;;2022-08-29 00:00:00;;;;
716000000285;RT716000000397;;FO716000000501;1;;2022-08-29 00:00:00;;;;
716000000286;RT716000000397;;FO716000000213;2;;2022-08-29 00:00:00;;;;
716000000287;RT716000000397;;FO716000000069;3;;2022-08-29 00:00:00;;;;
716000000288;RT716000000397;;FO716000000489;4;;2022-08-29 00:00:00;;;;
716000000289;RT716000000398;;FO716000000502;1;;2022-08-29 00:00:00;;;;
716000000290;RT716000000398;;FO716000000070;2;;2022-08-29 00:00:00;;;;
716000000291;RT716000000398;;FO716000000214;3;;2022-08-29 00:00:00;;;;
716000000292;RT716000000398;;FO716000000490;4;;2022-08-29 00:00:00;;;;
716000000293;RT716000000399;;FO716000000215;1;;2022-08-29 00:00:00;;;;
716000000294;RT716000000399;;FO716000000071;2;;2022-08-29 00:00:00;;;;
716000000295;RT716000000399;;FO716000000491;3;;2022-08-29 00:00:00;;;;
716000000296;RT716000000399;;FO716000000503;4;;2022-08-29 00:00:00;;;;
716000000297;RT716000000400;;FO716000000216;1;;2022-08-29 00:00:00;;;;
716000000298;RT716000000400;;FO716000000492;2;;2022-08-29 00:00:00;;;;
716000000299;RT716000000400;;FO716000000072;3;;2022-08-29 00:00:00;;;;
716000000300;RT716000000400;;FO716000000504;4;;2022-08-29 00:00:00;;;;
716000000301;RT716000000401;;FO716000000073;1;;2022-08-29 00:00:00;;;;
716000000302;RT716000000401;;FO716000000217;2;;2022-08-29 00:00:00;;;;
716000000303;RT716000000401;;FO716000000505;3;;2022-08-29 00:00:00;;;;
716000000304;RT716000000402;;FO716000000074;1;;2022-08-29 00:00:00;;;;
716000000305;RT716000000402;;FO716000000218;2;;2022-08-29 00:00:00;;;;
716000000306;RT716000000402;;FO716000000506;3;;2022-08-29 00:00:00;;;;
716000000307;RT716000000403;;FO716000000219;1;;2022-08-29 00:00:00;;;;
716000000308;RT716000000403;;FO716000000075;2;;2022-08-29 00:00:00;;;;
716000000309;RT716000000403;;FO716000000507;3;;2022-08-29 00:00:00;;;;
716000000310;RT716000000404;;FO716000000508;1;;2022-08-29 00:00:00;;;;
716000000311;RT716000000404;;FO716000000076;2;;2022-08-29 00:00:00;;;;
716000000312;RT716000000404;;FO716000000220;3;;2022-08-29 00:00:00;;;;
716000000313;RT716000000405;;FO716000000077;1;;2022-08-29 00:00:00;;;;
716000000314;RT716000000405;;FO716000000221;2;;2022-08-29 00:00:00;;;;
716000000315;RT716000000405;;FO716000000509;3;;2022-08-29 00:00:00;;;;
716000000316;RT716000000406;;FO716000000222;1;;2022-08-29 00:00:00;;;;
716000000317;RT716000000406;;FO716000000510;2;;2022-08-29 00:00:00;;;;
716000000318;RT716000000406;;FO716000000078;3;;2022-08-29 00:00:00;;;;
716000000319;RT716000000407;;FO716000000223;1;;2022-08-29 00:00:00;;;;
716000000320;RT716000000407;;FO716000000079;2;;2022-08-29 00:00:00;;;;
716000000321;RT716000000407;;FO716000000523;3;;2022-08-29 00:00:00;;;;
716000000322;RT716000000407;;FO716000000511;4;;2022-08-29 00:00:00;;;;
716000000323;RT716000000408;;FO716000000512;1;;2022-08-29 00:00:00;;;;
716000000324;RT716000000408;;FO716000000524;2;;2022-08-29 00:00:00;;;;
716000000325;RT716000000408;;FO716000000080;3;;2022-08-29 00:00:00;;;;
716000000326;RT716000000408;;FO716000000224;4;;2022-08-29 00:00:00;;;;
716000000327;RT716000000409;;FO716000000525;1;;2022-08-29 00:00:00;;;;
716000000328;RT716000000409;;FO716000000513;2;;2022-08-29 00:00:00;;;;
716000000329;RT716000000409;;FO716000000081;3;;2022-08-29 00:00:00;;;;
716000000330;RT716000000409;;FO716000000225;4;;2022-08-29 00:00:00;;;;
716000000331;RT716000000410;;FO716000000082;1;;2022-08-29 00:00:00;;;;
716000000332;RT716000000410;;FO716000000514;2;;2022-08-29 00:00:00;;;;
716000000333;RT716000000410;;FO716000000226;3;;2022-08-29 00:00:00;;;;
716000000334;RT716000000410;;FO716000000526;4;;2022-08-29 00:00:00;;;;
716000000335;RT716000000411;;FO716000000515;1;;2022-08-29 00:00:00;;;;
716000000336;RT716000000411;;FO716000000527;2;;2022-08-29 00:00:00;;;;
716000000337;RT716000000411;;FO716000000083;3;;2022-08-29 00:00:00;;;;
716000000338;RT716000000411;;FO716000000227;4;;2022-08-29 00:00:00;;;;
716000000339;RT716000000412;;FO716000000516;1;;2022-08-29 00:00:00;;;;
716000000340;RT716000000412;;FO716000000084;2;;2022-08-29 00:00:00;;;;
716000000341;RT716000000412;;FO716000000528;3;;2022-08-29 00:00:00;;;;
716000000342;RT716000000412;;FO716000000228;4;;2022-08-29 00:00:00;;;;
716000000343;RT716000000413;;FO716000000529;1;;2022-08-29 00:00:00;;;;
716000000344;RT716000000413;;FO716000000085;2;;2022-08-29 00:00:00;;;;
716000000345;RT716000000414;;FO716000000086;1;;2022-08-29 00:00:00;;;;
716000000346;RT716000000414;;FO716000000530;2;;2022-08-29 00:00:00;;;;
716000000347;RT716000000415;;FO716000000531;1;;2022-08-29 00:00:00;;;;
716000000348;RT716000000415;;FO716000000087;2;;2022-08-29 00:00:00;;;;
716000000349;RT716000000416;;FO716000000088;1;;2022-08-29 00:00:00;;;;
716000000350;RT716000000416;;FO716000000532;2;;2022-08-29 00:00:00;;;;
716000000351;RT716000000417;;FO716000000089;1;;2022-08-29 00:00:00;;;;
716000000352;RT716000000417;;FO716000000533;2;;2022-08-29 00:00:00;;;;
716000000353;RT716000000418;;FO716000000090;1;;2022-08-29 00:00:00;;;;
716000000354;RT716000000418;;FO716000000534;2;;2022-08-29 00:00:00;;;;
716000000355;RT716000000419;;FO716000000091;1;;2022-08-29 00:00:00;;;;
716000000356;RT716000000419;;FO716000000535;2;;2022-08-29 00:00:00;;;;
716000000357;RT716000000419;;FO716000000559;3;;2022-08-29 00:00:00;;;;
716000000358;RT716000000420;;FO716000000560;1;;2022-08-29 00:00:00;;;;
716000000359;RT716000000420;;FO716000000536;2;;2022-08-29 00:00:00;;;;
716000000360;RT716000000420;;FO716000000092;3;;2022-08-29 00:00:00;;;;
716000000361;RT716000000421;;FO716000000093;1;;2022-08-29 00:00:00;;;;
716000000362;RT716000000421;;FO716000000561;2;;2022-08-29 00:00:00;;;;
716000000363;RT716000000421;;FO716000000537;3;;2022-08-29 00:00:00;;;;
716000000364;RT716000000422;;FO716000000562;1;;2022-08-29 00:00:00;;;;
716000000365;RT716000000422;;FO716000000094;2;;2022-08-29 00:00:00;;;;
716000000366;RT716000000422;;FO716000000538;3;;2022-08-29 00:00:00;;;;
716000000367;RT716000000423;;FO716000000563;1;;2022-08-29 00:00:00;;;;
716000000368;RT716000000423;;FO716000000095;2;;2022-08-29 00:00:00;;;;
716000000369;RT716000000423;;FO716000000539;3;;2022-08-29 00:00:00;;;;
716000000370;RT716000000424;;FO716000000540;1;;2022-08-29 00:00:00;;;;
716000000371;RT716000000424;;FO716000000096;2;;2022-08-29 00:00:00;;;;
716000000372;RT716000000424;;FO716000000564;3;;2022-08-29 00:00:00;;;;
716000000373;RT716000000425;;FO716000000589;1;;2022-08-29 00:00:00;;;;
716000000374;RT716000000425;;FO716000000565;2;;2022-08-29 00:00:00;;;;
716000000375;RT716000000425;;FO716000000097;3;;2022-08-29 00:00:00;;;;
716000000376;RT716000000425;;FO716000000541;4;;2022-08-29 00:00:00;;;;
716000000377;RT716000000426;;FO716000000098;1;;2022-08-29 00:00:00;;;;
716000000378;RT716000000426;;FO716000000566;2;;2022-08-29 00:00:00;;;;
716000000379;RT716000000426;;FO716000000590;3;;2022-08-29 00:00:00;;;;
716000000380;RT716000000426;;FO716000000542;4;;2022-08-29 00:00:00;;;;
716000000381;RT716000000427;;FO716000000543;1;;2022-08-29 00:00:00;;;;
716000000382;RT716000000427;;FO716000000591;2;;2022-08-29 00:00:00;;;;
716000000383;RT716000000427;;FO716000000099;3;;2022-08-29 00:00:00;;;;
716000000384;RT716000000427;;FO716000000567;4;;2022-08-29 00:00:00;;;;
716000000385;RT716000000428;;FO716000000568;1;;2022-08-29 00:00:00;;;;
716000000386;RT716000000428;;FO716000000544;2;;2022-08-29 00:00:00;;;;
716000000387;RT716000000428;;FO716000000592;3;;2022-08-29 00:00:00;;;;
716000000388;RT716000000428;;FO716000000100;4;;2022-08-29 00:00:00;;;;
716000000389;RT716000000429;;FO716000000101;1;;2022-08-29 00:00:00;;;;
716000000390;RT716000000429;;FO716000000593;2;;2022-08-29 00:00:00;;;;
716000000391;RT716000000429;;FO716000000545;3;;2022-08-29 00:00:00;;;;
716000000392;RT716000000429;;FO716000000569;4;;2022-08-29 00:00:00;;;;
716000000393;RT716000000430;;FO716000000594;1;;2022-08-29 00:00:00;;;;
716000000394;RT716000000430;;FO716000000570;2;;2022-08-29 00:00:00;;;;
716000000395;RT716000000430;;FO716000000102;3;;2022-08-29 00:00:00;;;;
716000000396;RT716000000430;;FO716000000546;4;;2022-08-29 00:00:00;;;;
716000000397;RT716000000431;;FO716000000547;1;;2022-08-29 00:00:00;;;;
716000000398;RT716000000431;;FO716000000619;2;;2022-08-29 00:00:00;;;;
716000000399;RT716000000431;;FO716000000595;3;;2022-08-29 00:00:00;;;;
716000000400;RT716000000431;;FO716000000103;4;;2022-08-29 00:00:00;;;;
716000000401;RT716000000431;;FO716000000571;5;;2022-08-29 00:00:00;;;;
716000000402;RT716000000432;;FO716000000596;1;;2022-08-29 00:00:00;;;;
716000000403;RT716000000432;;FO716000000620;2;;2022-08-29 00:00:00;;;;
716000000404;RT716000000432;;FO716000000548;3;;2022-08-29 00:00:00;;;;
716000000405;RT716000000432;;FO716000000104;4;;2022-08-29 00:00:00;;;;
716000000406;RT716000000432;;FO716000000572;5;;2022-08-29 00:00:00;;;;
716000000407;RT716000000433;;FO716000000549;1;;2022-08-29 00:00:00;;;;
716000000408;RT716000000433;;FO716000000597;2;;2022-08-29 00:00:00;;;;
716000000409;RT716000000433;;FO716000000105;3;;2022-08-29 00:00:00;;;;
716000000410;RT716000000433;;FO716000000573;4;;2022-08-29 00:00:00;;;;
716000000411;RT716000000433;;FO716000000621;5;;2022-08-29 00:00:00;;;;
716000000412;RT716000000434;;FO716000000598;1;;2022-08-29 00:00:00;;;;
716000000413;RT716000000434;;FO716000000550;2;;2022-08-29 00:00:00;;;;
716000000414;RT716000000434;;FO716000000622;3;;2022-08-29 00:00:00;;;;
716000000415;RT716000000434;;FO716000000106;4;;2022-08-29 00:00:00;;;;
716000000416;RT716000000434;;FO716000000574;5;;2022-08-29 00:00:00;;;;
716000000417;RT716000000435;;FO716000000599;1;;2022-08-29 00:00:00;;;;
716000000418;RT716000000435;;FO716000000107;2;;2022-08-29 00:00:00;;;;
716000000419;RT716000000435;;FO716000000623;3;;2022-08-29 00:00:00;;;;
716000000420;RT716000000435;;FO716000000575;4;;2022-08-29 00:00:00;;;;
716000000421;RT716000000435;;FO716000000551;5;;2022-08-29 00:00:00;;;;
716000000422;RT716000000436;;FO716000000624;1;;2022-08-29 00:00:00;;;;
716000000423;RT716000000436;;FO716000000552;2;;2022-08-29 00:00:00;;;;
716000000424;RT716000000436;;FO716000000108;3;;2022-08-29 00:00:00;;;;
716000000425;RT716000000436;;FO716000000576;4;;2022-08-29 00:00:00;;;;
716000000426;RT716000000436;;FO716000000600;5;;2022-08-29 00:00:00;;;;
716000000427;RT716000000437;;FO716000000109;1;;2022-08-29 00:00:00;;;;
716000000428;RT716000000437;;FO716000000625;2;;2022-08-29 00:00:00;;;;
716000000429;RT716000000438;;FO716000000626;1;;2022-08-29 00:00:00;;;;
716000000430;RT716000000438;;FO716000000110;2;;2022-08-29 00:00:00;;;;
716000000431;RT716000000439;;FO716000000627;1;;2022-08-29 00:00:00;;;;
716000000432;RT716000000439;;FO716000000111;2;;2022-08-29 00:00:00;;;;
716000000433;RT716000000440;;FO716000000628;1;;2022-08-29 00:00:00;;;;
716000000434;RT716000000440;;FO716000000112;2;;2022-08-29 00:00:00;;;;
716000000435;RT716000000441;;FO716000000629;1;;2022-08-29 00:00:00;;;;
716000000436;RT716000000441;;FO716000000113;2;;2022-08-29 00:00:00;;;;
716000000437;RT716000000442;;FO716000000630;1;;2022-08-29 00:00:00;;;;
716000000438;RT716000000442;;FO716000000114;2;;2022-08-29 00:00:00;;;;
716000000439;RT716000000443;;FO716000000631;1;;2022-08-29 00:00:00;;;;
716000000440;RT716000000443;;FO716000000115;2;;2022-08-29 00:00:00;;;;
716000000441;RT716000000443;;FO716000000643;3;;2022-08-29 00:00:00;;;;
716000000442;RT716000000444;;FO716000000644;1;;2022-08-29 00:00:00;;;;
716000000443;RT716000000444;;FO716000000632;2;;2022-08-29 00:00:00;;;;
716000000444;RT716000000444;;FO716000000116;3;;2022-08-29 00:00:00;;;;
716000000445;RT716000000445;;FO716000000117;1;;2022-08-29 00:00:00;;;;
716000000446;RT716000000445;;FO716000000633;2;;2022-08-29 00:00:00;;;;
716000000447;RT716000000445;;FO716000000645;3;;2022-08-29 00:00:00;;;;
716000000448;RT716000000446;;FO716000000646;1;;2022-08-29 00:00:00;;;;
716000000449;RT716000000446;;FO716000000634;2;;2022-08-29 00:00:00;;;;
716000000450;RT716000000446;;FO716000000118;3;;2022-08-29 00:00:00;;;;
716000000451;RT716000000447;;FO716000000635;1;;2022-08-29 00:00:00;;;;
716000000452;RT716000000447;;FO716000000647;2;;2022-08-29 00:00:00;;;;
716000000453;RT716000000447;;FO716000000119;3;;2022-08-29 00:00:00;;;;
716000000454;RT716000000448;;FO716000000636;1;;2022-08-29 00:00:00;;;;
716000000455;RT716000000448;;FO716000000120;2;;2022-08-29 00:00:00;;;;
716000000456;RT716000000448;;FO716000000648;3;;2022-08-29 00:00:00;;;;
716000000457;RT716000000449;;FO716000000649;1;;2022-08-29 00:00:00;;;;
716000000458;RT716000000449;;FO716000000121;2;;2022-08-29 00:00:00;;;;
716000000459;RT716000000450;;FO716000000122;1;;2022-08-29 00:00:00;;;;
716000000460;RT716000000450;;FO716000000650;2;;2022-08-29 00:00:00;;;;
716000000461;RT716000000451;;FO716000000657;1;;2022-08-29 00:00:00;;;;
716000000462;RT716000000451;;FO716000000651;2;;2022-08-29 00:00:00;;;;
716000000463;RT716000000451;;FO716000000123;3;;2022-08-29 00:00:00;;;;
716000000464;RT716000000452;;FO716000000658;1;;2022-08-29 00:00:00;;;;
716000000465;RT716000000452;;FO716000000652;2;;2022-08-29 00:00:00;;;;
716000000466;RT716000000452;;FO716000000124;3;;2022-08-29 00:00:00;;;;
716000000467;RT716000000453;;FO716000000659;1;;2022-08-29 00:00:00;;;;
716000000468;RT716000000453;;FO716000000653;2;;2022-08-29 00:00:00;;;;
716000000469;RT716000000453;;FO716000000125;3;;2022-08-29 00:00:00;;;;
716000000470;RT716000000454;;FO716000000654;1;;2022-08-29 00:00:00;;;;
716000000471;RT716000000454;;FO716000000126;2;;2022-08-29 00:00:00;;;;
716000000472;RT716000000454;;FO716000000660;3;;2022-08-29 00:00:00;;;;
716000000473;RT716000000455;;FO716000000805;1;;2022-08-29 00:00:00;;;;
716000000474;RT716000000455;;FO716000000661;2;;2022-08-29 00:00:00;;;;
716000000475;RT716000000456;;FO716000000806;1;;2022-08-29 00:00:00;;;;
716000000476;RT716000000456;;FO716000000662;2;;2022-08-29 00:00:00;;;;
716000000477;RT716000000457;;FO716000000663;1;;2022-08-29 00:00:00;;;;
716000000478;RT716000000457;;FO716000000807;2;;2022-08-29 00:00:00;;;;
716000000479;RT716000000458;;FO716000000808;1;;2022-08-29 00:00:00;;;;
716000000480;RT716000000458;;FO716000000664;2;;2022-08-29 00:00:00;;;;
716000000481;RT716000000459;;FO716000000665;1;;2022-08-29 00:00:00;;;;
716000000482;RT716000000459;;FO716000000809;2;;2022-08-29 00:00:00;;;;
716000000483;RT716000000460;;FO716000000810;1;;2022-08-29 00:00:00;;;;
716000000484;RT716000000460;;FO716000000666;2;;2022-08-29 00:00:00;;;;
716000000485;RT716000000461;;FO716000000811;1;;2022-08-29 00:00:00;;;;
716000000486;RT716000000461;;FO716000000847;2;;2022-08-29 00:00:00;;;;
716000000487;RT716000000461;;FO716000000667;3;;2022-08-29 00:00:00;;;;
716000000488;RT716000000462;;FO716000000812;1;;2022-08-29 00:00:00;;;;
716000000489;RT716000000462;;FO716000000668;2;;2022-08-29 00:00:00;;;;
716000000490;RT716000000462;;FO716000000848;3;;2022-08-29 00:00:00;;;;
716000000491;RT716000000463;;FO716000000669;1;;2022-08-29 00:00:00;;;;
716000000492;RT716000000463;;FO716000000813;2;;2022-08-29 00:00:00;;;;
716000000493;RT716000000463;;FO716000000849;3;;2022-08-29 00:00:00;;;;
716000000494;RT716000000464;;FO716000000670;1;;2022-08-29 00:00:00;;;;
716000000495;RT716000000464;;FO716000000850;2;;2022-08-29 00:00:00;;;;
716000000496;RT716000000464;;FO716000000814;3;;2022-08-29 00:00:00;;;;
716000000497;RT716000000465;;FO716000000671;1;;2022-08-29 00:00:00;;;;
716000000498;RT716000000465;;FO716000000851;2;;2022-08-29 00:00:00;;;;
716000000499;RT716000000465;;FO716000000815;3;;2022-08-29 00:00:00;;;;
716000000500;RT716000000466;;FO716000000672;1;;2022-08-29 00:00:00;;;;
716000000501;RT716000000466;;FO716000000816;2;;2022-08-29 00:00:00;;;;
716000000502;RT716000000466;;FO716000000852;3;;2022-08-29 00:00:00;;;;
716000000503;RT716000000467;;FO716000000673;1;;2022-08-29 00:00:00;;;;
716000000504;RT716000000467;;FO716000000889;2;;2022-08-29 00:00:00;;;;
716000000505;RT716000000467;;FO716000000817;3;;2022-08-29 00:00:00;;;;
716000000506;RT716000000467;;FO716000000853;4;;2022-08-29 00:00:00;;;;
716000000507;RT716000000468;;FO716000000890;1;;2022-08-29 00:00:00;;;;
716000000508;RT716000000468;;FO716000000854;2;;2022-08-29 00:00:00;;;;
716000000509;RT716000000468;;FO716000000674;3;;2022-08-29 00:00:00;;;;
716000000510;RT716000000468;;FO716000000818;4;;2022-08-29 00:00:00;;;;
716000000511;RT716000000469;;FO716000000675;1;;2022-08-29 00:00:00;;;;
716000000512;RT716000000469;;FO716000000855;2;;2022-08-29 00:00:00;;;;
716000000513;RT716000000469;;FO716000000891;3;;2022-08-29 00:00:00;;;;
716000000514;RT716000000469;;FO716000000819;4;;2022-08-29 00:00:00;;;;
716000000515;RT716000000470;;FO716000000676;1;;2022-08-29 00:00:00;;;;
716000000516;RT716000000470;;FO716000000856;2;;2022-08-29 00:00:00;;;;
716000000517;RT716000000470;;FO716000000820;3;;2022-08-29 00:00:00;;;;
716000000518;RT716000000470;;FO716000000892;4;;2022-08-29 00:00:00;;;;
716000000519;RT716000000471;;FO716000000677;1;;2022-08-29 00:00:00;;;;
716000000520;RT716000000471;;FO716000000893;2;;2022-08-29 00:00:00;;;;
716000000521;RT716000000471;;FO716000000857;3;;2022-08-29 00:00:00;;;;
716000000522;RT716000000471;;FO716000000821;4;;2022-08-29 00:00:00;;;;
716000000523;RT716000000472;;FO716000000678;1;;2022-08-29 00:00:00;;;;
716000000524;RT716000000472;;FO716000000858;2;;2022-08-29 00:00:00;;;;
716000000525;RT716000000472;;FO716000000822;3;;2022-08-29 00:00:00;;;;
716000000526;RT716000000472;;FO716000000894;4;;2022-08-29 00:00:00;;;;
716000000527;RT716000000473;;FO716000000931;1;;2022-08-29 00:00:00;;;;
716000000528;RT716000000473;;FO716000000895;2;;2022-08-29 00:00:00;;;;
716000000529;RT716000000473;;FO716000000823;3;;2022-08-29 00:00:00;;;;
716000000530;RT716000000473;;FO716000000859;4;;2022-08-29 00:00:00;;;;
716000000531;RT716000000473;;FO716000000679;5;;2022-08-29 00:00:00;;;;
716000000532;RT716000000474;;FO716000000860;1;;2022-08-29 00:00:00;;;;
716000000533;RT716000000474;;FO716000000824;2;;2022-08-29 00:00:00;;;;
716000000534;RT716000000474;;FO716000000932;3;;2022-08-29 00:00:00;;;;
716000000535;RT716000000474;;FO716000000896;4;;2022-08-29 00:00:00;;;;
716000000536;RT716000000474;;FO716000000680;5;;2022-08-29 00:00:00;;;;
716000000537;RT716000000475;;FO716000000933;1;;2022-08-29 00:00:00;;;;
716000000538;RT716000000475;;FO716000000861;2;;2022-08-29 00:00:00;;;;
716000000539;RT716000000475;;FO716000000897;3;;2022-08-29 00:00:00;;;;
716000000540;RT716000000475;;FO716000000681;4;;2022-08-29 00:00:00;;;;
716000000541;RT716000000475;;FO716000000825;5;;2022-08-29 00:00:00;;;;
716000000542;RT716000000476;;FO716000000826;1;;2022-08-29 00:00:00;;;;
716000000543;RT716000000476;;FO716000000862;2;;2022-08-29 00:00:00;;;;
716000000544;RT716000000476;;FO716000000934;3;;2022-08-29 00:00:00;;;;
716000000545;RT716000000476;;FO716000000682;4;;2022-08-29 00:00:00;;;;
716000000546;RT716000000476;;FO716000000898;5;;2022-08-29 00:00:00;;;;
716000000547;RT716000000477;;FO716000000863;1;;2022-08-29 00:00:00;;;;
716000000548;RT716000000477;;FO716000000683;2;;2022-08-29 00:00:00;;;;
716000000549;RT716000000477;;FO716000000827;3;;2022-08-29 00:00:00;;;;
716000000550;RT716000000477;;FO716000000935;4;;2022-08-29 00:00:00;;;;
716000000551;RT716000000477;;FO716000000899;5;;2022-08-29 00:00:00;;;;
716000000552;RT716000000478;;FO716000000864;1;;2022-08-29 00:00:00;;;;
716000000553;RT716000000478;;FO716000000936;2;;2022-08-29 00:00:00;;;;
716000000554;RT716000000478;;FO716000000828;3;;2022-08-29 00:00:00;;;;
716000000555;RT716000000478;;FO716000000684;4;;2022-08-29 00:00:00;;;;
716000000556;RT716000000478;;FO716000000900;5;;2022-08-29 00:00:00;;;;
716000000557;RT716000000479;;FO716000000865;1;;2022-08-29 00:00:00;;;;
716000000558;RT716000000479;;FO716000000829;2;;2022-08-29 00:00:00;;;;
716000000559;RT716000000479;;FO716000000937;3;;2022-08-29 00:00:00;;;;
716000000560;RT716000000479;;FO716000000901;4;;2022-08-29 00:00:00;;;;
716000000561;RT716000000479;;FO716000000685;5;;2022-08-29 00:00:00;;;;
716000000562;RT716000000479;;FO716000000973;6;;2022-08-29 00:00:00;;;;
716000000563;RT716000000480;;FO716000000902;1;;2022-08-29 00:00:00;;;;
716000000564;RT716000000480;;FO716000000866;2;;2022-08-29 00:00:00;;;;
716000000565;RT716000000480;;FO716000000686;3;;2022-08-29 00:00:00;;;;
716000000566;RT716000000480;;FO716000000830;4;;2022-08-29 00:00:00;;;;
716000000567;RT716000000480;;FO716000000938;5;;2022-08-29 00:00:00;;;;
716000000568;RT716000000480;;FO716000000974;6;;2022-08-29 00:00:00;;;;
716000000569;RT716000000481;;FO716000000687;1;;2022-08-29 00:00:00;;;;
716000000570;RT716000000481;;FO716000000903;2;;2022-08-29 00:00:00;;;;
716000000571;RT716000000481;;FO716000000867;3;;2022-08-29 00:00:00;;;;
716000000572;RT716000000481;;FO716000000831;4;;2022-08-29 00:00:00;;;;
716000000573;RT716000000481;;FO716000000975;5;;2022-08-29 00:00:00;;;;
716000000574;RT716000000481;;FO716000000939;6;;2022-08-29 00:00:00;;;;
716000000575;RT716000000482;;FO716000000832;1;;2022-08-29 00:00:00;;;;
716000000576;RT716000000482;;FO716000000688;2;;2022-08-29 00:00:00;;;;
716000000577;RT716000000482;;FO716000000868;3;;2022-08-29 00:00:00;;;;
716000000578;RT716000000482;;FO716000000976;4;;2022-08-29 00:00:00;;;;
716000000579;RT716000000482;;FO716000000940;5;;2022-08-29 00:00:00;;;;
716000000580;RT716000000482;;FO716000000904;6;;2022-08-29 00:00:00;;;;
716000000581;RT716000000483;;FO716000000833;1;;2022-08-29 00:00:00;;;;
716000000582;RT716000000483;;FO716000000905;2;;2022-08-29 00:00:00;;;;
716000000583;RT716000000483;;FO716000000977;3;;2022-08-29 00:00:00;;;;
716000000584;RT716000000483;;FO716000000941;4;;2022-08-29 00:00:00;;;;
716000000585;RT716000000483;;FO716000000869;5;;2022-08-29 00:00:00;;;;
716000000586;RT716000000483;;FO716000000689;6;;2022-08-29 00:00:00;;;;
716000000587;RT716000000484;;FO716000000978;1;;2022-08-29 00:00:00;;;;
716000000588;RT716000000484;;FO716000000942;2;;2022-08-29 00:00:00;;;;
716000000589;RT716000000484;;FO716000000690;3;;2022-08-29 00:00:00;;;;
716000000590;RT716000000484;;FO716000000870;4;;2022-08-29 00:00:00;;;;
716000000591;RT716000000484;;FO716000000834;5;;2022-08-29 00:00:00;;;;
716000000592;RT716000000484;;FO716000000906;6;;2022-08-29 00:00:00;;;;
716000000593;RT716000000485;;FO716000000907;1;;2022-08-29 00:00:00;;;;
716000000594;RT716000000485;;FO716000000979;2;;2022-08-29 00:00:00;;;;
716000000595;RT716000000485;;FO716000001015;3;;2022-08-29 00:00:00;;;;
716000000596;RT716000000485;;FO716000000943;4;;2022-08-29 00:00:00;;;;
716000000597;RT716000000485;;FO716000000835;5;;2022-08-29 00:00:00;;;;
716000000598;RT716000000485;;FO716000000871;6;;2022-08-29 00:00:00;;;;
716000000599;RT716000000485;;FO716000000691;7;;2022-08-29 00:00:00;;;;
716000000600;RT716000000486;;FO716000000872;1;;2022-08-29 00:00:00;;;;
716000000601;RT716000000486;;FO716000000980;2;;2022-08-29 00:00:00;;;;
716000000602;RT716000000486;;FO716000001016;3;;2022-08-29 00:00:00;;;;
716000000603;RT716000000486;;FO716000000692;4;;2022-08-29 00:00:00;;;;
716000000604;RT716000000486;;FO716000000944;5;;2022-08-29 00:00:00;;;;
716000000605;RT716000000486;;FO716000000908;6;;2022-08-29 00:00:00;;;;
716000000606;RT716000000486;;FO716000000836;7;;2022-08-29 00:00:00;;;;
716000000607;RT716000000487;;FO716000000945;1;;2022-08-29 00:00:00;;;;
716000000608;RT716000000487;;FO716000000693;2;;2022-08-29 00:00:00;;;;
716000000609;RT716000000487;;FO716000001017;3;;2022-08-29 00:00:00;;;;
716000000610;RT716000000487;;FO716000000981;4;;2022-08-29 00:00:00;;;;
716000000611;RT716000000487;;FO716000000909;5;;2022-08-29 00:00:00;;;;
716000000612;RT716000000487;;FO716000000837;6;;2022-08-29 00:00:00;;;;
716000000613;RT716000000487;;FO716000000873;7;;2022-08-29 00:00:00;;;;
716000000614;RT716000000488;;FO716000000910;1;;2022-08-29 00:00:00;;;;
716000000615;RT716000000488;;FO716000000946;2;;2022-08-29 00:00:00;;;;
716000000616;RT716000000488;;FO716000000874;3;;2022-08-29 00:00:00;;;;
716000000617;RT716000000488;;FO716000000694;4;;2022-08-29 00:00:00;;;;
716000000618;RT716000000488;;FO716000001018;5;;2022-08-29 00:00:00;;;;
716000000619;RT716000000488;;FO716000000982;6;;2022-08-29 00:00:00;;;;
716000000620;RT716000000488;;FO716000000838;7;;2022-08-29 00:00:00;;;;
716000000621;RT716000000489;;FO716000000911;1;;2022-08-29 00:00:00;;;;
716000000622;RT716000000489;;FO716000000839;2;;2022-08-29 00:00:00;;;;
716000000623;RT716000000489;;FO716000000983;3;;2022-08-29 00:00:00;;;;
716000000624;RT716000000489;;FO716000000875;4;;2022-08-29 00:00:00;;;;
716000000625;RT716000000489;;FO716000001019;5;;2022-08-29 00:00:00;;;;
716000000626;RT716000000489;;FO716000000947;6;;2022-08-29 00:00:00;;;;
716000000627;RT716000000489;;FO716000000695;7;;2022-08-29 00:00:00;;;;
716000000628;RT716000000490;;FO716000000948;1;;2022-08-29 00:00:00;;;;
716000000629;RT716000000490;;FO716000000840;2;;2022-08-29 00:00:00;;;;
716000000630;RT716000000490;;FO716000000912;3;;2022-08-29 00:00:00;;;;
716000000631;RT716000000490;;FO716000000984;4;;2022-08-29 00:00:00;;;;
716000000632;RT716000000490;;FO716000000876;5;;2022-08-29 00:00:00;;;;
716000000633;RT716000000490;;FO716000000696;6;;2022-08-29 00:00:00;;;;
716000000634;RT716000000490;;FO716000001020;7;;2022-08-29 00:00:00;;;;
716000000635;RT716000000491;;FO716000001021;1;;2022-08-29 00:00:00;;;;
716000000636;RT716000000491;;FO716000000697;2;;2022-08-29 00:00:00;;;;
716000000637;RT716000000492;;FO716000001022;1;;2022-08-29 00:00:00;;;;
716000000638;RT716000000492;;FO716000000698;2;;2022-08-29 00:00:00;;;;
716000000639;RT716000000493;;FO716000001023;1;;2022-08-29 00:00:00;;;;
716000000640;RT716000000493;;FO716000000699;2;;2022-08-29 00:00:00;;;;
716000000641;RT716000000494;;FO716000001024;1;;2022-08-29 00:00:00;;;;
716000000642;RT716000000494;;FO716000000700;2;;2022-08-29 00:00:00;;;;
716000000643;RT716000000495;;FO716000000701;1;;2022-08-29 00:00:00;;;;
716000000644;RT716000000495;;FO716000001025;2;;2022-08-29 00:00:00;;;;
716000000645;RT716000000496;;FO716000001026;1;;2022-08-29 00:00:00;;;;
716000000646;RT716000000496;;FO716000000702;2;;2022-08-29 00:00:00;;;;
716000000647;RT716000000497;;FO716000001027;1;;2022-08-29 00:00:00;;;;
716000000648;RT716000000497;;FO716000000703;2;;2022-08-29 00:00:00;;;;
716000000649;RT716000000497;;FO716000001051;3;;2022-08-29 00:00:00;;;;
716000000650;RT716000000498;;FO716000000704;1;;2022-08-29 00:00:00;;;;
716000000651;RT716000000498;;FO716000001028;2;;2022-08-29 00:00:00;;;;
716000000652;RT716000000498;;FO716000001052;3;;2022-08-29 00:00:00;;;;
716000000653;RT716000000499;;FO716000001029;1;;2022-08-29 00:00:00;;;;
716000000654;RT716000000499;;FO716000001053;2;;2022-08-29 00:00:00;;;;
716000000655;RT716000000499;;FO716000000705;3;;2022-08-29 00:00:00;;;;
716000000656;RT716000000500;;FO716000000706;1;;2022-08-29 00:00:00;;;;
716000000657;RT716000000500;;FO716000001030;2;;2022-08-29 00:00:00;;;;
716000000658;RT716000000500;;FO716000001054;3;;2022-08-29 00:00:00;;;;
716000000659;RT716000000501;;FO716000001031;1;;2022-08-29 00:00:00;;;;
716000000660;RT716000000501;;FO716000001055;2;;2022-08-29 00:00:00;;;;
716000000661;RT716000000501;;FO716000000707;3;;2022-08-29 00:00:00;;;;
716000000662;RT716000000502;;FO716000001032;1;;2022-08-29 00:00:00;;;;
716000000663;RT716000000502;;FO716000000708;2;;2022-08-29 00:00:00;;;;
716000000664;RT716000000502;;FO716000001056;3;;2022-08-29 00:00:00;;;;
716000000665;RT716000000503;;FO716000001057;1;;2022-08-29 00:00:00;;;;
716000000666;RT716000000503;;FO716000001081;2;;2022-08-29 00:00:00;;;;
716000000667;RT716000000503;;FO716000000709;3;;2022-08-29 00:00:00;;;;
716000000668;RT716000000503;;FO716000001033;4;;2022-08-29 00:00:00;;;;
716000000669;RT716000000504;;FO716000001034;1;;2022-08-29 00:00:00;;;;
716000000670;RT716000000504;;FO716000001082;2;;2022-08-29 00:00:00;;;;
716000000671;RT716000000504;;FO716000000710;3;;2022-08-29 00:00:00;;;;
716000000672;RT716000000504;;FO716000001058;4;;2022-08-29 00:00:00;;;;
716000000673;RT716000000505;;FO716000001059;1;;2022-08-29 00:00:00;;;;
716000000674;RT716000000505;;FO716000001035;2;;2022-08-29 00:00:00;;;;
716000000675;RT716000000505;;FO716000001083;3;;2022-08-29 00:00:00;;;;
716000000676;RT716000000505;;FO716000000711;4;;2022-08-29 00:00:00;;;;
716000000677;RT716000000506;;FO716000001060;1;;2022-08-29 00:00:00;;;;
716000000678;RT716000000506;;FO716000000712;2;;2022-08-29 00:00:00;;;;
716000000679;RT716000000506;;FO716000001084;3;;2022-08-29 00:00:00;;;;
716000000680;RT716000000506;;FO716000001036;4;;2022-08-29 00:00:00;;;;
716000000681;RT716000000507;;FO716000000713;1;;2022-08-29 00:00:00;;;;
716000000682;RT716000000507;;FO716000001061;2;;2022-08-29 00:00:00;;;;
716000000683;RT716000000507;;FO716000001037;3;;2022-08-29 00:00:00;;;;
716000000684;RT716000000507;;FO716000001085;4;;2022-08-29 00:00:00;;;;
716000000685;RT716000000508;;FO716000000714;1;;2022-08-29 00:00:00;;;;
716000000686;RT716000000508;;FO716000001038;2;;2022-08-29 00:00:00;;;;
716000000687;RT716000000508;;FO716000001086;3;;2022-08-29 00:00:00;;;;
716000000688;RT716000000508;;FO716000001062;4;;2022-08-29 00:00:00;;;;
716000000689;RT716000000509;;FO716000000715;1;;2022-08-29 00:00:00;;;;
716000000690;RT716000000509;;FO716000001111;2;;2022-08-29 00:00:00;;;;
716000000691;RT716000000509;;FO716000001087;3;;2022-08-29 00:00:00;;;;
716000000692;RT716000000509;;FO716000001063;4;;2022-08-29 00:00:00;;;;
716000000693;RT716000000509;;FO716000001039;5;;2022-08-29 00:00:00;;;;
716000000694;RT716000000510;;FO716000001112;1;;2022-08-29 00:00:00;;;;
716000000695;RT716000000510;;FO716000000716;2;;2022-08-29 00:00:00;;;;
716000000696;RT716000000510;;FO716000001088;3;;2022-08-29 00:00:00;;;;
716000000697;RT716000000510;;FO716000001040;4;;2022-08-29 00:00:00;;;;
716000000698;RT716000000510;;FO716000001064;5;;2022-08-29 00:00:00;;;;
716000000699;RT716000000511;;FO716000001113;1;;2022-08-29 00:00:00;;;;
716000000700;RT716000000511;;FO716000001065;2;;2022-08-29 00:00:00;;;;
716000000701;RT716000000511;;FO716000001089;3;;2022-08-29 00:00:00;;;;
716000000702;RT716000000511;;FO716000001041;4;;2022-08-29 00:00:00;;;;
716000000703;RT716000000511;;FO716000000717;5;;2022-08-29 00:00:00;;;;
716000000704;RT716000000512;;FO716000000718;1;;2022-08-29 00:00:00;;;;
716000000705;RT716000000512;;FO716000001090;2;;2022-08-29 00:00:00;;;;
716000000706;RT716000000512;;FO716000001042;3;;2022-08-29 00:00:00;;;;
716000000707;RT716000000512;;FO716000001114;4;;2022-08-29 00:00:00;;;;
716000000708;RT716000000512;;FO716000001066;5;;2022-08-29 00:00:00;;;;
716000000709;RT716000000513;;FO716000001067;1;;2022-08-29 00:00:00;;;;
716000000710;RT716000000513;;FO716000000719;2;;2022-08-29 00:00:00;;;;
716000000711;RT716000000513;;FO716000001091;3;;2022-08-29 00:00:00;;;;
716000000712;RT716000000513;;FO716000001043;4;;2022-08-29 00:00:00;;;;
716000000713;RT716000000513;;FO716000001115;5;;2022-08-29 00:00:00;;;;
716000000714;RT716000000514;;FO716000001068;1;;2022-08-29 00:00:00;;;;
716000000715;RT716000000514;;FO716000001116;2;;2022-08-29 00:00:00;;;;
716000000716;RT716000000514;;FO716000000720;3;;2022-08-29 00:00:00;;;;
716000000717;RT716000000514;;FO716000001044;4;;2022-08-29 00:00:00;;;;
716000000718;RT716000000514;;FO716000001092;5;;2022-08-29 00:00:00;;;;
716000000719;RT716000000515;;FO716000000721;1;;2022-08-29 00:00:00;;;;
716000000720;RT716000000515;;FO716000001117;2;;2022-08-29 00:00:00;;;;
716000000721;RT716000000516;;FO716000001118;1;;2022-08-29 00:00:00;;;;
716000000722;RT716000000516;;FO716000000722;2;;2022-08-29 00:00:00;;;;
716000000723;RT716000000517;;FO716000000723;1;;2022-08-29 00:00:00;;;;
716000000724;RT716000000517;;FO716000001119;2;;2022-08-29 00:00:00;;;;
716000000725;RT716000000518;;FO716000000724;1;;2022-08-29 00:00:00;;;;
716000000726;RT716000000518;;FO716000001120;2;;2022-08-29 00:00:00;;;;
716000000727;RT716000000519;;FO716000000725;1;;2022-08-29 00:00:00;;;;
716000000728;RT716000000519;;FO716000001121;2;;2022-08-29 00:00:00;;;;
716000000729;RT716000000520;;FO716000001122;1;;2022-08-29 00:00:00;;;;
716000000730;RT716000000520;;FO716000000726;2;;2022-08-29 00:00:00;;;;
716000000731;RT716000000521;;FO716000001135;1;;2022-08-29 00:00:00;;;;
716000000732;RT716000000521;;FO716000000727;2;;2022-08-29 00:00:00;;;;
716000000733;RT716000000521;;FO716000001123;3;;2022-08-29 00:00:00;;;;
716000000734;RT716000000522;;FO716000000728;1;;2022-08-29 00:00:00;;;;
716000000735;RT716000000522;;FO716000001124;2;;2022-08-29 00:00:00;;;;
716000000736;RT716000000522;;FO716000001136;3;;2022-08-29 00:00:00;;;;
716000000737;RT716000000523;;FO716000001125;1;;2022-08-29 00:00:00;;;;
716000000738;RT716000000523;;FO716000001137;2;;2022-08-29 00:00:00;;;;
716000000739;RT716000000523;;FO716000000729;3;;2022-08-29 00:00:00;;;;
716000000740;RT716000000524;;FO716000001126;1;;2022-08-29 00:00:00;;;;
716000000741;RT716000000524;;FO716000001138;2;;2022-08-29 00:00:00;;;;
716000000742;RT716000000524;;FO716000000730;3;;2022-08-29 00:00:00;;;;
716000000743;RT716000000525;;FO716000001127;1;;2022-08-29 00:00:00;;;;
716000000744;RT716000000525;;FO716000001139;2;;2022-08-29 00:00:00;;;;
716000000745;RT716000000525;;FO716000000731;3;;2022-08-29 00:00:00;;;;
716000000746;RT716000000526;;FO716000001140;1;;2022-08-29 00:00:00;;;;
716000000747;RT716000000526;;FO716000000732;2;;2022-08-29 00:00:00;;;;
716000000748;RT716000000526;;FO716000001128;3;;2022-08-29 00:00:00;;;;
716000000749;RT716000000527;;FO716000001141;1;;2022-08-29 00:00:00;;;;
716000000750;RT716000000527;;FO716000000733;2;;2022-08-29 00:00:00;;;;
716000000751;RT716000000528;;FO716000000734;1;;2022-08-29 00:00:00;;;;
716000000752;RT716000000528;;FO716000001142;2;;2022-08-29 00:00:00;;;;
716000000753;RT716000000529;;FO716000001143;1;;2022-08-29 00:00:00;;;;
716000000754;RT716000000529;;FO716000000735;2;;2022-08-29 00:00:00;;;;
716000000755;RT716000000530;;FO716000001144;1;;2022-08-29 00:00:00;;;;
716000000756;RT716000000530;;FO716000000736;2;;2022-08-29 00:00:00;;;;
716000000757;RT716000000531;;FO716000000737;1;;2022-08-29 00:00:00;;;;
716000000758;RT716000000531;;FO716000001145;2;;2022-08-29 00:00:00;;;;
716000000759;RT716000000532;;FO716000000738;1;;2022-08-29 00:00:00;;;;
716000000760;RT716000000532;;FO716000001146;2;;2022-08-29 00:00:00;;;;
716000000761;RT716000000533;;FO716000000739;1;;2022-08-29 00:00:00;;;;
716000000762;RT716000000533;;FO716000001159;2;;2022-08-29 00:00:00;;;;
716000000763;RT716000000533;;FO716000001147;3;;2022-08-29 00:00:00;;;;
716000000764;RT716000000534;;FO716000001160;1;;2022-08-29 00:00:00;;;;
716000000765;RT716000000534;;FO716000000740;2;;2022-08-29 00:00:00;;;;
716000000766;RT716000000534;;FO716000001148;3;;2022-08-29 00:00:00;;;;
716000000767;RT716000000535;;FO716000001161;1;;2022-08-29 00:00:00;;;;
716000000768;RT716000000535;;FO716000000741;2;;2022-08-29 00:00:00;;;;
716000000769;RT716000000535;;FO716000001149;3;;2022-08-29 00:00:00;;;;
716000000770;RT716000000536;;FO716000001150;1;;2022-08-29 00:00:00;;;;
716000000771;RT716000000536;;FO716000001162;2;;2022-08-29 00:00:00;;;;
716000000772;RT716000000536;;FO716000000742;3;;2022-08-29 00:00:00;;;;
716000000773;RT716000000537;;FO716000001151;1;;2022-08-29 00:00:00;;;;
716000000774;RT716000000537;;FO716000000743;2;;2022-08-29 00:00:00;;;;
716000000775;RT716000000537;;FO716000001163;3;;2022-08-29 00:00:00;;;;
716000000776;RT716000000538;;FO716000001164;1;;2022-08-29 00:00:00;;;;
716000000777;RT716000000538;;FO716000000744;2;;2022-08-29 00:00:00;;;;
716000000778;RT716000000538;;FO716000001152;3;;2022-08-29 00:00:00;;;;
716000000779;RT716000000539;;FO716000001165;1;;2022-08-29 00:00:00;;;;
716000000780;RT716000000539;;FO716000000745;2;;2022-08-29 00:00:00;;;;
716000000781;RT716000000540;;FO716000001166;1;;2022-08-29 00:00:00;;;;
716000000782;RT716000000540;;FO716000000746;2;;2022-08-29 00:00:00;;;;
716000000783;RT716000000541;;FO716000000747;1;;2022-08-29 00:00:00;;;;
716000000784;RT716000000541;;FO716000001167;2;;2022-08-29 00:00:00;;;;
716000000785;RT716000000542;;FO716000000748;1;;2022-08-29 00:00:00;;;;
716000000786;RT716000000542;;FO716000001168;2;;2022-08-29 00:00:00;;;;
716000000787;RT716000000543;;FO716000001169;1;;2022-08-29 00:00:00;;;;
716000000788;RT716000000543;;FO716000000749;2;;2022-08-29 00:00:00;;;;
716000000789;RT716000000544;;FO716000000750;1;;2022-08-29 00:00:00;;;;
716000000790;RT716000000544;;FO716000001170;2;;2022-08-29 00:00:00;;;;
716000000791;RT716000000545;;FO716000001183;1;;2022-08-29 00:00:00;;;;
716000000792;RT716000000545;;FO716000001171;2;;2022-08-29 00:00:00;;;;
716000000793;RT716000000545;;FO716000000751;3;;2022-08-29 00:00:00;;;;
716000000794;RT716000000546;;FO716000001184;1;;2022-08-29 00:00:00;;;;
716000000795;RT716000000546;;FO716000000752;2;;2022-08-29 00:00:00;;;;
716000000796;RT716000000546;;FO716000001172;3;;2022-08-29 00:00:00;;;;
716000000797;RT716000000547;;FO716000001173;1;;2022-08-29 00:00:00;;;;
716000000798;RT716000000547;;FO716000001185;2;;2022-08-29 00:00:00;;;;
716000000799;RT716000000547;;FO716000000753;3;;2022-08-29 00:00:00;;;;
716000000800;RT716000000548;;FO716000001186;1;;2022-08-29 00:00:00;;;;
716000000801;RT716000000548;;FO716000001174;2;;2022-08-29 00:00:00;;;;
716000000802;RT716000000548;;FO716000000754;3;;2022-08-29 00:00:00;;;;
716000000803;RT716000000549;;FO716000001187;1;;2022-08-29 00:00:00;;;;
716000000804;RT716000000549;;FO716000000755;2;;2022-08-29 00:00:00;;;;
716000000805;RT716000000549;;FO716000001175;3;;2022-08-29 00:00:00;;;;
716000000806;RT716000000550;;FO716000001176;1;;2022-08-29 00:00:00;;;;
716000000807;RT716000000550;;FO716000000756;2;;2022-08-29 00:00:00;;;;
716000000808;RT716000000550;;FO716000001188;3;;2022-08-29 00:00:00;;;;
716000000809;RT716000000551;;FO716000000757;1;;2022-08-29 00:00:00;;;;
716000000810;RT716000000551;;FO716000001189;2;;2022-08-29 00:00:00;;;;
716000000811;RT716000000552;;FO716000001190;1;;2022-08-29 00:00:00;;;;
716000000812;RT716000000552;;FO716000000758;2;;2022-08-29 00:00:00;;;;
716000000813;RT716000000553;;FO716000001191;1;;2022-08-29 00:00:00;;;;
716000000814;RT716000000553;;FO716000000759;2;;2022-08-29 00:00:00;;;;
716000000815;RT716000000554;;FO716000001192;1;;2022-08-29 00:00:00;;;;
716000000816;RT716000000554;;FO716000000760;2;;2022-08-29 00:00:00;;;;
716000000817;RT716000000555;;FO716000000761;1;;2022-08-29 00:00:00;;;;
716000000818;RT716000000555;;FO716000001193;2;;2022-08-29 00:00:00;;;;
716000000819;RT716000000556;;FO716000001194;1;;2022-08-29 00:00:00;;;;
716000000820;RT716000000556;;FO716000000762;2;;2022-08-29 00:00:00;;;;
716000000821;RT716000000557;;FO716000000763;1;;2022-08-29 00:00:00;;;;
716000000822;RT716000000557;;FO716000001195;2;;2022-08-29 00:00:00;;;;
716000000823;RT716000000558;;FO716000001196;1;;2022-08-29 00:00:00;;;;
716000000824;RT716000000558;;FO716000000764;2;;2022-08-29 00:00:00;;;;
716000000825;RT716000000559;;FO716000000765;1;;2022-08-29 00:00:00;;;;
716000000826;RT716000000559;;FO716000001197;2;;2022-08-29 00:00:00;;;;
716000000827;RT716000000560;;FO716000000766;1;;2022-08-29 00:00:00;;;;
716000000828;RT716000000560;;FO716000001198;2;;2022-08-29 00:00:00;;;;
716000000829;RT716000000561;;FO716000001199;1;;2022-08-29 00:00:00;;;;
716000000830;RT716000000561;;FO716000000767;2;;2022-08-29 00:00:00;;;;
716000000831;RT716000000562;;FO716000001200;1;;2022-08-29 00:00:00;;;;
716000000832;RT716000000562;;FO716000000768;2;;2022-08-29 00:00:00;;;;
716000000833;RT716000000563;;FO716000001201;1;;2022-08-29 00:00:00;;;;
716000000834;RT716000000563;;FO716000000769;2;;2022-08-29 00:00:00;;;;
716000000835;RT716000000564;;FO716000000770;1;;2022-08-29 00:00:00;;;;
716000000836;RT716000000564;;FO716000001202;2;;2022-08-29 00:00:00;;;;
716000000837;RT716000000565;;FO716000000771;1;;2022-08-29 00:00:00;;;;
716000000838;RT716000000565;;FO716000001203;2;;2022-08-29 00:00:00;;;;
716000000839;RT716000000566;;FO716000000772;1;;2022-08-29 00:00:00;;;;
716000000840;RT716000000566;;FO716000001204;2;;2022-08-29 00:00:00;;;;
716000000841;RT716000000567;;FO716000000773;1;;2022-08-29 00:00:00;;;;
716000000842;RT716000000567;;FO716000001205;2;;2022-08-29 00:00:00;;;;
716000000843;RT716000000568;;FO716000000774;1;;2022-08-29 00:00:00;;;;
716000000844;RT716000000568;;FO716000001206;2;;2022-08-29 00:00:00;;;;
716000000845;RT716000000569;;FO716000001207;1;;2022-08-29 00:00:00;;;;
716000000846;RT716000000569;;FO716000000775;2;;2022-08-29 00:00:00;;;;
716000000847;RT716000000570;;FO716000000776;1;;2022-08-29 00:00:00;;;;
716000000848;RT716000000570;;FO716000001208;2;;2022-08-29 00:00:00;;;;
716000000849;RT716000000571;;FO716000000777;1;;2022-08-29 00:00:00;;;;
716000000850;RT716000000571;;FO716000001209;2;;2022-08-29 00:00:00;;;;
716000000851;RT716000000572;;FO716000001210;1;;2022-08-29 00:00:00;;;;
716000000852;RT716000000572;;FO716000000778;2;;2022-08-29 00:00:00;;;;
716000000853;RT716000000573;;FO716000000779;1;;2022-08-29 00:00:00;;;;
716000000854;RT716000000573;;FO716000001211;2;;2022-08-29 00:00:00;;;;
716000000855;RT716000000574;;FO716000001212;1;;2022-08-29 00:00:00;;;;
716000000856;RT716000000574;;FO716000000780;2;;2022-08-29 00:00:00;;;;
716000000857;RT716000000575;;FO716000001357;1;;2022-08-29 00:00:00;;;;
716000000858;RT716000000575;;FO716000001405;2;;2022-08-29 00:00:00;;;;
716000000859;RT716000000575;;FO716000001213;3;;2022-08-29 00:00:00;;;;
716000000860;RT716000000576;;FO716000001358;1;;2022-08-29 00:00:00;;;;
716000000861;RT716000000576;;FO716000001214;2;;2022-08-29 00:00:00;;;;
716000000862;RT716000000576;;FO716000001406;3;;2022-08-29 00:00:00;;;;
716000000863;RT716000000577;;FO716000001215;1;;2022-08-29 00:00:00;;;;
716000000864;RT716000000577;;FO716000001359;2;;2022-08-29 00:00:00;;;;
716000000865;RT716000000577;;FO716000001407;3;;2022-08-29 00:00:00;;;;
716000000866;RT716000000578;;FO716000001408;1;;2022-08-29 00:00:00;;;;
716000000867;RT716000000578;;FO716000001216;2;;2022-08-29 00:00:00;;;;
716000000868;RT716000000578;;FO716000001360;3;;2022-08-29 00:00:00;;;;
716000000869;RT716000000579;;FO716000001409;1;;2022-08-29 00:00:00;;;;
716000000870;RT716000000579;;FO716000001361;2;;2022-08-29 00:00:00;;;;
716000000871;RT716000000579;;FO716000001217;3;;2022-08-29 00:00:00;;;;
716000000872;RT716000000580;;FO716000001410;1;;2022-08-29 00:00:00;;;;
716000000873;RT716000000580;;FO716000001362;2;;2022-08-29 00:00:00;;;;
716000000874;RT716000000580;;FO716000001218;3;;2022-08-29 00:00:00;;;;
716000000875;RT716000000581;;FO716000001219;1;;2022-08-29 00:00:00;;;;
716000000876;RT716000000581;;FO716000001411;2;;2022-08-29 00:00:00;;;;
716000000877;RT716000000581;;FO716000001435;3;;2022-08-29 00:00:00;;;;
716000000878;RT716000000581;;FO716000001363;4;;2022-08-29 00:00:00;;;;
716000000879;RT716000000582;;FO716000001436;1;;2022-08-29 00:00:00;;;;
716000000880;RT716000000582;;FO716000001220;2;;2022-08-29 00:00:00;;;;
716000000881;RT716000000582;;FO716000001412;3;;2022-08-29 00:00:00;;;;
716000000882;RT716000000582;;FO716000001364;4;;2022-08-29 00:00:00;;;;
716000000883;RT716000000583;;FO716000001413;1;;2022-08-29 00:00:00;;;;
716000000884;RT716000000583;;FO716000001365;2;;2022-08-29 00:00:00;;;;
716000000885;RT716000000583;;FO716000001437;3;;2022-08-29 00:00:00;;;;
716000000886;RT716000000583;;FO716000001221;4;;2022-08-29 00:00:00;;;;
716000000887;RT716000000584;;FO716000001222;1;;2022-08-29 00:00:00;;;;
716000000888;RT716000000584;;FO716000001438;2;;2022-08-29 00:00:00;;;;
716000000889;RT716000000584;;FO716000001366;3;;2022-08-29 00:00:00;;;;
716000000890;RT716000000584;;FO716000001414;4;;2022-08-29 00:00:00;;;;
716000000891;RT716000000585;;FO716000001223;1;;2022-08-29 00:00:00;;;;
716000000892;RT716000000585;;FO716000001415;2;;2022-08-29 00:00:00;;;;
716000000893;RT716000000585;;FO716000001367;3;;2022-08-29 00:00:00;;;;
716000000894;RT716000000585;;FO716000001439;4;;2022-08-29 00:00:00;;;;
716000000895;RT716000000586;;FO716000001224;1;;2022-08-29 00:00:00;;;;
716000000896;RT716000000586;;FO716000001440;2;;2022-08-29 00:00:00;;;;
716000000897;RT716000000586;;FO716000001368;3;;2022-08-29 00:00:00;;;;
716000000898;RT716000000586;;FO716000001416;4;;2022-08-29 00:00:00;;;;
716000000899;RT716000000587;;FO716000001417;1;;2022-08-29 00:00:00;;;;
716000000900;RT716000000587;;FO716000001441;2;;2022-08-29 00:00:00;;;;
716000000901;RT716000000587;;FO716000001369;3;;2022-08-29 00:00:00;;;;
716000000902;RT716000000587;;FO716000001465;4;;2022-08-29 00:00:00;;;;
716000000903;RT716000000587;;FO716000001225;5;;2022-08-29 00:00:00;;;;
716000000904;RT716000000588;;FO716000001370;1;;2022-08-29 00:00:00;;;;
716000000905;RT716000000588;;FO716000001466;2;;2022-08-29 00:00:00;;;;
716000000906;RT716000000588;;FO716000001418;3;;2022-08-29 00:00:00;;;;
716000000907;RT716000000588;;FO716000001226;4;;2022-08-29 00:00:00;;;;
716000000908;RT716000000588;;FO716000001442;5;;2022-08-29 00:00:00;;;;
716000000909;RT716000000589;;FO716000001371;1;;2022-08-29 00:00:00;;;;
716000000910;RT716000000589;;FO716000001227;2;;2022-08-29 00:00:00;;;;
716000000911;RT716000000589;;FO716000001467;3;;2022-08-29 00:00:00;;;;
716000000912;RT716000000589;;FO716000001419;4;;2022-08-29 00:00:00;;;;
716000000913;RT716000000589;;FO716000001443;5;;2022-08-29 00:00:00;;;;
716000000914;RT716000000590;;FO716000001228;1;;2022-08-29 00:00:00;;;;
716000000915;RT716000000590;;FO716000001468;2;;2022-08-29 00:00:00;;;;
716000000916;RT716000000590;;FO716000001444;3;;2022-08-29 00:00:00;;;;
716000000917;RT716000000590;;FO716000001372;4;;2022-08-29 00:00:00;;;;
716000000918;RT716000000590;;FO716000001420;5;;2022-08-29 00:00:00;;;;
716000000919;RT716000000591;;FO716000001229;1;;2022-08-29 00:00:00;;;;
716000000920;RT716000000591;;FO716000001445;2;;2022-08-29 00:00:00;;;;
716000000921;RT716000000591;;FO716000001421;3;;2022-08-29 00:00:00;;;;
716000000922;RT716000000591;;FO716000001373;4;;2022-08-29 00:00:00;;;;
716000000923;RT716000000591;;FO716000001469;5;;2022-08-29 00:00:00;;;;
716000000924;RT716000000592;;FO716000001446;1;;2022-08-29 00:00:00;;;;
716000000925;RT716000000592;;FO716000001374;2;;2022-08-29 00:00:00;;;;
716000000926;RT716000000592;;FO716000001470;3;;2022-08-29 00:00:00;;;;
716000000927;RT716000000592;;FO716000001230;4;;2022-08-29 00:00:00;;;;
716000000928;RT716000000592;;FO716000001422;5;;2022-08-29 00:00:00;;;;
716000000929;RT716000000593;;FO716000001231;1;;2022-08-29 00:00:00;;;;
716000000930;RT716000000593;;FO716000001375;2;;2022-08-29 00:00:00;;;;
716000000931;RT716000000593;;FO716000001447;3;;2022-08-29 00:00:00;;;;
716000000932;RT716000000593;;FO716000001471;4;;2022-08-29 00:00:00;;;;
716000000933;RT716000000593;;FO716000001495;5;;2022-08-29 00:00:00;;;;
716000000934;RT716000000593;;FO716000001423;6;;2022-08-29 00:00:00;;;;
716000000935;RT716000000594;;FO716000001448;1;;2022-08-29 00:00:00;;;;
716000000936;RT716000000594;;FO716000001424;2;;2022-08-29 00:00:00;;;;
716000000937;RT716000000594;;FO716000001232;3;;2022-08-29 00:00:00;;;;
716000000938;RT716000000594;;FO716000001472;4;;2022-08-29 00:00:00;;;;
716000000939;RT716000000594;;FO716000001496;5;;2022-08-29 00:00:00;;;;
716000000940;RT716000000594;;FO716000001376;6;;2022-08-29 00:00:00;;;;
716000000941;RT716000000595;;FO716000001233;1;;2022-08-29 00:00:00;;;;
716000000942;RT716000000595;;FO716000001449;2;;2022-08-29 00:00:00;;;;
716000000943;RT716000000595;;FO716000001497;3;;2022-08-29 00:00:00;;;;
716000000944;RT716000000595;;FO716000001473;4;;2022-08-29 00:00:00;;;;
716000000945;RT716000000595;;FO716000001425;5;;2022-08-29 00:00:00;;;;
716000000946;RT716000000595;;FO716000001377;6;;2022-08-29 00:00:00;;;;
716000000947;RT716000000596;;FO716000001450;1;;2022-08-29 00:00:00;;;;
716000000948;RT716000000596;;FO716000001498;2;;2022-08-29 00:00:00;;;;
716000000949;RT716000000596;;FO716000001474;3;;2022-08-29 00:00:00;;;;
716000000950;RT716000000596;;FO716000001378;4;;2022-08-29 00:00:00;;;;
716000000951;RT716000000596;;FO716000001234;5;;2022-08-29 00:00:00;;;;
716000000952;RT716000000596;;FO716000001426;6;;2022-08-29 00:00:00;;;;
716000000953;RT716000000597;;FO716000001499;1;;2022-08-29 00:00:00;;;;
716000000954;RT716000000597;;FO716000001451;2;;2022-08-29 00:00:00;;;;
716000000955;RT716000000597;;FO716000001235;3;;2022-08-29 00:00:00;;;;
716000000956;RT716000000597;;FO716000001475;4;;2022-08-29 00:00:00;;;;
716000000957;RT716000000597;;FO716000001379;5;;2022-08-29 00:00:00;;;;
716000000958;RT716000000597;;FO716000001427;6;;2022-08-29 00:00:00;;;;
716000000959;RT716000000598;;FO716000001500;1;;2022-08-29 00:00:00;;;;
716000000960;RT716000000598;;FO716000001476;2;;2022-08-29 00:00:00;;;;
716000000961;RT716000000598;;FO716000001236;3;;2022-08-29 00:00:00;;;;
716000000962;RT716000000598;;FO716000001380;4;;2022-08-29 00:00:00;;;;
716000000963;RT716000000598;;FO716000001452;5;;2022-08-29 00:00:00;;;;
716000000964;RT716000000598;;FO716000001428;6;;2022-08-29 00:00:00;;;;
716000000965;RT716000000599;;FO716000001237;1;;2022-08-29 00:00:00;;;;
716000000966;RT716000000599;;FO716000001381;2;;2022-08-29 00:00:00;;;;
716000000967;RT716000000599;;FO716000001501;3;;2022-08-29 00:00:00;;;;
716000000968;RT716000000600;;FO716000001238;1;;2022-08-29 00:00:00;;;;
716000000969;RT716000000600;;FO716000001382;2;;2022-08-29 00:00:00;;;;
716000000970;RT716000000600;;FO716000001502;3;;2022-08-29 00:00:00;;;;
716000000971;RT716000000601;;FO716000001239;1;;2022-08-29 00:00:00;;;;
716000000972;RT716000000601;;FO716000001503;2;;2022-08-29 00:00:00;;;;
716000000973;RT716000000601;;FO716000001383;3;;2022-08-29 00:00:00;;;;
716000000974;RT716000000602;;FO716000001516;1;;2022-08-29 00:00:00;;;;
716000000975;RT716000000602;;FO716000001504;2;;2022-08-29 00:00:00;;;;
716000000976;RT716000000602;;FO716000001528;3;;2022-08-29 00:00:00;;;;
716000000977;RT716000000602;;FO716000001384;4;;2022-08-29 00:00:00;;;;
716000000978;RT716000000602;;FO716000001240;5;;2022-08-29 00:00:00;;;;
716000000979;RT716000000603;;FO716000001505;1;;2022-08-29 00:00:00;;;;
716000000980;RT716000000603;;FO716000001529;2;;2022-08-29 00:00:00;;;;
716000000981;RT716000000603;;FO716000001385;3;;2022-08-29 00:00:00;;;;
716000000982;RT716000000603;;FO716000001517;4;;2022-08-29 00:00:00;;;;
716000000983;RT716000000603;;FO716000001241;5;;2022-08-29 00:00:00;;;;
716000000984;RT716000000604;;FO716000001518;1;;2022-08-29 00:00:00;;;;
716000000985;RT716000000604;;FO716000001242;2;;2022-08-29 00:00:00;;;;
716000000986;RT716000000604;;FO716000001530;3;;2022-08-29 00:00:00;;;;
716000000987;RT716000000604;;FO716000001506;4;;2022-08-29 00:00:00;;;;
716000000988;RT716000000604;;FO716000001386;5;;2022-08-29 00:00:00;;;;
716000000989;RT716000000605;;FO716000001507;1;;2022-08-29 00:00:00;;;;
716000000990;RT716000000605;;FO716000001387;2;;2022-08-29 00:00:00;;;;
716000000991;RT716000000605;;FO716000001519;3;;2022-08-29 00:00:00;;;;
716000000992;RT716000000605;;FO716000001243;4;;2022-08-29 00:00:00;;;;
716000000993;RT716000000606;;FO716000001508;1;;2022-08-29 00:00:00;;;;
716000000994;RT716000000606;;FO716000001520;2;;2022-08-29 00:00:00;;;;
716000000995;RT716000000606;;FO716000001244;3;;2022-08-29 00:00:00;;;;
716000000996;RT716000000606;;FO716000001388;4;;2022-08-29 00:00:00;;;;
716000000997;RT716000000607;;FO716000001245;1;;2022-08-29 00:00:00;;;;
716000000998;RT716000000607;;FO716000001509;2;;2022-08-29 00:00:00;;;;
716000000999;RT716000000607;;FO716000001521;3;;2022-08-29 00:00:00;;;;
716000001000;RT716000000607;;FO716000001389;4;;2022-08-29 00:00:00;;;;
716000001001;RT716000000608;;FO716000001522;1;;2022-08-29 00:00:00;;;;
716000001002;RT716000000608;;FO716000001510;2;;2022-08-29 00:00:00;;;;
716000001003;RT716000000608;;FO716000001390;3;;2022-08-29 00:00:00;;;;
716000001004;RT716000000608;;FO716000001246;4;;2022-08-29 00:00:00;;;;
716000001005;RT716000000609;;FO716000001511;1;;2022-08-29 00:00:00;;;;
716000001006;RT716000000609;;FO716000001523;2;;2022-08-29 00:00:00;;;;
716000001007;RT716000000609;;FO716000001247;3;;2022-08-29 00:00:00;;;;
716000001008;RT716000000609;;FO716000001391;4;;2022-08-29 00:00:00;;;;
716000001009;RT716000000610;;FO716000001392;1;;2022-08-29 00:00:00;;;;
716000001010;RT716000000610;;FO716000001524;2;;2022-08-29 00:00:00;;;;
716000001011;RT716000000610;;FO716000001512;3;;2022-08-29 00:00:00;;;;
716000001012;RT716000000610;;FO716000001248;4;;2022-08-29 00:00:00;;;;
716000001013;RT716000000611;;FO716000001393;1;;2022-08-29 00:00:00;;;;
716000001014;RT716000000611;;FO716000001537;2;;2022-08-29 00:00:00;;;;
716000001015;RT716000000611;;FO716000001249;3;;2022-08-29 00:00:00;;;;
716000001016;RT716000000612;;FO716000001250;1;;2022-08-29 00:00:00;;;;
716000001017;RT716000000612;;FO716000001394;2;;2022-08-29 00:00:00;;;;
716000001018;RT716000000612;;FO716000001538;3;;2022-08-29 00:00:00;;;;
716000001019;RT716000000613;;FO716000001539;1;;2022-08-29 00:00:00;;;;
716000001020;RT716000000613;;FO716000001395;2;;2022-08-29 00:00:00;;;;
716000001021;RT716000000613;;FO716000001251;3;;2022-08-29 00:00:00;;;;
716000001022;RT716000000614;;FO716000001396;1;;2022-08-29 00:00:00;;;;
716000001023;RT716000000614;;FO716000001540;2;;2022-08-29 00:00:00;;;;
716000001024;RT716000000614;;FO716000001252;3;;2022-08-29 00:00:00;;;;
716000001025;RT716000000615;;FO716000001397;1;;2022-08-29 00:00:00;;;;
716000001026;RT716000000615;;FO716000001253;2;;2022-08-29 00:00:00;;;;
716000001027;RT716000000615;;FO716000001541;3;;2022-08-29 00:00:00;;;;
716000001028;RT716000000616;;FO716000001542;1;;2022-08-29 00:00:00;;;;
716000001029;RT716000000616;;FO716000001398;2;;2022-08-29 00:00:00;;;;
716000001030;RT716000000616;;FO716000001254;3;;2022-08-29 00:00:00;;;;
716000001031;RT716000000617;;FO716000001399;1;;2022-08-29 00:00:00;;;;
716000001032;RT716000000617;;FO716000001543;2;;2022-08-29 00:00:00;;;;
716000001033;RT716000000617;;FO716000001255;3;;2022-08-29 00:00:00;;;;
716000001034;RT716000000617;;FO716000001555;4;;2022-08-29 00:00:00;;;;
716000001035;RT716000000618;;FO716000001400;1;;2022-08-29 00:00:00;;;;
716000001036;RT716000000618;;FO716000001544;2;;2022-08-29 00:00:00;;;;
716000001037;RT716000000618;;FO716000001556;3;;2022-08-29 00:00:00;;;;
716000001038;RT716000000618;;FO716000001256;4;;2022-08-29 00:00:00;;;;
716000001039;RT716000000619;;FO716000001257;1;;2022-08-29 00:00:00;;;;
716000001040;RT716000000619;;FO716000001545;2;;2022-08-29 00:00:00;;;;
716000001041;RT716000000619;;FO716000001557;3;;2022-08-29 00:00:00;;;;
716000001042;RT716000000619;;FO716000001401;4;;2022-08-29 00:00:00;;;;
716000001043;RT716000000620;;FO716000001546;1;;2022-08-29 00:00:00;;;;
716000001044;RT716000000620;;FO716000001558;2;;2022-08-29 00:00:00;;;;
716000001045;RT716000000620;;FO716000001258;3;;2022-08-29 00:00:00;;;;
716000001046;RT716000000620;;FO716000001402;4;;2022-08-29 00:00:00;;;;
716000001047;RT716000000621;;FO716000001547;1;;2022-08-29 00:00:00;;;;
716000001048;RT716000000621;;FO716000001259;2;;2022-08-29 00:00:00;;;;
716000001049;RT716000000621;;FO716000001559;3;;2022-08-29 00:00:00;;;;
716000001050;RT716000000621;;FO716000001403;4;;2022-08-29 00:00:00;;;;
716000001051;RT716000000622;;FO716000001548;1;;2022-08-29 00:00:00;;;;
716000001052;RT716000000622;;FO716000001560;2;;2022-08-29 00:00:00;;;;
716000001053;RT716000000622;;FO716000001260;3;;2022-08-29 00:00:00;;;;
716000001054;RT716000000622;;FO716000001404;4;;2022-08-29 00:00:00;;;;
716000001055;RT716000000623;;FO716000001561;1;;2022-08-29 00:00:00;;;;
716000001056;RT716000000623;;FO716000001261;2;;2022-08-29 00:00:00;;;;
716000001057;RT716000000624;;FO716000001562;1;;2022-08-29 00:00:00;;;;
716000001058;RT716000000624;;FO716000001262;2;;2022-08-29 00:00:00;;;;
716000001059;RT716000000625;;FO716000001563;1;;2022-08-29 00:00:00;;;;
716000001060;RT716000000625;;FO716000001263;2;;2022-08-29 00:00:00;;;;
716000001061;RT716000000626;;FO716000001564;1;;2022-08-29 00:00:00;;;;
716000001062;RT716000000626;;FO716000001264;2;;2022-08-29 00:00:00;;;;
716000001063;RT716000000627;;FO716000001265;1;;2022-08-29 00:00:00;;;;
716000001064;RT716000000627;;FO716000001565;2;;2022-08-29 00:00:00;;;;
716000001065;RT716000000628;;FO716000001266;1;;2022-08-29 00:00:00;;;;
716000001066;RT716000000628;;FO716000001566;2;;2022-08-29 00:00:00;;;;
716000001067;RT716000000629;;FO716000001591;1;;2022-08-29 00:00:00;;;;
716000001068;RT716000000629;;FO716000001267;2;;2022-08-29 00:00:00;;;;
716000001069;RT716000000629;;FO716000001567;3;;2022-08-29 00:00:00;;;;
716000001070;RT716000000630;;FO716000001592;1;;2022-08-29 00:00:00;;;;
716000001071;RT716000000630;;FO716000001268;2;;2022-08-29 00:00:00;;;;
716000001072;RT716000000630;;FO716000001568;3;;2022-08-29 00:00:00;;;;
716000001073;RT716000000631;;FO716000001593;1;;2022-08-29 00:00:00;;;;
716000001074;RT716000000631;;FO716000001569;2;;2022-08-29 00:00:00;;;;
716000001075;RT716000000631;;FO716000001269;3;;2022-08-29 00:00:00;;;;
716000001076;RT716000000632;;FO716000001594;1;;2022-08-29 00:00:00;;;;
716000001077;RT716000000632;;FO716000001570;2;;2022-08-29 00:00:00;;;;
716000001078;RT716000000632;;FO716000001270;3;;2022-08-29 00:00:00;;;;
716000001079;RT716000000633;;FO716000001571;1;;2022-08-29 00:00:00;;;;
716000001080;RT716000000633;;FO716000001271;2;;2022-08-29 00:00:00;;;;
716000001081;RT716000000633;;FO716000001595;3;;2022-08-29 00:00:00;;;;
716000001082;RT716000000634;;FO716000001572;1;;2022-08-29 00:00:00;;;;
716000001083;RT716000000634;;FO716000001272;2;;2022-08-29 00:00:00;;;;
716000001084;RT716000000634;;FO716000001596;3;;2022-08-29 00:00:00;;;;
716000001085;RT716000000635;;FO716000001273;1;;2022-08-29 00:00:00;;;;
716000001086;RT716000000635;;FO716000001597;2;;2022-08-29 00:00:00;;;;
716000001087;RT716000000635;;FO716000001573;3;;2022-08-29 00:00:00;;;;
716000001088;RT716000000635;;FO716000001621;4;;2022-08-29 00:00:00;;;;
716000001089;RT716000000636;;FO716000001274;1;;2022-08-29 00:00:00;;;;
716000001090;RT716000000636;;FO716000001622;2;;2022-08-29 00:00:00;;;;
716000001091;RT716000000636;;FO716000001574;3;;2022-08-29 00:00:00;;;;
716000001092;RT716000000636;;FO716000001598;4;;2022-08-29 00:00:00;;;;
716000001093;RT716000000637;;FO716000001575;1;;2022-08-29 00:00:00;;;;
716000001094;RT716000000637;;FO716000001275;2;;2022-08-29 00:00:00;;;;
716000001095;RT716000000637;;FO716000001599;3;;2022-08-29 00:00:00;;;;
716000001096;RT716000000637;;FO716000001623;4;;2022-08-29 00:00:00;;;;
716000001097;RT716000000638;;FO716000001276;1;;2022-08-29 00:00:00;;;;
716000001098;RT716000000638;;FO716000001624;2;;2022-08-29 00:00:00;;;;
716000001099;RT716000000638;;FO716000001600;3;;2022-08-29 00:00:00;;;;
716000001100;RT716000000638;;FO716000001576;4;;2022-08-29 00:00:00;;;;
716000001101;RT716000000639;;FO716000001601;1;;2022-08-29 00:00:00;;;;
716000001102;RT716000000639;;FO716000001625;2;;2022-08-29 00:00:00;;;;
716000001103;RT716000000639;;FO716000001577;3;;2022-08-29 00:00:00;;;;
716000001104;RT716000000639;;FO716000001277;4;;2022-08-29 00:00:00;;;;
716000001105;RT716000000640;;FO716000001626;1;;2022-08-29 00:00:00;;;;
716000001106;RT716000000640;;FO716000001278;2;;2022-08-29 00:00:00;;;;
716000001107;RT716000000640;;FO716000001578;3;;2022-08-29 00:00:00;;;;
716000001108;RT716000000640;;FO716000001602;4;;2022-08-29 00:00:00;;;;
716000001109;RT716000000641;;FO716000001633;1;;2022-08-29 00:00:00;;;;
716000001110;RT716000000641;;FO716000001279;2;;2022-08-29 00:00:00;;;;
716000001111;RT716000000642;;FO716000001634;1;;2022-08-29 00:00:00;;;;
716000001112;RT716000000642;;FO716000001280;2;;2022-08-29 00:00:00;;;;
716000001113;RT716000000643;;FO716000001635;1;;2022-08-29 00:00:00;;;;
716000001114;RT716000000643;;FO716000001281;2;;2022-08-29 00:00:00;;;;
716000001115;RT716000000644;;FO716000001282;1;;2022-08-29 00:00:00;;;;
716000001116;RT716000000644;;FO716000001636;2;;2022-08-29 00:00:00;;;;
716000001117;RT716000000645;;FO716000001637;1;;2022-08-29 00:00:00;;;;
716000001118;RT716000000645;;FO716000001283;2;;2022-08-29 00:00:00;;;;
716000001119;RT716000000646;;FO716000001284;1;;2022-08-29 00:00:00;;;;
716000001120;RT716000000646;;FO716000001638;2;;2022-08-29 00:00:00;;;;
716000001121;RT716000000647;;FO716000001285;1;;2022-08-29 00:00:00;;;;
716000001122;RT716000000647;;FO716000001639;2;;2022-08-29 00:00:00;;;;
716000001123;RT716000000647;;FO716000001663;3;;2022-08-29 00:00:00;;;;
716000001124;RT716000000648;;FO716000001664;1;;2022-08-29 00:00:00;;;;
716000001125;RT716000000648;;FO716000001286;2;;2022-08-29 00:00:00;;;;
716000001126;RT716000000648;;FO716000001640;3;;2022-08-29 00:00:00;;;;
716000001127;RT716000000649;;FO716000001287;1;;2022-08-29 00:00:00;;;;
716000001128;RT716000000649;;FO716000001641;2;;2022-08-29 00:00:00;;;;
716000001129;RT716000000649;;FO716000001665;3;;2022-08-29 00:00:00;;;;
716000001130;RT716000000650;;FO716000001642;1;;2022-08-29 00:00:00;;;;
716000001131;RT716000000650;;FO716000001666;2;;2022-08-29 00:00:00;;;;
716000001132;RT716000000650;;FO716000001288;3;;2022-08-29 00:00:00;;;;
716000001133;RT716000000651;;FO716000001289;1;;2022-08-29 00:00:00;;;;
716000001134;RT716000000651;;FO716000001643;2;;2022-08-29 00:00:00;;;;
716000001135;RT716000000651;;FO716000001667;3;;2022-08-29 00:00:00;;;;
716000001136;RT716000000652;;FO716000001644;1;;2022-08-29 00:00:00;;;;
716000001137;RT716000000652;;FO716000001290;2;;2022-08-29 00:00:00;;;;
716000001138;RT716000000652;;FO716000001668;3;;2022-08-29 00:00:00;;;;
716000001139;RT716000000653;;FO716000001645;1;;2022-08-29 00:00:00;;;;
716000001140;RT716000000653;;FO716000001669;2;;2022-08-29 00:00:00;;;;
716000001141;RT716000000653;;FO716000001291;3;;2022-08-29 00:00:00;;;;
716000001142;RT716000000653;;FO716000001693;4;;2022-08-29 00:00:00;;;;
716000001143;RT716000000654;;FO716000001646;1;;2022-08-29 00:00:00;;;;
716000001144;RT716000000654;;FO716000001292;2;;2022-08-29 00:00:00;;;;
716000001145;RT716000000654;;FO716000001694;3;;2022-08-29 00:00:00;;;;
716000001146;RT716000000654;;FO716000001670;4;;2022-08-29 00:00:00;;;;
716000001147;RT716000000655;;FO716000001293;1;;2022-08-29 00:00:00;;;;
716000001148;RT716000000655;;FO716000001671;2;;2022-08-29 00:00:00;;;;
716000001149;RT716000000655;;FO716000001695;3;;2022-08-29 00:00:00;;;;
716000001150;RT716000000655;;FO716000001647;4;;2022-08-29 00:00:00;;;;
716000001151;RT716000000656;;FO716000001294;1;;2022-08-29 00:00:00;;;;
716000001152;RT716000000656;;FO716000001696;2;;2022-08-29 00:00:00;;;;
716000001153;RT716000000656;;FO716000001648;3;;2022-08-29 00:00:00;;;;
716000001154;RT716000000656;;FO716000001672;4;;2022-08-29 00:00:00;;;;
716000001155;RT716000000657;;FO716000001295;1;;2022-08-29 00:00:00;;;;
716000001156;RT716000000657;;FO716000001697;2;;2022-08-29 00:00:00;;;;
716000001157;RT716000000657;;FO716000001673;3;;2022-08-29 00:00:00;;;;
716000001158;RT716000000657;;FO716000001649;4;;2022-08-29 00:00:00;;;;
716000001159;RT716000000658;;FO716000001674;1;;2022-08-29 00:00:00;;;;
716000001160;RT716000000658;;FO716000001296;2;;2022-08-29 00:00:00;;;;
716000001161;RT716000000658;;FO716000001698;3;;2022-08-29 00:00:00;;;;
716000001162;RT716000000658;;FO716000001650;4;;2022-08-29 00:00:00;;;;
716000001163;RT716000000659;;FO716000001699;1;;2022-08-29 00:00:00;;;;
716000001164;RT716000000659;;FO716000001723;2;;2022-08-29 00:00:00;;;;
716000001165;RT716000000659;;FO716000001675;3;;2022-08-29 00:00:00;;;;
716000001166;RT716000000659;;FO716000001297;4;;2022-08-29 00:00:00;;;;
716000001167;RT716000000659;;FO716000001651;5;;2022-08-29 00:00:00;;;;
716000001168;RT716000000660;;FO716000001676;1;;2022-08-29 00:00:00;;;;
716000001169;RT716000000660;;FO716000001724;2;;2022-08-29 00:00:00;;;;
716000001170;RT716000000660;;FO716000001700;3;;2022-08-29 00:00:00;;;;
716000001171;RT716000000660;;FO716000001652;4;;2022-08-29 00:00:00;;;;
716000001172;RT716000000660;;FO716000001298;5;;2022-08-29 00:00:00;;;;
716000001173;RT716000000661;;FO716000001677;1;;2022-08-29 00:00:00;;;;
716000001174;RT716000000661;;FO716000001725;2;;2022-08-29 00:00:00;;;;
716000001175;RT716000000661;;FO716000001701;3;;2022-08-29 00:00:00;;;;
716000001176;RT716000000661;;FO716000001653;4;;2022-08-29 00:00:00;;;;
716000001177;RT716000000661;;FO716000001299;5;;2022-08-29 00:00:00;;;;
716000001178;RT716000000662;;FO716000001702;1;;2022-08-29 00:00:00;;;;
716000001179;RT716000000662;;FO716000001726;2;;2022-08-29 00:00:00;;;;
716000001180;RT716000000662;;FO716000001654;3;;2022-08-29 00:00:00;;;;
716000001181;RT716000000662;;FO716000001300;4;;2022-08-29 00:00:00;;;;
716000001182;RT716000000662;;FO716000001678;5;;2022-08-29 00:00:00;;;;
716000001183;RT716000000663;;FO716000001679;1;;2022-08-29 00:00:00;;;;
716000001184;RT716000000663;;FO716000001655;2;;2022-08-29 00:00:00;;;;
716000001185;RT716000000663;;FO716000001727;3;;2022-08-29 00:00:00;;;;
716000001186;RT716000000663;;FO716000001301;4;;2022-08-29 00:00:00;;;;
716000001187;RT716000000663;;FO716000001703;5;;2022-08-29 00:00:00;;;;
716000001188;RT716000000664;;FO716000001656;1;;2022-08-29 00:00:00;;;;
716000001189;RT716000000664;;FO716000001728;2;;2022-08-29 00:00:00;;;;
716000001190;RT716000000664;;FO716000001302;3;;2022-08-29 00:00:00;;;;
716000001191;RT716000000664;;FO716000001680;4;;2022-08-29 00:00:00;;;;
716000001192;RT716000000664;;FO716000001704;5;;2022-08-29 00:00:00;;;;
716000001193;RT716000000665;;FO716000001729;1;;2022-08-29 00:00:00;;;;
716000001194;RT716000000665;;FO716000001303;2;;2022-08-29 00:00:00;;;;
716000001195;RT716000000666;;FO716000001730;1;;2022-08-29 00:00:00;;;;
716000001196;RT716000000666;;FO716000001304;2;;2022-08-29 00:00:00;;;;
716000001197;RT716000000667;;FO716000001731;1;;2022-08-29 00:00:00;;;;
716000001198;RT716000000667;;FO716000001305;2;;2022-08-29 00:00:00;;;;
716000001199;RT716000000668;;FO716000001732;1;;2022-08-29 00:00:00;;;;
716000001200;RT716000000668;;FO716000001306;2;;2022-08-29 00:00:00;;;;
716000001201;RT716000000669;;FO716000001733;1;;2022-08-29 00:00:00;;;;
716000001202;RT716000000669;;FO716000001307;2;;2022-08-29 00:00:00;;;;
716000001203;RT716000000670;;FO716000001308;1;;2022-08-29 00:00:00;;;;
716000001204;RT716000000670;;FO716000001734;2;;2022-08-29 00:00:00;;;;
716000001205;RT716000000671;;FO716000001747;1;;2022-08-29 00:00:00;;;;
716000001206;RT716000000671;;FO716000001309;2;;2022-08-29 00:00:00;;;;
716000001207;RT716000000671;;FO716000001735;3;;2022-08-29 00:00:00;;;;
716000001208;RT716000000672;;FO716000001736;1;;2022-08-29 00:00:00;;;;
716000001209;RT716000000672;;FO716000001748;2;;2022-08-29 00:00:00;;;;
716000001210;RT716000000672;;FO716000001310;3;;2022-08-29 00:00:00;;;;
716000001211;RT716000000673;;FO716000001311;1;;2022-08-29 00:00:00;;;;
716000001212;RT716000000673;;FO716000001749;2;;2022-08-29 00:00:00;;;;
716000001213;RT716000000673;;FO716000001737;3;;2022-08-29 00:00:00;;;;
716000001214;RT716000000674;;FO716000001312;1;;2022-08-29 00:00:00;;;;
716000001215;RT716000000674;;FO716000001738;2;;2022-08-29 00:00:00;;;;
716000001216;RT716000000674;;FO716000001750;3;;2022-08-29 00:00:00;;;;
716000001217;RT716000000675;;FO716000001751;1;;2022-08-29 00:00:00;;;;
716000001218;RT716000000675;;FO716000001313;2;;2022-08-29 00:00:00;;;;
716000001219;RT716000000675;;FO716000001739;3;;2022-08-29 00:00:00;;;;
716000001220;RT716000000676;;FO716000001740;1;;2022-08-29 00:00:00;;;;
716000001221;RT716000000676;;FO716000001314;2;;2022-08-29 00:00:00;;;;
716000001222;RT716000000676;;FO716000001752;3;;2022-08-29 00:00:00;;;;
716000001223;RT716000000677;;FO716000001315;1;;2022-08-29 00:00:00;;;;
716000001224;RT716000000677;;FO716000001753;2;;2022-08-29 00:00:00;;;;
716000001225;RT716000000678;;FO716000001316;1;;2022-08-29 00:00:00;;;;
716000001226;RT716000000678;;FO716000001754;2;;2022-08-29 00:00:00;;;;
716000001227;RT716000000679;;FO716000001317;1;;2022-08-29 00:00:00;;;;
716000001228;RT716000000679;;FO716000001755;2;;2022-08-29 00:00:00;;;;
716000001229;RT716000000680;;FO716000001318;1;;2022-08-29 00:00:00;;;;
716000001230;RT716000000680;;FO716000001756;2;;2022-08-29 00:00:00;;;;
716000001231;RT716000000681;;FO716000001319;1;;2022-08-29 00:00:00;;;;
716000001232;RT716000000681;;FO716000001757;2;;2022-08-29 00:00:00;;;;
716000001233;RT716000000682;;FO716000001758;1;;2022-08-29 00:00:00;;;;
716000001234;RT716000000682;;FO716000001320;2;;2022-08-29 00:00:00;;;;
716000001235;RT716000000683;;FO716000001759;1;;2022-08-29 00:00:00;;;;
716000001236;RT716000000683;;FO716000001321;2;;2022-08-29 00:00:00;;;;
716000001237;RT716000000683;;FO716000001771;3;;2022-08-29 00:00:00;;;;
716000001238;RT716000000684;;FO716000001322;1;;2022-08-29 00:00:00;;;;
716000001239;RT716000000684;;FO716000001760;2;;2022-08-29 00:00:00;;;;
716000001240;RT716000000684;;FO716000001772;3;;2022-08-29 00:00:00;;;;
716000001241;RT716000000685;;FO716000001761;1;;2022-08-29 00:00:00;;;;
716000001242;RT716000000685;;FO716000001773;2;;2022-08-29 00:00:00;;;;
716000001243;RT716000000685;;FO716000001323;3;;2022-08-29 00:00:00;;;;
716000001244;RT716000000686;;FO716000001762;1;;2022-08-29 00:00:00;;;;
716000001245;RT716000000686;;FO716000001774;2;;2022-08-29 00:00:00;;;;
716000001246;RT716000000686;;FO716000001324;3;;2022-08-29 00:00:00;;;;
716000001247;RT716000000687;;FO716000001325;1;;2022-08-29 00:00:00;;;;
716000001248;RT716000000687;;FO716000001763;2;;2022-08-29 00:00:00;;;;
716000001249;RT716000000687;;FO716000001775;3;;2022-08-29 00:00:00;;;;
716000001250;RT716000000688;;FO716000001776;1;;2022-08-29 00:00:00;;;;
716000001251;RT716000000688;;FO716000001326;2;;2022-08-29 00:00:00;;;;
716000001252;RT716000000688;;FO716000001764;3;;2022-08-29 00:00:00;;;;
716000001253;RT716000000689;;FO716000001327;1;;2022-08-29 00:00:00;;;;
716000001254;RT716000000689;;FO716000001777;2;;2022-08-29 00:00:00;;;;
716000001255;RT716000000690;;FO716000001778;1;;2022-08-29 00:00:00;;;;
716000001256;RT716000000690;;FO716000001328;2;;2022-08-29 00:00:00;;;;
716000001257;RT716000000691;;FO716000001779;1;;2022-08-29 00:00:00;;;;
716000001258;RT716000000691;;FO716000001329;2;;2022-08-29 00:00:00;;;;
716000001259;RT716000000692;;FO716000001780;1;;2022-08-29 00:00:00;;;;
716000001260;RT716000000692;;FO716000001330;2;;2022-08-29 00:00:00;;;;
716000001261;RT716000000693;;FO716000001331;1;;2022-08-29 00:00:00;;;;
716000001262;RT716000000693;;FO716000001781;2;;2022-08-29 00:00:00;;;;
716000001263;RT716000000694;;FO716000001332;1;;2022-08-29 00:00:00;;;;
716000001264;RT716000000694;;FO716000001782;2;;2022-08-29 00:00:00;;;;
716000001265;RT716000000695;;FO716000001333;1;;2022-08-29 00:00:00;;;;
716000001266;RT716000000695;;FO716000001783;2;;2022-08-29 00:00:00;;;;
716000001267;RT716000000695;;FO716000001795;3;;2022-08-29 00:00:00;;;;
716000001268;RT716000000696;;FO716000001796;1;;2022-08-29 00:00:00;;;;
716000001269;RT716000000696;;FO716000001784;2;;2022-08-29 00:00:00;;;;
716000001270;RT716000000696;;FO716000001334;3;;2022-08-29 00:00:00;;;;
716000001271;RT716000000697;;FO716000001785;1;;2022-08-29 00:00:00;;;;
716000001272;RT716000000697;;FO716000001797;2;;2022-08-29 00:00:00;;;;
716000001273;RT716000000697;;FO716000001335;3;;2022-08-29 00:00:00;;;;
716000001274;RT716000000698;;FO716000001786;1;;2022-08-29 00:00:00;;;;
716000001275;RT716000000698;;FO716000001336;2;;2022-08-29 00:00:00;;;;
716000001276;RT716000000698;;FO716000001798;3;;2022-08-29 00:00:00;;;;
716000001277;RT716000000699;;FO716000001337;1;;2022-08-29 00:00:00;;;;
716000001278;RT716000000699;;FO716000001787;2;;2022-08-29 00:00:00;;;;
716000001279;RT716000000699;;FO716000001799;3;;2022-08-29 00:00:00;;;;
716000001280;RT716000000700;;FO716000001788;1;;2022-08-29 00:00:00;;;;
716000001281;RT716000000700;;FO716000001338;2;;2022-08-29 00:00:00;;;;
716000001282;RT716000000700;;FO716000001800;3;;2022-08-29 00:00:00;;;;
716000001283;RT716000000701;;FO716000001339;1;;2022-08-29 00:00:00;;;;
716000001284;RT716000000701;;FO716000001801;2;;2022-08-29 00:00:00;;;;
716000001285;RT716000000702;;FO716000001802;1;;2022-08-29 00:00:00;;;;
716000001286;RT716000000702;;FO716000001340;2;;2022-08-29 00:00:00;;;;
716000001287;RT716000000703;;FO716000001803;1;;2022-08-29 00:00:00;;;;
716000001288;RT716000000703;;FO716000001341;2;;2022-08-29 00:00:00;;;;
716000001289;RT716000000704;;FO716000001804;1;;2022-08-29 00:00:00;;;;
716000001290;RT716000000704;;FO716000001342;2;;2022-08-29 00:00:00;;;;
716000001291;RT716000000705;;FO716000001343;1;;2022-08-29 00:00:00;;;;
716000001292;RT716000000705;;FO716000001805;2;;2022-08-29 00:00:00;;;;
716000001293;RT716000000706;;FO716000001344;1;;2022-08-29 00:00:00;;;;
716000001294;RT716000000706;;FO716000001806;2;;2022-08-29 00:00:00;;;;
716000001295;RT716000000707;;FO716000001807;1;;2022-08-29 00:00:00;;;;
716000001296;RT716000000707;;FO716000001345;2;;2022-08-29 00:00:00;;;;
716000001297;RT716000000708;;FO716000001346;1;;2022-08-29 00:00:00;;;;
716000001298;RT716000000708;;FO716000001808;2;;2022-08-29 00:00:00;;;;
716000001299;RT716000000709;;FO716000001347;1;;2022-08-29 00:00:00;;;;
716000001300;RT716000000709;;FO716000001809;2;;2022-08-29 00:00:00;;;;
716000001301;RT716000000710;;FO716000001810;1;;2022-08-29 00:00:00;;;;
716000001302;RT716000000710;;FO716000001348;2;;2022-08-29 00:00:00;;;;
716000001303;RT716000000711;;FO716000001811;1;;2022-08-29 00:00:00;;;;
716000001304;RT716000000711;;FO716000001349;2;;2022-08-29 00:00:00;;;;
716000001305;RT716000000712;;FO716000001350;1;;2022-08-29 00:00:00;;;;
716000001306;RT716000000712;;FO716000001812;2;;2022-08-29 00:00:00;;;;
716000001307;RT716000000713;;FO716000001351;1;;2022-08-29 00:00:00;;;;
716000001308;RT716000000713;;FO716000001813;2;;2022-08-29 00:00:00;;;;
716000001309;RT716000000714;;FO716000001352;1;;2022-08-29 00:00:00;;;;
716000001310;RT716000000714;;FO716000001814;2;;2022-08-29 00:00:00;;;;
716000001311;RT716000000715;;FO716000001815;1;;2022-08-29 00:00:00;;;;
716000001312;RT716000000715;;FO716000001353;2;;2022-08-29 00:00:00;;;;
716000001313;RT716000000716;;FO716000001816;1;;2022-08-29 00:00:00;;;;
716000001314;RT716000000716;;FO716000001354;2;;2022-08-29 00:00:00;;;;
716000001315;RT716000000717;;FO716000001817;1;;2022-08-29 00:00:00;;;;
716000001316;RT716000000717;;FO716000001355;2;;2022-08-29 00:00:00;;;;
716000001317;RT716000000718;;FO716000001356;1;;2022-08-29 00:00:00;;;;
716000001318;RT716000000718;;FO716000001818;2;;2022-08-29 00:00:00;;;;
716000001319;RT716000000719;;FO716000001819;1;;2022-08-29 00:00:00;;;;
716000001320;RT716000000719;;FO716000002107;2;;2022-08-29 00:00:00;;;;
716000001321;RT716000000719;;FO716000001963;3;;2022-08-29 00:00:00;;;;
716000001322;RT716000000720;;FO716000001820;1;;2022-08-29 00:00:00;;;;
716000001323;RT716000000720;;FO716000001964;2;;2022-08-29 00:00:00;;;;
716000001324;RT716000000720;;FO716000002108;3;;2022-08-29 00:00:00;;;;
716000001325;RT716000000721;;FO716000001965;1;;2022-08-29 00:00:00;;;;
716000001326;RT716000000721;;FO716000001821;2;;2022-08-29 00:00:00;;;;
716000001327;RT716000000721;;FO716000002109;3;;2022-08-29 00:00:00;;;;
716000001328;RT716000000722;;FO716000002110;1;;2022-08-29 00:00:00;;;;
716000001329;RT716000000722;;FO716000001966;2;;2022-08-29 00:00:00;;;;
716000001330;RT716000000722;;FO716000001822;3;;2022-08-29 00:00:00;;;;
716000001331;RT716000000723;;FO716000001967;1;;2022-08-29 00:00:00;;;;
716000001332;RT716000000723;;FO716000001823;2;;2022-08-29 00:00:00;;;;
716000001333;RT716000000723;;FO716000002111;3;;2022-08-29 00:00:00;;;;
716000001334;RT716000000724;;FO716000001824;1;;2022-08-29 00:00:00;;;;
716000001335;RT716000000724;;FO716000002112;2;;2022-08-29 00:00:00;;;;
716000001336;RT716000000724;;FO716000001968;3;;2022-08-29 00:00:00;;;;
716000001337;RT716000000725;;FO716000001825;1;;2022-08-29 00:00:00;;;;
716000001338;RT716000000725;;FO716000001969;2;;2022-08-29 00:00:00;;;;
716000001339;RT716000000725;;FO716000002113;3;;2022-08-29 00:00:00;;;;
716000001340;RT716000000725;;FO716000002149;4;;2022-08-29 00:00:00;;;;
716000001341;RT716000000726;;FO716000002114;1;;2022-08-29 00:00:00;;;;
716000001342;RT716000000726;;FO716000002150;2;;2022-08-29 00:00:00;;;;
716000001343;RT716000000726;;FO716000001826;3;;2022-08-29 00:00:00;;;;
716000001344;RT716000000726;;FO716000001970;4;;2022-08-29 00:00:00;;;;
716000001345;RT716000000727;;FO716000002151;1;;2022-08-29 00:00:00;;;;
716000001346;RT716000000727;;FO716000002115;2;;2022-08-29 00:00:00;;;;
716000001347;RT716000000727;;FO716000001827;3;;2022-08-29 00:00:00;;;;
716000001348;RT716000000727;;FO716000001971;4;;2022-08-29 00:00:00;;;;
716000001349;RT716000000728;;FO716000001828;1;;2022-08-29 00:00:00;;;;
716000001350;RT716000000728;;FO716000001972;2;;2022-08-29 00:00:00;;;;
716000001351;RT716000000728;;FO716000002152;3;;2022-08-29 00:00:00;;;;
716000001352;RT716000000728;;FO716000002116;4;;2022-08-29 00:00:00;;;;
716000001353;RT716000000729;;FO716000002153;1;;2022-08-29 00:00:00;;;;
716000001354;RT716000000729;;FO716000001973;2;;2022-08-29 00:00:00;;;;
716000001355;RT716000000729;;FO716000002117;3;;2022-08-29 00:00:00;;;;
716000001356;RT716000000729;;FO716000001829;4;;2022-08-29 00:00:00;;;;
716000001357;RT716000000730;;FO716000002154;1;;2022-08-29 00:00:00;;;;
716000001358;RT716000000730;;FO716000002118;2;;2022-08-29 00:00:00;;;;
716000001359;RT716000000730;;FO716000001974;3;;2022-08-29 00:00:00;;;;
716000001360;RT716000000730;;FO716000001830;4;;2022-08-29 00:00:00;;;;
716000001361;RT716000000731;;FO716000002155;1;;2022-08-29 00:00:00;;;;
716000001362;RT716000000731;;FO716000001831;2;;2022-08-29 00:00:00;;;;
716000001363;RT716000000731;;FO716000002119;3;;2022-08-29 00:00:00;;;;
716000001364;RT716000000731;;FO716000002191;4;;2022-08-29 00:00:00;;;;
716000001365;RT716000000731;;FO716000001975;5;;2022-08-29 00:00:00;;;;
716000001366;RT716000000732;;FO716000002120;1;;2022-08-29 00:00:00;;;;
716000001367;RT716000000732;;FO716000001832;2;;2022-08-29 00:00:00;;;;
716000001368;RT716000000732;;FO716000002156;3;;2022-08-29 00:00:00;;;;
716000001369;RT716000000732;;FO716000002192;4;;2022-08-29 00:00:00;;;;
716000001370;RT716000000732;;FO716000001976;5;;2022-08-29 00:00:00;;;;
716000001371;RT716000000733;;FO716000002193;1;;2022-08-29 00:00:00;;;;
716000001372;RT716000000733;;FO716000002157;2;;2022-08-29 00:00:00;;;;
716000001373;RT716000000733;;FO716000001833;3;;2022-08-29 00:00:00;;;;
716000001374;RT716000000733;;FO716000002121;4;;2022-08-29 00:00:00;;;;
716000001375;RT716000000733;;FO716000001977;5;;2022-08-29 00:00:00;;;;
716000001376;RT716000000734;;FO716000002158;1;;2022-08-29 00:00:00;;;;
716000001377;RT716000000734;;FO716000001978;2;;2022-08-29 00:00:00;;;;
716000001378;RT716000000734;;FO716000001834;3;;2022-08-29 00:00:00;;;;
716000001379;RT716000000734;;FO716000002194;4;;2022-08-29 00:00:00;;;;
716000001380;RT716000000734;;FO716000002122;5;;2022-08-29 00:00:00;;;;
716000001381;RT716000000735;;FO716000001979;1;;2022-08-29 00:00:00;;;;
716000001382;RT716000000735;;FO716000002159;2;;2022-08-29 00:00:00;;;;
716000001383;RT716000000735;;FO716000001835;3;;2022-08-29 00:00:00;;;;
716000001384;RT716000000735;;FO716000002123;4;;2022-08-29 00:00:00;;;;
716000001385;RT716000000735;;FO716000002195;5;;2022-08-29 00:00:00;;;;
716000001386;RT716000000736;;FO716000002160;1;;2022-08-29 00:00:00;;;;
716000001387;RT716000000736;;FO716000002196;2;;2022-08-29 00:00:00;;;;
716000001388;RT716000000736;;FO716000001836;3;;2022-08-29 00:00:00;;;;
716000001389;RT716000000736;;FO716000002124;4;;2022-08-29 00:00:00;;;;
716000001390;RT716000000736;;FO716000001980;5;;2022-08-29 00:00:00;;;;
716000001391;RT716000000737;;FO716000002161;1;;2022-08-29 00:00:00;;;;
716000001392;RT716000000737;;FO716000002125;2;;2022-08-29 00:00:00;;;;
716000001393;RT716000000737;;FO716000001981;3;;2022-08-29 00:00:00;;;;
716000001394;RT716000000737;;FO716000002233;4;;2022-08-29 00:00:00;;;;
716000001395;RT716000000737;;FO716000001837;5;;2022-08-29 00:00:00;;;;
716000001396;RT716000000737;;FO716000002197;6;;2022-08-29 00:00:00;;;;
716000001397;RT716000000738;;FO716000002126;1;;2022-08-29 00:00:00;;;;
716000001398;RT716000000738;;FO716000001982;2;;2022-08-29 00:00:00;;;;
716000001399;RT716000000738;;FO716000001838;3;;2022-08-29 00:00:00;;;;
716000001400;RT716000000738;;FO716000002198;4;;2022-08-29 00:00:00;;;;
716000001401;RT716000000738;;FO716000002162;5;;2022-08-29 00:00:00;;;;
716000001402;RT716000000738;;FO716000002234;6;;2022-08-29 00:00:00;;;;
716000001403;RT716000000739;;FO716000002127;1;;2022-08-29 00:00:00;;;;
716000001404;RT716000000739;;FO716000002199;2;;2022-08-29 00:00:00;;;;
716000001405;RT716000000739;;FO716000001983;3;;2022-08-29 00:00:00;;;;
716000001406;RT716000000739;;FO716000001839;4;;2022-08-29 00:00:00;;;;
716000001407;RT716000000739;;FO716000002235;5;;2022-08-29 00:00:00;;;;
716000001408;RT716000000739;;FO716000002163;6;;2022-08-29 00:00:00;;;;
716000001409;RT716000000740;;FO716000001984;1;;2022-08-29 00:00:00;;;;
716000001410;RT716000000740;;FO716000002128;2;;2022-08-29 00:00:00;;;;
716000001411;RT716000000740;;FO716000001840;3;;2022-08-29 00:00:00;;;;
716000001412;RT716000000740;;FO716000002164;4;;2022-08-29 00:00:00;;;;
716000001413;RT716000000740;;FO716000002236;5;;2022-08-29 00:00:00;;;;
716000001414;RT716000000740;;FO716000002200;6;;2022-08-29 00:00:00;;;;
716000001415;RT716000000741;;FO716000001841;1;;2022-08-29 00:00:00;;;;
716000001416;RT716000000741;;FO716000002165;2;;2022-08-29 00:00:00;;;;
716000001417;RT716000000741;;FO716000002129;3;;2022-08-29 00:00:00;;;;
716000001418;RT716000000741;;FO716000002237;4;;2022-08-29 00:00:00;;;;
716000001419;RT716000000741;;FO716000002201;5;;2022-08-29 00:00:00;;;;
716000001420;RT716000000741;;FO716000001985;6;;2022-08-29 00:00:00;;;;
716000001421;RT716000000742;;FO716000002130;1;;2022-08-29 00:00:00;;;;
716000001422;RT716000000742;;FO716000002166;2;;2022-08-29 00:00:00;;;;
716000001423;RT716000000742;;FO716000002238;3;;2022-08-29 00:00:00;;;;
716000001424;RT716000000742;;FO716000002202;4;;2022-08-29 00:00:00;;;;
716000001425;RT716000000742;;FO716000001842;5;;2022-08-29 00:00:00;;;;
716000001426;RT716000000742;;FO716000001986;6;;2022-08-29 00:00:00;;;;
716000001427;RT716000000743;;FO716000002131;1;;2022-08-29 00:00:00;;;;
716000001428;RT716000000743;;FO716000002203;2;;2022-08-29 00:00:00;;;;
716000001429;RT716000000743;;FO716000002167;3;;2022-08-29 00:00:00;;;;
716000001430;RT716000000743;;FO716000002275;4;;2022-08-29 00:00:00;;;;
716000001431;RT716000000743;;FO716000001843;5;;2022-08-29 00:00:00;;;;
716000001432;RT716000000743;;FO716000002239;6;;2022-08-29 00:00:00;;;;
716000001433;RT716000000743;;FO716000001987;7;;2022-08-29 00:00:00;;;;
716000001434;RT716000000744;;FO716000002240;1;;2022-08-29 00:00:00;;;;
716000001435;RT716000000744;;FO716000002132;2;;2022-08-29 00:00:00;;;;
716000001436;RT716000000744;;FO716000001844;3;;2022-08-29 00:00:00;;;;
716000001437;RT716000000744;;FO716000002204;4;;2022-08-29 00:00:00;;;;
716000001438;RT716000000744;;FO716000002276;5;;2022-08-29 00:00:00;;;;
716000001439;RT716000000744;;FO716000002168;6;;2022-08-29 00:00:00;;;;
716000001440;RT716000000744;;FO716000001988;7;;2022-08-29 00:00:00;;;;
716000001441;RT716000000745;;FO716000002241;1;;2022-08-29 00:00:00;;;;
716000001442;RT716000000745;;FO716000001989;2;;2022-08-29 00:00:00;;;;
716000001443;RT716000000745;;FO716000002169;3;;2022-08-29 00:00:00;;;;
716000001444;RT716000000745;;FO716000002205;4;;2022-08-29 00:00:00;;;;
716000001445;RT716000000745;;FO716000002277;5;;2022-08-29 00:00:00;;;;
716000001446;RT716000000745;;FO716000002133;6;;2022-08-29 00:00:00;;;;
716000001447;RT716000000745;;FO716000001845;7;;2022-08-29 00:00:00;;;;
716000001448;RT716000000746;;FO716000002278;1;;2022-08-29 00:00:00;;;;
716000001449;RT716000000746;;FO716000002170;2;;2022-08-29 00:00:00;;;;
716000001450;RT716000000746;;FO716000001846;3;;2022-08-29 00:00:00;;;;
716000001451;RT716000000746;;FO716000002242;4;;2022-08-29 00:00:00;;;;
716000001452;RT716000000746;;FO716000002206;5;;2022-08-29 00:00:00;;;;
716000001453;RT716000000746;;FO716000002134;6;;2022-08-29 00:00:00;;;;
716000001454;RT716000000746;;FO716000001990;7;;2022-08-29 00:00:00;;;;
716000001455;RT716000000747;;FO716000002171;1;;2022-08-29 00:00:00;;;;
716000001456;RT716000000747;;FO716000002279;2;;2022-08-29 00:00:00;;;;
716000001457;RT716000000747;;FO716000002207;3;;2022-08-29 00:00:00;;;;
716000001458;RT716000000747;;FO716000002135;4;;2022-08-29 00:00:00;;;;
716000001459;RT716000000747;;FO716000001991;5;;2022-08-29 00:00:00;;;;
716000001460;RT716000000747;;FO716000002243;6;;2022-08-29 00:00:00;;;;
716000001461;RT716000000747;;FO716000001847;7;;2022-08-29 00:00:00;;;;
716000001462;RT716000000748;;FO716000002172;1;;2022-08-29 00:00:00;;;;
716000001463;RT716000000748;;FO716000002280;2;;2022-08-29 00:00:00;;;;
716000001464;RT716000000748;;FO716000002208;3;;2022-08-29 00:00:00;;;;
716000001465;RT716000000748;;FO716000002136;4;;2022-08-29 00:00:00;;;;
716000001466;RT716000000748;;FO716000001848;5;;2022-08-29 00:00:00;;;;
716000001467;RT716000000748;;FO716000002244;6;;2022-08-29 00:00:00;;;;
716000001468;RT716000000748;;FO716000001992;7;;2022-08-29 00:00:00;;;;
716000001469;RT716000000749;;FO716000001993;1;;2022-08-29 00:00:00;;;;
716000001470;RT716000000749;;FO716000002281;2;;2022-08-29 00:00:00;;;;
716000001471;RT716000000749;;FO716000002173;3;;2022-08-29 00:00:00;;;;
716000001472;RT716000000749;;FO716000002245;4;;2022-08-29 00:00:00;;;;
716000001473;RT716000000749;;FO716000002209;5;;2022-08-29 00:00:00;;;;
716000001474;RT716000000749;;FO716000001849;6;;2022-08-29 00:00:00;;;;
716000001475;RT716000000749;;FO716000002137;7;;2022-08-29 00:00:00;;;;
716000001476;RT716000000749;;FO716000002317;8;;2022-08-29 00:00:00;;;;
716000001477;RT716000000750;;FO716000001994;1;;2022-08-29 00:00:00;;;;
716000001478;RT716000000750;;FO716000002282;2;;2022-08-29 00:00:00;;;;
716000001479;RT716000000750;;FO716000002210;3;;2022-08-29 00:00:00;;;;
716000001480;RT716000000750;;FO716000002138;4;;2022-08-29 00:00:00;;;;
716000001481;RT716000000750;;FO716000002318;5;;2022-08-29 00:00:00;;;;
716000001482;RT716000000750;;FO716000001850;6;;2022-08-29 00:00:00;;;;
716000001483;RT716000000750;;FO716000002174;7;;2022-08-29 00:00:00;;;;
716000001484;RT716000000750;;FO716000002246;8;;2022-08-29 00:00:00;;;;
716000001485;RT716000000751;;FO716000002175;1;;2022-08-29 00:00:00;;;;
716000001486;RT716000000751;;FO716000001995;2;;2022-08-29 00:00:00;;;;
716000001487;RT716000000751;;FO716000002211;3;;2022-08-29 00:00:00;;;;
716000001488;RT716000000751;;FO716000002139;4;;2022-08-29 00:00:00;;;;
716000001489;RT716000000751;;FO716000002247;5;;2022-08-29 00:00:00;;;;
716000001490;RT716000000751;;FO716000002319;6;;2022-08-29 00:00:00;;;;
716000001491;RT716000000751;;FO716000001851;7;;2022-08-29 00:00:00;;;;
716000001492;RT716000000751;;FO716000002283;8;;2022-08-29 00:00:00;;;;
716000001493;RT716000000752;;FO716000002176;1;;2022-08-29 00:00:00;;;;
716000001494;RT716000000752;;FO716000001996;2;;2022-08-29 00:00:00;;;;
716000001495;RT716000000752;;FO716000002248;3;;2022-08-29 00:00:00;;;;
716000001496;RT716000000752;;FO716000002284;4;;2022-08-29 00:00:00;;;;
716000001497;RT716000000752;;FO716000002320;5;;2022-08-29 00:00:00;;;;
716000001498;RT716000000752;;FO716000002140;6;;2022-08-29 00:00:00;;;;
716000001499;RT716000000752;;FO716000002212;7;;2022-08-29 00:00:00;;;;
716000001500;RT716000000752;;FO716000001852;8;;2022-08-29 00:00:00;;;;
716000001501;RT716000000753;;FO716000001853;1;;2022-08-29 00:00:00;;;;
716000001502;RT716000000753;;FO716000002285;2;;2022-08-29 00:00:00;;;;
716000001503;RT716000000753;;FO716000002177;3;;2022-08-29 00:00:00;;;;
716000001504;RT716000000753;;FO716000002141;4;;2022-08-29 00:00:00;;;;
716000001505;RT716000000753;;FO716000001997;5;;2022-08-29 00:00:00;;;;
716000001506;RT716000000753;;FO716000002321;6;;2022-08-29 00:00:00;;;;
716000001507;RT716000000753;;FO716000002249;7;;2022-08-29 00:00:00;;;;
716000001508;RT716000000753;;FO716000002213;8;;2022-08-29 00:00:00;;;;
716000001509;RT716000000754;;FO716000002322;1;;2022-08-29 00:00:00;;;;
716000001510;RT716000000754;;FO716000001854;2;;2022-08-29 00:00:00;;;;
716000001511;RT716000000754;;FO716000002214;3;;2022-08-29 00:00:00;;;;
716000001512;RT716000000754;;FO716000002142;4;;2022-08-29 00:00:00;;;;
716000001513;RT716000000754;;FO716000002178;5;;2022-08-29 00:00:00;;;;
716000001514;RT716000000754;;FO716000001998;6;;2022-08-29 00:00:00;;;;
716000001515;RT716000000754;;FO716000002250;7;;2022-08-29 00:00:00;;;;
716000001516;RT716000000754;;FO716000002286;8;;2022-08-29 00:00:00;;;;
716000001517;RT716000000755;;FO716000001855;1;;2022-08-29 00:00:00;;;;
716000001518;RT716000000755;;FO716000001999;2;;2022-08-29 00:00:00;;;;
716000001519;RT716000000755;;FO716000002323;3;;2022-08-29 00:00:00;;;;
716000001520;RT716000000756;;FO716000001856;1;;2022-08-29 00:00:00;;;;
716000001521;RT716000000756;;FO716000002324;2;;2022-08-29 00:00:00;;;;
716000001522;RT716000000756;;FO716000002000;3;;2022-08-29 00:00:00;;;;
716000001523;RT716000000757;;FO716000002325;1;;2022-08-29 00:00:00;;;;
716000001524;RT716000000757;;FO716000001857;2;;2022-08-29 00:00:00;;;;
716000001525;RT716000000757;;FO716000002001;3;;2022-08-29 00:00:00;;;;
716000001526;RT716000000758;;FO716000001858;1;;2022-08-29 00:00:00;;;;
716000001527;RT716000000758;;FO716000002326;2;;2022-08-29 00:00:00;;;;
716000001528;RT716000000758;;FO716000002374;3;;2022-08-29 00:00:00;;;;
716000001529;RT716000000758;;FO716000002002;4;;2022-08-29 00:00:00;;;;
716000001530;RT716000000758;;FO716000002350;5;;2022-08-29 00:00:00;;;;
716000001531;RT716000000758;;FO716000002398;6;;2022-08-29 00:00:00;;;;
716000001532;RT716000000759;;FO716000002327;1;;2022-08-29 00:00:00;;;;
716000001533;RT716000000759;;FO716000002003;2;;2022-08-29 00:00:00;;;;
716000001534;RT716000000759;;FO716000002399;3;;2022-08-29 00:00:00;;;;
716000001535;RT716000000759;;FO716000002375;4;;2022-08-29 00:00:00;;;;
716000001536;RT716000000759;;FO716000002351;5;;2022-08-29 00:00:00;;;;
716000001537;RT716000000759;;FO716000001859;6;;2022-08-29 00:00:00;;;;
716000001538;RT716000000760;;FO716000002004;1;;2022-08-29 00:00:00;;;;
716000001539;RT716000000760;;FO716000002376;2;;2022-08-29 00:00:00;;;;
716000001540;RT716000000760;;FO716000002328;3;;2022-08-29 00:00:00;;;;
716000001541;RT716000000760;;FO716000002352;4;;2022-08-29 00:00:00;;;;
716000001542;RT716000000760;;FO716000001860;5;;2022-08-29 00:00:00;;;;
716000001543;RT716000000760;;FO716000002400;6;;2022-08-29 00:00:00;;;;
716000001544;RT716000000761;;FO716000002005;1;;2022-08-29 00:00:00;;;;
716000001545;RT716000000761;;FO716000002329;2;;2022-08-29 00:00:00;;;;
716000001546;RT716000000761;;FO716000002353;3;;2022-08-29 00:00:00;;;;
716000001547;RT716000000761;;FO716000001861;4;;2022-08-29 00:00:00;;;;
716000001548;RT716000000762;;FO716000002006;1;;2022-08-29 00:00:00;;;;
716000001549;RT716000000762;;FO716000001862;2;;2022-08-29 00:00:00;;;;
716000001550;RT716000000762;;FO716000002354;3;;2022-08-29 00:00:00;;;;
716000001551;RT716000000762;;FO716000002330;4;;2022-08-29 00:00:00;;;;
716000001552;RT716000000763;;FO716000002007;1;;2022-08-29 00:00:00;;;;
716000001553;RT716000000763;;FO716000001863;2;;2022-08-29 00:00:00;;;;
716000001554;RT716000000763;;FO716000002355;3;;2022-08-29 00:00:00;;;;
716000001555;RT716000000763;;FO716000002331;4;;2022-08-29 00:00:00;;;;
716000001556;RT716000000764;;FO716000002332;1;;2022-08-29 00:00:00;;;;
716000001557;RT716000000764;;FO716000002008;2;;2022-08-29 00:00:00;;;;
716000001558;RT716000000764;;FO716000002356;3;;2022-08-29 00:00:00;;;;
716000001559;RT716000000764;;FO716000001864;4;;2022-08-29 00:00:00;;;;
716000001560;RT716000000765;;FO716000002333;1;;2022-08-29 00:00:00;;;;
716000001561;RT716000000765;;FO716000002357;2;;2022-08-29 00:00:00;;;;
716000001562;RT716000000765;;FO716000002009;3;;2022-08-29 00:00:00;;;;
716000001563;RT716000000765;;FO716000001865;4;;2022-08-29 00:00:00;;;;
716000001564;RT716000000766;;FO716000002358;1;;2022-08-29 00:00:00;;;;
716000001565;RT716000000766;;FO716000002010;2;;2022-08-29 00:00:00;;;;
716000001566;RT716000000766;;FO716000002334;3;;2022-08-29 00:00:00;;;;
716000001567;RT716000000766;;FO716000001866;4;;2022-08-29 00:00:00;;;;
716000001568;RT716000000767;;FO716000002383;1;;2022-08-29 00:00:00;;;;
716000001569;RT716000000767;;FO716000002359;2;;2022-08-29 00:00:00;;;;
716000001570;RT716000000767;;FO716000001867;3;;2022-08-29 00:00:00;;;;
716000001571;RT716000000767;;FO716000002335;4;;2022-08-29 00:00:00;;;;
716000001572;RT716000000767;;FO716000002011;5;;2022-08-29 00:00:00;;;;
716000001573;RT716000000768;;FO716000002012;1;;2022-08-29 00:00:00;;;;
716000001574;RT716000000768;;FO716000001868;2;;2022-08-29 00:00:00;;;;
716000001575;RT716000000768;;FO716000002336;3;;2022-08-29 00:00:00;;;;
716000001576;RT716000000768;;FO716000002384;4;;2022-08-29 00:00:00;;;;
716000001577;RT716000000768;;FO716000002360;5;;2022-08-29 00:00:00;;;;
716000001578;RT716000000769;;FO716000002361;1;;2022-08-29 00:00:00;;;;
716000001579;RT716000000769;;FO716000002337;2;;2022-08-29 00:00:00;;;;
716000001580;RT716000000769;;FO716000002385;3;;2022-08-29 00:00:00;;;;
716000001581;RT716000000769;;FO716000002013;4;;2022-08-29 00:00:00;;;;
716000001582;RT716000000769;;FO716000001869;5;;2022-08-29 00:00:00;;;;
716000001583;RT716000000770;;FO716000002338;1;;2022-08-29 00:00:00;;;;
716000001584;RT716000000770;;FO716000002362;2;;2022-08-29 00:00:00;;;;
716000001585;RT716000000770;;FO716000002014;3;;2022-08-29 00:00:00;;;;
716000001586;RT716000000770;;FO716000001870;4;;2022-08-29 00:00:00;;;;
716000001587;RT716000000770;;FO716000002386;5;;2022-08-29 00:00:00;;;;
716000001588;RT716000000771;;FO716000002015;1;;2022-08-29 00:00:00;;;;
716000001589;RT716000000771;;FO716000001871;2;;2022-08-29 00:00:00;;;;
716000001590;RT716000000771;;FO716000002387;3;;2022-08-29 00:00:00;;;;
716000001591;RT716000000771;;FO716000002339;4;;2022-08-29 00:00:00;;;;
716000001592;RT716000000771;;FO716000002363;5;;2022-08-29 00:00:00;;;;
716000001593;RT716000000772;;FO716000002340;1;;2022-08-29 00:00:00;;;;
716000001594;RT716000000772;;FO716000002016;2;;2022-08-29 00:00:00;;;;
716000001595;RT716000000772;;FO716000001872;3;;2022-08-29 00:00:00;;;;
716000001596;RT716000000772;;FO716000002388;4;;2022-08-29 00:00:00;;;;
716000001597;RT716000000772;;FO716000002364;5;;2022-08-29 00:00:00;;;;
716000001598;RT716000000773;;FO716000002017;1;;2022-08-29 00:00:00;;;;
716000001599;RT716000000773;;FO716000001873;2;;2022-08-29 00:00:00;;;;
716000001600;RT716000000773;;FO716000002419;3;;2022-08-29 00:00:00;;;;
716000001601;RT716000000774;;FO716000001874;1;;2022-08-29 00:00:00;;;;
716000001602;RT716000000774;;FO716000002018;2;;2022-08-29 00:00:00;;;;
716000001603;RT716000000774;;FO716000002420;3;;2022-08-29 00:00:00;;;;
716000001604;RT716000000775;;FO716000002421;1;;2022-08-29 00:00:00;;;;
716000001605;RT716000000775;;FO716000001875;2;;2022-08-29 00:00:00;;;;
716000001606;RT716000000775;;FO716000002019;3;;2022-08-29 00:00:00;;;;
716000001607;RT716000000776;;FO716000002020;1;;2022-08-29 00:00:00;;;;
716000001608;RT716000000776;;FO716000002422;2;;2022-08-29 00:00:00;;;;
716000001609;RT716000000776;;FO716000001876;3;;2022-08-29 00:00:00;;;;
716000001610;RT716000000777;;FO716000001877;1;;2022-08-29 00:00:00;;;;
716000001611;RT716000000777;;FO716000002021;2;;2022-08-29 00:00:00;;;;
716000001612;RT716000000777;;FO716000002423;3;;2022-08-29 00:00:00;;;;
716000001613;RT716000000778;;FO716000001878;1;;2022-08-29 00:00:00;;;;
716000001614;RT716000000778;;FO716000002022;2;;2022-08-29 00:00:00;;;;
716000001615;RT716000000778;;FO716000002424;3;;2022-08-29 00:00:00;;;;
716000001616;RT716000000779;;FO716000001879;1;;2022-08-29 00:00:00;;;;
716000001617;RT716000000779;;FO716000002425;2;;2022-08-29 00:00:00;;;;
716000001618;RT716000000779;;FO716000002437;3;;2022-08-29 00:00:00;;;;
716000001619;RT716000000779;;FO716000002023;4;;2022-08-29 00:00:00;;;;
716000001620;RT716000000780;;FO716000002426;1;;2022-08-29 00:00:00;;;;
716000001621;RT716000000780;;FO716000001880;2;;2022-08-29 00:00:00;;;;
716000001622;RT716000000780;;FO716000002438;3;;2022-08-29 00:00:00;;;;
716000001623;RT716000000780;;FO716000002024;4;;2022-08-29 00:00:00;;;;
716000001624;RT716000000781;;FO716000001881;1;;2022-08-29 00:00:00;;;;
716000001625;RT716000000781;;FO716000002439;2;;2022-08-29 00:00:00;;;;
716000001626;RT716000000781;;FO716000002025;3;;2022-08-29 00:00:00;;;;
716000001627;RT716000000781;;FO716000002427;4;;2022-08-29 00:00:00;;;;
716000001628;RT716000000782;;FO716000001882;1;;2022-08-29 00:00:00;;;;
716000001629;RT716000000782;;FO716000002026;2;;2022-08-29 00:00:00;;;;
716000001630;RT716000000782;;FO716000002440;3;;2022-08-29 00:00:00;;;;
716000001631;RT716000000782;;FO716000002428;4;;2022-08-29 00:00:00;;;;
716000001632;RT716000000783;;FO716000002027;1;;2022-08-29 00:00:00;;;;
716000001633;RT716000000783;;FO716000002441;2;;2022-08-29 00:00:00;;;;
716000001634;RT716000000783;;FO716000002429;3;;2022-08-29 00:00:00;;;;
716000001635;RT716000000783;;FO716000001883;4;;2022-08-29 00:00:00;;;;
716000001636;RT716000000784;;FO716000002028;1;;2022-08-29 00:00:00;;;;
716000001637;RT716000000784;;FO716000001884;2;;2022-08-29 00:00:00;;;;
716000001638;RT716000000784;;FO716000002430;3;;2022-08-29 00:00:00;;;;
716000001639;RT716000000784;;FO716000002442;4;;2022-08-29 00:00:00;;;;
716000001640;RT716000000785;;FO716000002443;1;;2022-08-29 00:00:00;;;;
716000001641;RT716000000785;;FO716000002029;2;;2022-08-29 00:00:00;;;;
716000001642;RT716000000785;;FO716000001885;3;;2022-08-29 00:00:00;;;;
716000001643;RT716000000786;;FO716000002444;1;;2022-08-29 00:00:00;;;;
716000001644;RT716000000786;;FO716000002030;2;;2022-08-29 00:00:00;;;;
716000001645;RT716000000786;;FO716000001886;3;;2022-08-29 00:00:00;;;;
716000001646;RT716000000787;;FO716000002031;1;;2022-08-29 00:00:00;;;;
716000001647;RT716000000787;;FO716000002445;2;;2022-08-29 00:00:00;;;;
716000001648;RT716000000787;;FO716000001887;3;;2022-08-29 00:00:00;;;;
716000001649;RT716000000788;;FO716000002032;1;;2022-08-29 00:00:00;;;;
716000001650;RT716000000788;;FO716000002446;2;;2022-08-29 00:00:00;;;;
716000001651;RT716000000788;;FO716000001888;3;;2022-08-29 00:00:00;;;;
716000001652;RT716000000789;;FO716000002033;1;;2022-08-29 00:00:00;;;;
716000001653;RT716000000789;;FO716000002447;2;;2022-08-29 00:00:00;;;;
716000001654;RT716000000789;;FO716000001889;3;;2022-08-29 00:00:00;;;;
716000001655;RT716000000790;;FO716000002034;1;;2022-08-29 00:00:00;;;;
716000001656;RT716000000790;;FO716000002448;2;;2022-08-29 00:00:00;;;;
716000001657;RT716000000790;;FO716000001890;3;;2022-08-29 00:00:00;;;;
716000001658;RT716000000791;;FO716000002449;1;;2022-08-29 00:00:00;;;;
716000001659;RT716000000791;;FO716000002035;2;;2022-08-29 00:00:00;;;;
716000001660;RT716000000791;;FO716000001891;3;;2022-08-29 00:00:00;;;;
716000001661;RT716000000792;;FO716000001892;1;;2022-08-29 00:00:00;;;;
716000001662;RT716000000792;;FO716000002450;2;;2022-08-29 00:00:00;;;;
716000001663;RT716000000792;;FO716000002036;3;;2022-08-29 00:00:00;;;;
716000001664;RT716000000793;;FO716000002037;1;;2022-08-29 00:00:00;;;;
716000001665;RT716000000793;;FO716000002451;2;;2022-08-29 00:00:00;;;;
716000001666;RT716000000793;;FO716000001893;3;;2022-08-29 00:00:00;;;;
716000001667;RT716000000794;;FO716000001894;1;;2022-08-29 00:00:00;;;;
716000001668;RT716000000794;;FO716000002452;2;;2022-08-29 00:00:00;;;;
716000001669;RT716000000794;;FO716000002038;3;;2022-08-29 00:00:00;;;;
716000001670;RT716000000795;;FO716000002453;1;;2022-08-29 00:00:00;;;;
716000001671;RT716000000795;;FO716000002039;2;;2022-08-29 00:00:00;;;;
716000001672;RT716000000795;;FO716000001895;3;;2022-08-29 00:00:00;;;;
716000001673;RT716000000796;;FO716000001896;1;;2022-08-29 00:00:00;;;;
716000001674;RT716000000796;;FO716000002454;2;;2022-08-29 00:00:00;;;;
716000001675;RT716000000796;;FO716000002040;3;;2022-08-29 00:00:00;;;;
716000001676;RT716000000797;;FO716000002455;1;;2022-08-29 00:00:00;;;;
716000001677;RT716000000797;;FO716000001897;2;;2022-08-29 00:00:00;;;;
716000001678;RT716000000798;;FO716000001898;1;;2022-08-29 00:00:00;;;;
716000001679;RT716000000798;;FO716000002456;2;;2022-08-29 00:00:00;;;;
716000001680;RT716000000799;;FO716000002457;1;;2022-08-29 00:00:00;;;;
716000001681;RT716000000799;;FO716000001899;2;;2022-08-29 00:00:00;;;;
716000001682;RT716000000800;;FO716000001900;1;;2022-08-29 00:00:00;;;;
716000001683;RT716000000800;;FO716000002458;2;;2022-08-29 00:00:00;;;;
716000001684;RT716000000801;;FO716000002459;1;;2022-08-29 00:00:00;;;;
716000001685;RT716000000801;;FO716000001901;2;;2022-08-29 00:00:00;;;;
716000001686;RT716000000802;;FO716000001902;1;;2022-08-29 00:00:00;;;;
716000001687;RT716000000802;;FO716000002460;2;;2022-08-29 00:00:00;;;;
716000001688;RT716000000803;;FO716000002461;1;;2022-08-29 00:00:00;;;;
716000001689;RT716000000803;;FO716000001903;2;;2022-08-29 00:00:00;;;;
716000001690;RT716000000803;;FO716000002485;3;;2022-08-29 00:00:00;;;;
716000001691;RT716000000804;;FO716000001904;1;;2022-08-29 00:00:00;;;;
716000001692;RT716000000804;;FO716000002486;2;;2022-08-29 00:00:00;;;;
716000001693;RT716000000804;;FO716000002462;3;;2022-08-29 00:00:00;;;;
716000001694;RT716000000805;;FO716000001905;1;;2022-08-29 00:00:00;;;;
716000001695;RT716000000805;;FO716000002487;2;;2022-08-29 00:00:00;;;;
716000001696;RT716000000805;;FO716000002463;3;;2022-08-29 00:00:00;;;;
716000001697;RT716000000806;;FO716000002488;1;;2022-08-29 00:00:00;;;;
716000001698;RT716000000806;;FO716000001906;2;;2022-08-29 00:00:00;;;;
716000001699;RT716000000806;;FO716000002464;3;;2022-08-29 00:00:00;;;;
716000001700;RT716000000807;;FO716000002465;1;;2022-08-29 00:00:00;;;;
716000001701;RT716000000807;;FO716000001907;2;;2022-08-29 00:00:00;;;;
716000001702;RT716000000807;;FO716000002489;3;;2022-08-29 00:00:00;;;;
716000001703;RT716000000808;;FO716000002466;1;;2022-08-29 00:00:00;;;;
716000001704;RT716000000808;;FO716000001908;2;;2022-08-29 00:00:00;;;;
716000001705;RT716000000808;;FO716000002490;3;;2022-08-29 00:00:00;;;;
716000001706;RT716000000809;;FO716000002515;1;;2022-08-29 00:00:00;;;;
716000001707;RT716000000809;;FO716000002491;2;;2022-08-29 00:00:00;;;;
716000001708;RT716000000809;;FO716000001909;3;;2022-08-29 00:00:00;;;;
716000001709;RT716000000809;;FO716000002467;4;;2022-08-29 00:00:00;;;;
716000001710;RT716000000810;;FO716000001910;1;;2022-08-29 00:00:00;;;;
716000001711;RT716000000810;;FO716000002468;2;;2022-08-29 00:00:00;;;;
716000001712;RT716000000810;;FO716000002492;3;;2022-08-29 00:00:00;;;;
716000001713;RT716000000810;;FO716000002516;4;;2022-08-29 00:00:00;;;;
716000001714;RT716000000811;;FO716000002517;1;;2022-08-29 00:00:00;;;;
716000001715;RT716000000811;;FO716000001911;2;;2022-08-29 00:00:00;;;;
716000001716;RT716000000811;;FO716000002493;3;;2022-08-29 00:00:00;;;;
716000001717;RT716000000811;;FO716000002469;4;;2022-08-29 00:00:00;;;;
716000001718;RT716000000812;;FO716000002518;1;;2022-08-29 00:00:00;;;;
716000001719;RT716000000812;;FO716000001912;2;;2022-08-29 00:00:00;;;;
716000001720;RT716000000812;;FO716000002470;3;;2022-08-29 00:00:00;;;;
716000001721;RT716000000812;;FO716000002494;4;;2022-08-29 00:00:00;;;;
716000001722;RT716000000813;;FO716000002519;1;;2022-08-29 00:00:00;;;;
716000001723;RT716000000813;;FO716000001913;2;;2022-08-29 00:00:00;;;;
716000001724;RT716000000813;;FO716000002495;3;;2022-08-29 00:00:00;;;;
716000001725;RT716000000813;;FO716000002471;4;;2022-08-29 00:00:00;;;;
716000001726;RT716000000814;;FO716000002520;1;;2022-08-29 00:00:00;;;;
716000001727;RT716000000814;;FO716000002472;2;;2022-08-29 00:00:00;;;;
716000001728;RT716000000814;;FO716000001914;3;;2022-08-29 00:00:00;;;;
716000001729;RT716000000814;;FO716000002496;4;;2022-08-29 00:00:00;;;;
716000001730;RT716000000815;;FO716000001915;1;;2022-08-29 00:00:00;;;;
716000001731;RT716000000815;;FO716000002527;2;;2022-08-29 00:00:00;;;;
716000001732;RT716000000816;;FO716000002528;1;;2022-08-29 00:00:00;;;;
716000001733;RT716000000816;;FO716000001916;2;;2022-08-29 00:00:00;;;;
716000001734;RT716000000817;;FO716000002529;1;;2022-08-29 00:00:00;;;;
716000001735;RT716000000817;;FO716000001917;2;;2022-08-29 00:00:00;;;;
716000001736;RT716000000818;;FO716000002530;1;;2022-08-29 00:00:00;;;;
716000001737;RT716000000818;;FO716000001918;2;;2022-08-29 00:00:00;;;;
716000001738;RT716000000819;;FO716000002531;1;;2022-08-29 00:00:00;;;;
716000001739;RT716000000819;;FO716000001919;2;;2022-08-29 00:00:00;;;;
716000001740;RT716000000820;;FO716000002532;1;;2022-08-29 00:00:00;;;;
716000001741;RT716000000820;;FO716000001920;2;;2022-08-29 00:00:00;;;;
716000001742;RT716000000821;;FO716000001921;1;;2022-08-29 00:00:00;;;;
716000001743;RT716000000821;;FO716000002533;2;;2022-08-29 00:00:00;;;;
716000001744;RT716000000822;;FO716000002534;1;;2022-08-29 00:00:00;;;;
716000001745;RT716000000822;;FO716000001922;2;;2022-08-29 00:00:00;;;;
716000001746;RT716000000823;;FO716000002535;1;;2022-08-29 00:00:00;;;;
716000001747;RT716000000823;;FO716000001923;2;;2022-08-29 00:00:00;;;;
716000001748;RT716000000824;;FO716000001924;1;;2022-08-29 00:00:00;;;;
716000001749;RT716000000824;;FO716000002536;2;;2022-08-29 00:00:00;;;;
716000001750;RT716000000825;;FO716000001925;1;;2022-08-29 00:00:00;;;;
716000001751;RT716000000825;;FO716000002537;2;;2022-08-29 00:00:00;;;;
716000001752;RT716000000826;;FO716000001926;1;;2022-08-29 00:00:00;;;;
716000001753;RT716000000826;;FO716000002538;2;;2022-08-29 00:00:00;;;;
716000001754;RT716000000827;;FO716000002539;1;;2022-08-29 00:00:00;;;;
716000001755;RT716000000827;;FO716000001927;2;;2022-08-29 00:00:00;;;;
716000001756;RT716000000828;;FO716000001928;1;;2022-08-29 00:00:00;;;;
716000001757;RT716000000828;;FO716000002540;2;;2022-08-29 00:00:00;;;;
716000001758;RT716000000829;;FO716000001929;1;;2022-08-29 00:00:00;;;;
716000001759;RT716000000829;;FO716000002541;2;;2022-08-29 00:00:00;;;;
716000001760;RT716000000830;;FO716000002542;1;;2022-08-29 00:00:00;;;;
716000001761;RT716000000830;;FO716000001930;2;;2022-08-29 00:00:00;;;;
716000001762;RT716000000831;;FO716000002543;1;;2022-08-29 00:00:00;;;;
716000001763;RT716000000831;;FO716000001931;2;;2022-08-29 00:00:00;;;;
716000001764;RT716000000832;;FO716000001932;1;;2022-08-29 00:00:00;;;;
716000001765;RT716000000832;;FO716000002544;2;;2022-08-29 00:00:00;;;;
716000001766;RT716000000833;;FO716000002545;1;;2022-08-29 00:00:00;;;;
716000001767;RT716000000833;;FO716000001933;2;;2022-08-29 00:00:00;;;;
716000001768;RT716000000834;;FO716000002546;1;;2022-08-29 00:00:00;;;;
716000001769;RT716000000834;;FO716000001934;2;;2022-08-29 00:00:00;;;;
716000001770;RT716000000835;;FO716000002547;1;;2022-08-29 00:00:00;;;;
716000001771;RT716000000835;;FO716000001935;2;;2022-08-29 00:00:00;;;;
716000001772;RT716000000836;;FO716000002548;1;;2022-08-29 00:00:00;;;;
716000001773;RT716000000836;;FO716000001936;2;;2022-08-29 00:00:00;;;;
716000001774;RT716000000837;;FO716000002549;1;;2022-08-29 00:00:00;;;;
716000001775;RT716000000837;;FO716000001937;2;;2022-08-29 00:00:00;;;;
716000001776;RT716000000838;;FO716000001938;1;;2022-08-29 00:00:00;;;;
716000001777;RT716000000838;;FO716000002550;2;;2022-08-29 00:00:00;;;;
716000001778;RT716000000839;;FO716000002587;1;;2022-08-29 00:00:00;;;;
716000001779;RT716000000839;;FO716000002551;2;;2022-08-29 00:00:00;;;;
716000001780;RT716000000840;;FO716000002552;1;;2022-08-29 00:00:00;;;;
716000001781;RT716000000840;;FO716000002624;2;;2022-08-29 00:00:00;;;;
716000001782;RT716000000840;;FO716000002588;3;;2022-08-29 00:00:00;;;;
716000001783;RT716000000841;;FO716000002553;1;;2022-08-29 00:00:00;;;;
716000001784;RT716000000841;;FO716000002589;2;;2022-08-29 00:00:00;;;;
716000001785;RT716000000841;;FO716000002625;3;;2022-08-29 00:00:00;;;;
716000001786;RT716000000842;;FO716000002590;1;;2022-08-29 00:00:00;;;;
716000001787;RT716000000842;;FO716000002626;2;;2022-08-29 00:00:00;;;;
716000001788;RT716000000842;;FO716000002554;3;;2022-08-29 00:00:00;;;;
716000001789;RT716000000843;;FO716000002627;1;;2022-08-29 00:00:00;;;;
716000001790;RT716000000843;;FO716000002591;2;;2022-08-29 00:00:00;;;;
716000001791;RT716000000843;;FO716000002555;3;;2022-08-29 00:00:00;;;;
716000001792;RT716000000844;;FO716000002592;1;;2022-08-29 00:00:00;;;;
716000001793;RT716000000844;;FO716000002628;2;;2022-08-29 00:00:00;;;;
716000001794;RT716000000844;;FO716000002556;3;;2022-08-29 00:00:00;;;;
716000001795;RT716000000845;;FO716000002629;1;;2022-08-29 00:00:00;;;;
716000001796;RT716000000845;;FO716000002557;2;;2022-08-29 00:00:00;;;;
716000001797;RT716000000845;;FO716000002593;3;;2022-08-29 00:00:00;;;;
716000001798;RT716000000845;;FO716000002665;4;;2022-08-29 00:00:00;;;;
716000001799;RT716000000846;;FO716000002666;1;;2022-08-29 00:00:00;;;;
716000001800;RT716000000846;;FO716000002558;2;;2022-08-29 00:00:00;;;;
716000001801;RT716000000846;;FO716000002594;3;;2022-08-29 00:00:00;;;;
716000001802;RT716000000846;;FO716000002630;4;;2022-08-29 00:00:00;;;;
716000001803;RT716000000847;;FO716000002667;1;;2022-08-29 00:00:00;;;;
716000001804;RT716000000847;;FO716000002631;2;;2022-08-29 00:00:00;;;;
716000001805;RT716000000847;;FO716000002559;3;;2022-08-29 00:00:00;;;;
716000001806;RT716000000847;;FO716000002595;4;;2022-08-29 00:00:00;;;;
716000001807;RT716000000848;;FO716000002560;1;;2022-08-29 00:00:00;;;;
716000001808;RT716000000848;;FO716000002596;2;;2022-08-29 00:00:00;;;;
716000001809;RT716000000848;;FO716000002632;3;;2022-08-29 00:00:00;;;;
716000001810;RT716000000848;;FO716000002668;4;;2022-08-29 00:00:00;;;;
716000001811;RT716000000849;;FO716000002561;1;;2022-08-29 00:00:00;;;;
716000001812;RT716000000849;;FO716000002669;2;;2022-08-29 00:00:00;;;;
716000001813;RT716000000849;;FO716000002597;3;;2022-08-29 00:00:00;;;;
716000001814;RT716000000849;;FO716000002633;4;;2022-08-29 00:00:00;;;;
716000001815;RT716000000850;;FO716000002562;1;;2022-08-29 00:00:00;;;;
716000001816;RT716000000850;;FO716000002598;2;;2022-08-29 00:00:00;;;;
716000001817;RT716000000850;;FO716000002634;3;;2022-08-29 00:00:00;;;;
716000001818;RT716000000850;;FO716000002670;4;;2022-08-29 00:00:00;;;;
716000001819;RT716000000851;;FO716000002707;1;;2022-08-29 00:00:00;;;;
716000001820;RT716000000851;;FO716000002563;2;;2022-08-29 00:00:00;;;;
716000001821;RT716000000851;;FO716000002635;3;;2022-08-29 00:00:00;;;;
716000001822;RT716000000851;;FO716000002671;4;;2022-08-29 00:00:00;;;;
716000001823;RT716000000851;;FO716000002599;5;;2022-08-29 00:00:00;;;;
716000001824;RT716000000852;;FO716000002600;1;;2022-08-29 00:00:00;;;;
716000001825;RT716000000852;;FO716000002636;2;;2022-08-29 00:00:00;;;;
716000001826;RT716000000852;;FO716000002708;3;;2022-08-29 00:00:00;;;;
716000001827;RT716000000852;;FO716000002564;4;;2022-08-29 00:00:00;;;;
716000001828;RT716000000852;;FO716000002672;5;;2022-08-29 00:00:00;;;;
716000001829;RT716000000853;;FO716000002637;1;;2022-08-29 00:00:00;;;;
716000001830;RT716000000853;;FO716000002709;2;;2022-08-29 00:00:00;;;;
716000001831;RT716000000853;;FO716000002673;3;;2022-08-29 00:00:00;;;;
716000001832;RT716000000853;;FO716000002601;4;;2022-08-29 00:00:00;;;;
716000001833;RT716000000853;;FO716000002565;5;;2022-08-29 00:00:00;;;;
716000001834;RT716000000854;;FO716000002638;1;;2022-08-29 00:00:00;;;;
716000001835;RT716000000854;;FO716000002710;2;;2022-08-29 00:00:00;;;;
716000001836;RT716000000854;;FO716000002566;3;;2022-08-29 00:00:00;;;;
716000001837;RT716000000854;;FO716000002674;4;;2022-08-29 00:00:00;;;;
716000001838;RT716000000854;;FO716000002602;5;;2022-08-29 00:00:00;;;;
716000001839;RT716000000855;;FO716000002567;1;;2022-08-29 00:00:00;;;;
716000001840;RT716000000855;;FO716000002711;2;;2022-08-29 00:00:00;;;;
716000001841;RT716000000855;;FO716000002639;3;;2022-08-29 00:00:00;;;;
716000001842;RT716000000855;;FO716000002675;4;;2022-08-29 00:00:00;;;;
716000001843;RT716000000855;;FO716000002603;5;;2022-08-29 00:00:00;;;;
716000001844;RT716000000856;;FO716000002568;1;;2022-08-29 00:00:00;;;;
716000001845;RT716000000856;;FO716000002712;2;;2022-08-29 00:00:00;;;;
716000001846;RT716000000856;;FO716000002676;3;;2022-08-29 00:00:00;;;;
716000001847;RT716000000856;;FO716000002640;4;;2022-08-29 00:00:00;;;;
716000001848;RT716000000856;;FO716000002604;5;;2022-08-29 00:00:00;;;;
716000001849;RT716000000857;;FO716000002569;1;;2022-08-29 00:00:00;;;;
716000001850;RT716000000857;;FO716000002605;2;;2022-08-29 00:00:00;;;;
716000001851;RT716000000857;;FO716000002713;3;;2022-08-29 00:00:00;;;;
716000001852;RT716000000857;;FO716000002641;4;;2022-08-29 00:00:00;;;;
716000001853;RT716000000857;;FO716000002677;5;;2022-08-29 00:00:00;;;;
716000001854;RT716000000857;;FO716000002749;6;;2022-08-29 00:00:00;;;;
716000001855;RT716000000858;;FO716000002606;1;;2022-08-29 00:00:00;;;;
716000001856;RT716000000858;;FO716000002714;2;;2022-08-29 00:00:00;;;;
716000001857;RT716000000858;;FO716000002750;3;;2022-08-29 00:00:00;;;;
716000001858;RT716000000858;;FO716000002570;4;;2022-08-29 00:00:00;;;;
716000001859;RT716000000858;;FO716000002642;5;;2022-08-29 00:00:00;;;;
716000001860;RT716000000858;;FO716000002678;6;;2022-08-29 00:00:00;;;;
716000001861;RT716000000859;;FO716000002787;1;;2022-08-29 00:00:00;;;;
716000001862;RT716000000859;;FO716000002607;2;;2022-08-29 00:00:00;;;;
716000001863;RT716000000859;;FO716000002571;3;;2022-08-29 00:00:00;;;;
716000001864;RT716000000859;;FO716000002643;4;;2022-08-29 00:00:00;;;;
716000001865;RT716000000859;;FO716000002715;5;;2022-08-29 00:00:00;;;;
716000001866;RT716000000859;;FO716000002751;6;;2022-08-29 00:00:00;;;;
716000001867;RT716000000859;;FO716000002679;7;;2022-08-29 00:00:00;;;;
716000001868;RT716000000860;;FO716000002644;1;;2022-08-29 00:00:00;;;;
716000001869;RT716000000860;;FO716000002788;2;;2022-08-29 00:00:00;;;;
716000001870;RT716000000860;;FO716000002716;3;;2022-08-29 00:00:00;;;;
716000001871;RT716000000860;;FO716000002680;4;;2022-08-29 00:00:00;;;;
716000001872;RT716000000860;;FO716000002572;5;;2022-08-29 00:00:00;;;;
716000001873;RT716000000860;;FO716000002752;6;;2022-08-29 00:00:00;;;;
716000001874;RT716000000860;;FO716000002608;7;;2022-08-29 00:00:00;;;;
716000001875;RT716000000861;;FO716000002753;1;;2022-08-29 00:00:00;;;;
716000001876;RT716000000861;;FO716000002681;2;;2022-08-29 00:00:00;;;;
716000001877;RT716000000861;;FO716000002717;3;;2022-08-29 00:00:00;;;;
716000001878;RT716000000861;;FO716000002645;4;;2022-08-29 00:00:00;;;;
716000001879;RT716000000861;;FO716000002609;5;;2022-08-29 00:00:00;;;;
716000001880;RT716000000861;;FO716000002573;6;;2022-08-29 00:00:00;;;;
716000001881;RT716000000861;;FO716000002789;7;;2022-08-29 00:00:00;;;;
716000001882;RT716000000862;;FO716000002754;1;;2022-08-29 00:00:00;;;;
716000001883;RT716000000862;;FO716000002610;2;;2022-08-29 00:00:00;;;;
716000001884;RT716000000862;;FO716000002646;3;;2022-08-29 00:00:00;;;;
716000001885;RT716000000862;;FO716000002682;4;;2022-08-29 00:00:00;;;;
716000001886;RT716000000862;;FO716000002574;5;;2022-08-29 00:00:00;;;;
716000001887;RT716000000862;;FO716000002790;6;;2022-08-29 00:00:00;;;;
716000001888;RT716000000862;;FO716000002718;7;;2022-08-29 00:00:00;;;;
716000001889;RT716000000863;;FO716000002575;1;;2022-08-29 00:00:00;;;;
716000001890;RT716000000863;;FO716000002647;2;;2022-08-29 00:00:00;;;;
716000001891;RT716000000863;;FO716000002755;3;;2022-08-29 00:00:00;;;;
716000001892;RT716000000863;;FO716000002791;4;;2022-08-29 00:00:00;;;;
716000001893;RT716000000863;;FO716000002683;5;;2022-08-29 00:00:00;;;;
716000001894;RT716000000863;;FO716000002719;6;;2022-08-29 00:00:00;;;;
716000001895;RT716000000863;;FO716000002827;7;;2022-08-29 00:00:00;;;;
716000001896;RT716000000863;;FO716000002611;8;;2022-08-29 00:00:00;;;;
716000001897;RT716000000864;;FO716000002792;1;;2022-08-29 00:00:00;;;;
716000001898;RT716000000864;;FO716000002720;2;;2022-08-29 00:00:00;;;;
716000001899;RT716000000864;;FO716000002828;3;;2022-08-29 00:00:00;;;;
716000001900;RT716000000864;;FO716000002576;4;;2022-08-29 00:00:00;;;;
716000001901;RT716000000864;;FO716000002684;5;;2022-08-29 00:00:00;;;;
716000001902;RT716000000864;;FO716000002612;6;;2022-08-29 00:00:00;;;;
716000001903;RT716000000864;;FO716000002756;7;;2022-08-29 00:00:00;;;;
716000001904;RT716000000864;;FO716000002648;8;;2022-08-29 00:00:00;;;;
716000001905;RT716000000865;;FO716000002721;1;;2022-08-29 00:00:00;;;;
716000001906;RT716000000865;;FO716000002649;2;;2022-08-29 00:00:00;;;;
716000001907;RT716000000865;;FO716000002685;3;;2022-08-29 00:00:00;;;;
716000001908;RT716000000865;;FO716000002757;4;;2022-08-29 00:00:00;;;;
716000001909;RT716000000865;;FO716000002829;5;;2022-08-29 00:00:00;;;;
716000001910;RT716000000865;;FO716000002793;6;;2022-08-29 00:00:00;;;;
716000001911;RT716000000865;;FO716000002613;7;;2022-08-29 00:00:00;;;;
716000001912;RT716000000865;;FO716000002577;8;;2022-08-29 00:00:00;;;;
716000001913;RT716000000866;;FO716000002578;1;;2022-08-29 00:00:00;;;;
716000001914;RT716000000866;;FO716000002722;2;;2022-08-29 00:00:00;;;;
716000001915;RT716000000866;;FO716000002650;3;;2022-08-29 00:00:00;;;;
716000001916;RT716000000866;;FO716000002794;4;;2022-08-29 00:00:00;;;;
716000001917;RT716000000866;;FO716000002614;5;;2022-08-29 00:00:00;;;;
716000001918;RT716000000866;;FO716000002830;6;;2022-08-29 00:00:00;;;;
716000001919;RT716000000866;;FO716000002758;7;;2022-08-29 00:00:00;;;;
716000001920;RT716000000866;;FO716000002686;8;;2022-08-29 00:00:00;;;;
716000001921;RT716000000866;;FO716000002866;9;;2022-08-29 00:00:00;;;;
716000001922;RT716000000867;;FO716000002723;1;;2022-08-29 00:00:00;;;;
716000001923;RT716000000867;;FO716000002651;2;;2022-08-29 00:00:00;;;;
716000001924;RT716000000867;;FO716000002831;3;;2022-08-29 00:00:00;;;;
716000001925;RT716000000867;;FO716000002759;4;;2022-08-29 00:00:00;;;;
716000001926;RT716000000867;;FO716000002615;5;;2022-08-29 00:00:00;;;;
716000001927;RT716000000867;;FO716000002687;6;;2022-08-29 00:00:00;;;;
716000001928;RT716000000867;;FO716000002795;7;;2022-08-29 00:00:00;;;;
716000001929;RT716000000867;;FO716000002579;8;;2022-08-29 00:00:00;;;;
716000001930;RT716000000867;;FO716000002867;9;;2022-08-29 00:00:00;;;;
716000001931;RT716000000868;;FO716000002616;1;;2022-08-29 00:00:00;;;;
716000001932;RT716000000868;;FO716000002868;2;;2022-08-29 00:00:00;;;;
716000001933;RT716000000868;;FO716000002832;3;;2022-08-29 00:00:00;;;;
716000001934;RT716000000868;;FO716000002688;4;;2022-08-29 00:00:00;;;;
716000001935;RT716000000868;;FO716000002652;5;;2022-08-29 00:00:00;;;;
716000001936;RT716000000868;;FO716000002580;6;;2022-08-29 00:00:00;;;;
716000001937;RT716000000868;;FO716000002796;7;;2022-08-29 00:00:00;;;;
716000001938;RT716000000868;;FO716000002760;8;;2022-08-29 00:00:00;;;;
716000001939;RT716000000868;;FO716000002724;9;;2022-08-29 00:00:00;;;;
716000001940;RT716000000869;;FO716000002581;1;;2022-08-29 00:00:00;;;;
716000001941;RT716000000869;;FO716000002875;2;;2022-08-29 00:00:00;;;;
716000001942;RT716000000870;;FO716000002582;1;;2022-08-29 00:00:00;;;;
716000001943;RT716000000870;;FO716000002876;2;;2022-08-29 00:00:00;;;;
716000001944;RT716000000871;;FO716000002583;1;;2022-08-29 00:00:00;;;;
716000001945;RT716000000871;;FO716000002877;2;;2022-08-29 00:00:00;;;;
716000001946;RT716000000872;;FO716000002878;1;;2022-08-29 00:00:00;;;;
716000001947;RT716000000872;;FO716000002584;2;;2022-08-29 00:00:00;;;;
716000001948;RT716000000873;;FO716000002585;1;;2022-08-29 00:00:00;;;;
716000001949;RT716000000873;;FO716000002879;2;;2022-08-29 00:00:00;;;;
716000001950;RT716000000874;;FO716000002586;1;;2022-08-29 00:00:00;;;;
716000001951;RT716000000874;;FO716000002880;2;;2022-08-29 00:00:00;;;;
